指数代码,指数简称,指数全称,基日,基点,指数系列,样本数量,最新收盘,近一个月收益率,资产类别,指数热点,指数币种,合作指数,跟踪产品,指数合规,指数类别,发布时间
000300,沪深300,沪深300指数,2004-12-31,1000.0,中证系列指数,300,4598.32,-6.95,股票,,人民币,否,是,IOSCO,规模,2005-04-08
000510,中证A500,中证A500指数,2004-12-31,1000.0,中证系列指数,500,5622.82,-9.60,股票,,人民币,否,是,无,规模,2024-09-23
000802,500沪市,中证500沪市指数,2004-12-31,1000.0,中证系列指数,280,7642.92,-10.16,股票,,人民币,否,否,无,主题,2011-11-08
000814,细分医药,中证细分医药产业主题指数,2004-12-31,1000.0,中证系列指数,50,8553.24,16.85,股票,,人民币,否,是,无,主题,2012-04-11
000819,有色金属,中证申万有色金属指数,2004-12-31,1000.0,中证系列指数,50,7899.22,-20.11,股票,,人民币,是,是,无,行业,2012-05-09
000827,中证环保,中证环保产业指数,2011-12-30,1000.0,中证系列指数,100,1614.39,-17.06,股票,绿色,人民币,否,是,无,主题,2012-09-25
000852,中证1000,中证1000指数,2004-12-31,1000.0,中证系列指数,1000,6965.38,-20.59,股票,,人民币,否,是,IOSCO,规模,2014-10-17
000901,小康指数,中证南方小康产业指数,2005-12-30,1000.0,中证系列指数,100,5843.30,0.46,股票,Smart Beta,人民币,是,是,无,主题,2010-04-02
000903,中证A100,中证A100指数,2005-12-30,1000.0,中证系列指数,100,4517.13,-6.08,股票,,人民币,否,是,IOSCO,规模,2006-05-29
000905,中证500,中证小盘500指数,2004-12-31,1000.0,中证系列指数,500,7411.31,-14.55,股票,,人民币,否,是,IOSCO,规模,2007-01-15
000906,中证800,中证800指数,2004-12-31,1000.0,中证系列指数,800,5075.96,-9.07,股票,,人民币,否,是,IOSCO,规模,2007-01-15
000913,300医药,沪深300医药卫生指数,2004-12-31,1000.0,中证系列指数,19,8122.22,15.80,股票,,人民币,否,是,IOSCO,行业,2007-07-02
000914,300金融,沪深300金融地产指数,2004-12-31,1000.0,中证系列指数,54,6085.97,5.49,股票,,人民币,否,是,无,主题,2007-07-02
000928,800能源,中证能源指数,2004-12-31,1000.0,中证系列指数,24,3292.11,2.99,股票,,人民币,否,是,IOSCO,行业,2009-07-03
000932,800消费,中证主要消费指数,2004-12-31,1000.0,中证系列指数,36,12752.63,7.78,股票,,人民币,否,是,IOSCO,行业,2009-07-03
000933,800医卫,中证医药卫生指数,2004-12-31,1000.0,中证系列指数,70,7992.96,13.99,股票,,人民币,否,是,IOSCO,行业,2009-07-03
000934,800金地,中证金融地产指数,2004-12-31,1000.0,中证系列指数,94,5688.27,5.31,股票,,人民币,否,是,无,主题,2009-07-03
000935,800信息,中证信息技术指数,2004-12-31,1000.0,中证系列指数,137,7800.07,-17.58,股票,,人民币,否,是,IOSCO,行业,2009-07-03
000982,500等权,中证500等权重指数,2004-12-31,1000.0,中证系列指数,500,8832.76,-9.48,股票,,人民币,否,是,无,策略,2011-06-13
000986,全指能源,中证全指能源指数,2004-12-31,1000.0,中证系列指数,50,2593.06,2.70,股票,,人民币,否,是,IOSCO,行业,2011-08-02
000987,全指材料,中证全指原材料指数,2004-12-31,1000.0,中证系列指数,158,4447.83,-16.72,股票,,人民币,否,是,IOSCO,行业,2011-08-02
000989,全指可选,中证全指可选消费指数,2004-12-31,1000.0,中证系列指数,140,4568.00,-4.81,股票,,人民币,否,是,IOSCO,行业,2011-08-02
000991,全指医药,中证全指医药卫生指数,2004-12-31,1000.0,中证系列指数,119,8612.75,13.36,股票,,人民币,否,是,IOSCO,行业,2011-08-02
000992,金融地产,中证全指金融地产指数,2004-12-31,1000.0,中证系列指数,129,5428.38,4.81,股票,,人民币,否,是,无,主题,2011-08-02
000993,全指信息,中证全指信息技术指数,2004-12-31,1000.0,中证系列指数,148,10308.17,-18.26,股票,,人民币,否,是,IOSCO,行业,2011-08-02
399707,CSSW证券,中证申万证券行业指数,1999-12-31,1000.0,中证系列指数,50,5994.93,6.21,股票,,人民币,是,是,无,行业,2015-04-16
399802,500深市,中证500深市指数,2004-12-31,1000.0,中证系列指数,220,6812.22,-18.82,股票,,人民币,否,否,无,主题,2012-09-05
399803,工业4.0,中证工业4.0指数,2012-06-29,1000.0,中证系列指数,80,5920.75,-18.10,股票,,人民币,否,是,无,主题,2015-02-13
399804,中证体育,中证体育产业指数,2012-06-29,1000.0,中证系列指数,42,1636.37,-2.47,股票,,人民币,否,是,无,主题,2015-02-09
399805,互联金融,中证互联网金融指数,2012-06-29,1000.0,中证系列指数,63,2680.87,-6.53,股票,,人民币,否,否,无,主题,2015-02-10
399806,环境治理,中证环境治理指数,2011-12-30,1000.0,中证系列指数,50,1186.42,-15.04,股票,绿色,人民币,否,是,无,主题,2014-07-21
399807,高铁产业,中证高铁产业指数,2012-12-31,1000.0,中证系列指数,42,1102.77,-1.80,股票,,人民币,否,是,无,主题,2015-01-20
399808,中证新能,中证新能源指数,2011-12-31,1000.0,中证系列指数,80,2267.37,-22.85,股票,绿色,人民币,否,是,无,主题,2015-02-10
399809,保险主题,中证方正富邦保险主题指数,2011-12-31,1000.0,中证系列指数,18,2231.00,9.13,股票,,人民币,是,是,无,主题,2015-02-13
399810,CSSW传媒,中证申万传媒行业投资指数,2004-12-31,1000.0,中证系列指数,94,2427.25,-3.90,股票,,人民币,是,否,无,行业,2015-08-03
399811,CSSW电子,中证申万电子行业投资指数,2004-12-31,1000.0,中证系列指数,60,7458.68,-20.48,股票,,人民币,是,是,无,行业,2015-08-03
399812,养老产业,中证养老产业指数,2004-12-31,1000.0,中证系列指数,80,5357.02,6.86,股票,,人民币,否,是,无,主题,2014-06-06
399813,中证国安,中证国防安全指数,2008-12-31,1000.0,中证系列指数,147,6110.11,-15.69,股票,,人民币,否,否,无,主题,2015-01-29
399814,大农业,中证大农业指数,2013-12-31,1000.0,中证系列指数,50,1039.57,2.37,股票,,人民币,否,是,无,主题,2014-07-22
399959,军工指数,中证中航军工主题指数,2011-06-30,1000.0,中证系列指数,40,1456.20,-13.83,股票,,人民币,是,是,无,主题,2011-08-30
399965,800地产,中证800地产指数,2004-12-31,1000.0,中证系列指数,9,1963.88,0.09,股票,,人民币,否,是,IOSCO,行业,2012-12-21
399966,800证保,中证800证券保险指数,2004-12-31,1000.0,中证系列指数,49,5858.91,6.99,股票,,人民币,否,是,无,主题,2012-12-21
399967,中证军工,中证军工指数,2004-12-31,1000.0,中证系列指数,80,10724.57,-18.35,股票,,人民币,否,是,无,主题,2013-12-26
399970,移动互联,中证移动互联网指数,2012-06-29,1000.0,中证系列指数,100,4959.32,-11.98,股票,,人民币,否,是,无,主题,2014-05-05
399971,中证传媒,中证传媒指数,2010-12-31,1000.0,中证系列指数,50,1164.82,-4.93,股票,,人民币,否,是,无,主题,2014-04-15
399972,300深市,沪深300深市指数,2004-12-31,1000.0,中证系列指数,111,5920.15,-12.66,股票,,人民币,否,否,无,主题,2012-06-21
399973,中证国防,中证国防指数,2011-06-30,1000.0,中证系列指数,50,1435.09,-19.77,股票,,人民币,否,是,无,主题,2014-04-15
399974,国企改革,中证国有企业改革指数,2014-03-31,1000.0,中证系列指数,100,1919.56,-4.20,股票,国企改革,人民币,否,是,无,主题,2014-08-07
399975,证券公司,中证全指证券公司指数,2007-06-29,1000.0,中证系列指数,49,781.63,6.22,股票,,人民币,否,是,无,行业,2013-07-15
399976,CS新能车,中证新能源汽车指数,2011-12-31,1000.0,中证系列指数,50,3600.93,-21.37,股票,绿色,人民币,否,是,无,主题,2014-11-28
399983,地产等权,沪深300地产等权重指数,2004-12-31,1000.0,中证系列指数,3,1440.11,0.63,股票,,人民币,否,是,无,策略,2013-11-22
399986,中证银行,中证银行指数,2004-12-31,1000.0,中证系列指数,42,7227.49,4.14,股票,,人民币,否,是,无,行业,2013-07-15
399987,中证酒,中证酒指数,2008-12-31,1000.0,中证系列指数,26,3934.08,5.30,股票,,人民币,否,是,无,主题,2014-12-10
399989,中证医疗,中证医疗指数,2004-12-31,1000.0,中证系列指数,50,6432.10,9.96,股票,,人民币,否,是,无,主题,2014-10-31
399990,煤炭等权,中证煤炭等权指数,2008-12-31,1000.0,中证系列指数,31,3294.21,1.19,股票,,人民币,否,是,无,策略,2015-01-21
399991,一带一路,中证一带一路主题指数,2012-12-31,1000.0,中证系列指数,94,3159.89,-14.48,股票,,人民币,否,是,无,主题,2015-02-16
399992,CSWD并购,中证万得并购重组指数,2011-12-30,1000.0,中证系列指数,100,1821.72,-17.53,股票,,人民币,是,是,无,主题,2015-05-08
399993,CSWD生科,中证万得生物科技指数,2009-12-31,1000.0,中证系列指数,100,2484.60,13.59,股票,,人民币,是,是,无,主题,2015-05-08
399994,信息安全,中证信息安全主题指数,2010-12-31,1000.0,中证系列指数,60,1576.38,-4.97,股票,,人民币,否,是,无,主题,2015-03-12
399995,基建工程,中证基建工程指数,2004-12-31,1000.0,中证系列指数,50,3475.28,-8.89,股票,,人民币,否,是,IOSCO,行业,2015-03-12
399996,智能家居,中证智能家居指数,2012-06-29,1000.0,中证系列指数,100,4671.02,-15.65,股票,,人民币,否,是,无,主题,2014-09-17
399997,中证白酒,中证白酒指数,2008-12-31,1000.0,中证系列指数,17,6661.64,5.15,股票,,人民币,否,是,无,主题,2015-01-21
399998,中证煤炭,中证煤炭指数,2008-12-31,1000.0,中证系列指数,31,2296.21,3.53,股票,,人民币,否,是,IOSCO,行业,2015-02-13
931800,绿色生态,中证绿色生态主题指数,2015-12-31,1000.0,中证系列指数,50,1680.12,-13.54,股票,绿色,人民币,是,否,无,主题,2015-10-21
932047,中证REITs全收益,中证REITs全收益指数,2021-09-30,1000.0,中证系列指数,51,964.16,-0.41,基金,,人民币,否,是,无,-,2022-12-15
000801,资源80,中证资源80指数,2004-12-31,1000.0,中证系列指数,80,4807.89,-12.36,股票,,人民币,否,否,无,主题,2011-11-08
000803,300波动,沪深300波动率加权指数,2004-12-31,1000.0,中证系列指数,100,8132.02,4.95,股票,Smart Beta,人民币,否,否,无,策略,2012-01-09
000804,500波动,中证500波动率加权指数,2004-12-31,1000.0,中证系列指数,100,16024.97,3.54,股票,Smart Beta,人民币,否,否,无,策略,2012-01-09
000805,A股资源,中证A股资源产业指数,2004-12-31,1000.0,中证系列指数,50,6720.29,-15.96,股票,,人民币,否,是,无,主题,2012-01-06
000806,消费服务,中证消费服务领先指数,2004-12-31,1000.0,中证系列指数,100,7841.16,4.97,股票,,人民币,否,是,无,主题,2012-02-10
000807,食品饮料,中证申万食品饮料指数,2004-12-31,1000.0,中证系列指数,50,15431.52,4.78,股票,,人民币,是,是,无,行业,2012-02-17
000808,医药生物,中证申万医药生物指数,2004-12-31,1000.0,中证系列指数,100,8235.92,14.24,股票,,人民币,是,是,无,行业,2012-02-17
000811,细分有色,中证细分有色金属产业主题指数,2004-12-31,1000.0,中证系列指数,50,9527.39,-18.36,股票,,人民币,否,是,无,主题,2012-04-11
000812,细分机械,中证细分机械设备产业主题指数,2004-12-31,1000.0,中证系列指数,50,6567.57,-15.69,股票,,人民币,否,是,无,主题,2012-04-11
000813,细分化工,中证细分化工产业主题指数,2004-12-31,1000.0,中证系列指数,50,3417.13,-12.00,股票,,人民币,否,是,无,主题,2012-04-11
000815,细分食品,中证细分食品饮料产业主题指数,2004-12-31,1000.0,中证系列指数,50,15790.64,5.47,股票,,人民币,否,是,无,主题,2012-04-11
000816,细分地产,中证细分房地产产业主题指数,2004-12-31,1000.0,中证系列指数,48,2106.35,-8.69,股票,,人民币,否,否,无,主题,2012-04-11
000818,细分金融,中证细分金融产业主题指数,2004-12-31,1000.0,中证系列指数,50,6724.12,5.58,股票,,人民币,否,否,无,主题,2012-04-11
000820,煤炭指数,中证申万煤炭指数,2004-12-31,1000.0,中证系列指数,25,4877.36,3.69,股票,,人民币,是,否,无,行业,2012-05-09
000821,300红利,沪深300红利指数,2004-12-31,1000.0,中证系列指数,50,6598.58,4.84,股票,红利/高股息,人民币,否,是,无,策略,2012-07-20
000822,500红利,中证500红利指数,2004-12-31,1000.0,中证系列指数,50,9990.83,-2.10,股票,红利/高股息,人民币,否,否,无,策略,2012-07-20
000824,国企红利,中证国有企业红利指数,2009-06-30,1000.0,中证系列指数,100,2130.37,3.16,股票,红利/高股息,人民币,否,是,无,策略,2012-07-20
000825,央企红利,中证中央企业红利指数,2008-12-31,1000.0,中证系列指数,50,3370.41,4.25,股票,红利/高股息,人民币,否,是,无,策略,2012-07-20
000826,民企红利,中证民营企业红利指数,2009-06-30,1000.0,中证系列指数,50,4341.01,-3.89,股票,红利/高股息,人民币,否,否,无,策略,2012-07-20
000828,300高贝,沪深300高贝塔指数,2004-12-31,1000.0,中证系列指数,100,3105.17,-15.21,股票,Smart Beta,人民币,否,否,无,策略,2012-08-06
000829,300低贝,沪深300低贝塔指数,2004-12-31,1000.0,中证系列指数,100,6504.83,9.44,股票,低风险,人民币,否,否,无,策略,2012-08-06
000830,500高贝,中证500高贝塔指数,2004-12-31,1000.0,中证系列指数,150,6871.34,-21.35,股票,Smart Beta,人民币,否,否,无,策略,2012-08-06
000831,500低贝,中证500低贝塔指数,2004-12-31,1000.0,中证系列指数,150,12107.83,3.10,股票,低风险,人民币,否,否,无,策略,2012-08-06
000832,中证转债,中证可转换债券指数,2002-12-31,100.0,中证系列指数,298,492.88,-2.91,固定收益,,人民币,否,否,无,可转债,2012-09-12
000838,创业价值,中证创业价值指数,2009-12-31,1000.0,中证系列指数,100,2365.72,1.79,股票,,人民币,否,否,无,主题,2012-09-26
000839,浙企综指,中证浙江企业综合指数,2004-12-31,1000.0,中证系列指数,699,7687.60,-15.02,股票,区域,人民币,否,否,无,主题,2012-11-09
000840,浙江民企,中证浙江民营企业指数,2004-12-31,1000.0,中证系列指数,566,8740.84,-16.76,股票,区域,人民币,否,否,无,主题,2012-11-09
000841,800医药,中证800制药与生物科技指数,2004-12-31,1000.0,中证系列指数,48,8602.81,17.25,股票,,人民币,否,是,无,行业,2012-12-21
000842,800等权,中证800等权重指数,2004-12-31,1000.0,中证系列指数,800,6871.17,-7.49,股票,,人民币,否,否,无,策略,2012-12-21
000843,300动态,沪深300动态指数,2004-12-31,1000.0,中证系列指数,150,3427.86,-14.53,股票,Smart Beta,人民币,否,否,无,策略,2013-01-07
000844,300稳定,沪深300稳定指数,2004-12-31,1000.0,中证系列指数,150,5360.14,2.89,股票,低风险,人民币,否,否,无,策略,2013-01-07
000846,ESG 100,中证财通中国可持续发展100（ECPI ESG)指数,2011-06-30,1000.0,中证系列指数,100,1327.20,-2.08,股票,绿色,人民币,是,是,无,主题,2012-10-16
000855,央视500,央视财经500指数,2009-12-31,1000.0,中证系列指数,500,1581.64,-3.32,股票,,人民币,是,否,无,主题,2014-11-03
000859,国企一带一路,中证国企一带一路指数,2013-12-31,1000.0,中证系列指数,100,1751.35,-6.65,股票,国企改革,人民币,是,是,无,主题,2019-05-16
000860,结构调整,中证央企结构调整指数,2014-12-31,1000.0,中证系列指数,100,1207.81,-7.56,股票,国企改革,人民币,是,是,无,主题,2018-03-26
000861,央企创新,中证央企创新驱动指数,2012-12-31,1000.0,中证系列指数,100,2543.41,-6.44,股票,国企改革,人民币,是,是,无,主题,2019-05-16
000891,新兴综指,中国战略新兴产业综合指数,2010-12-31,1000.0,中证系列指数,2098,1933.76,-18.58,股票,,人民币,否,否,无,主题,2017-01-25
000902,中证流通,中证流通指数,2005-12-30,1000.0,中证系列指数,5171,5986.73,-13.24,股票,,人民币,否,否,无,综合,2006-02-27
000904,中证200,中证中盘200指数,2004-12-31,1000.0,中证系列指数,200,5597.24,-12.15,股票,,人民币,否,是,无,规模,2007-01-15
000907,中证700,中证中小盘700指数,2004-12-31,1000.0,中证系列指数,700,6420.91,-13.38,股票,,人民币,否,否,无,规模,2007-01-15
000908,300能源,沪深300能源指数,2004-12-31,1000.0,中证系列指数,8,2501.35,3.66,股票,,人民币,否,否,IOSCO,行业,2007-07-02
000909,300材料,沪深300原材料指数,2004-12-31,1000.0,中证系列指数,34,3478.86,-12.51,股票,,人民币,否,否,IOSCO,行业,2007-07-02
000910,300工业,沪深300工业指数,2004-12-31,1000.0,中证系列指数,68,2246.58,-8.90,股票,,人民币,否,否,IOSCO,行业,2007-07-02
000911,300可选,沪深300可选消费指数,2004-12-31,1000.0,中证系列指数,16,5604.37,2.83,股票,,人民币,否,否,IOSCO,行业,2007-07-02
000912,300消费,沪深300主要消费指数,2004-12-31,1000.0,中证系列指数,16,18170.40,9.65,股票,,人民币,否,否,IOSCO,行业,2007-07-02
000915,300信息,沪深300信息技术指数,2004-12-31,1000.0,中证系列指数,53,3990.63,-17.72,股票,,人民币,否,否,IOSCO,行业,2007-07-02
000916,300通信,沪深300通信服务指数,2004-12-31,1000.0,中证系列指数,19,8174.84,-18.07,股票,,人民币,否,否,IOSCO,行业,2007-07-02
000917,300公用,沪深300公用事业指数,2004-12-31,1000.0,中证系列指数,13,2549.86,4.46,股票,,人民币,否,否,IOSCO,行业,2007-07-02
000918,300成长,沪深300成长指数,2004-12-31,1000.0,中证系列指数,100,5305.09,-11.63,股票,,人民币,否,是,无,风格,2008-01-21
000919,300价值,沪深300价值指数,2004-12-31,1000.0,中证系列指数,100,5033.99,4.16,股票,,人民币,否,是,无,风格,2008-01-21
000920,300R成长,沪深 300 相对成长指数,2004-12-31,1000.0,中证系列指数,174,4398.02,-15.14,股票,,人民币,否,否,无,风格,2008-01-21
000921,300R价值,沪深 300 相对价值指数,2004-12-31,1000.0,中证系列指数,220,4213.22,2.70,股票,,人民币,否,否,无,风格,2008-01-21
000922,中证红利,中证红利指数,2004-12-31,1000.0,中证系列指数,100,5450.51,2.52,股票,红利/高股息,人民币,否,是,无,策略,2008-05-26
000923,公司债指,中证公司债指数,2007-12-31,100.0,中证系列指数,5757,258.52,0.22,固定收益,,人民币,否,否,无,信用债,2008-11-19
000925,基本面50,中证锐联基本面50指数,2004-12-31,1000.0,中证系列指数,50,4265.31,4.16,股票,Smart Beta,人民币,否,是,无,策略,2009-02-26
000926,中证央企,中证中央企业综合指数,2008-12-31,1000.0,中证系列指数,448,2249.58,-5.51,股票,国企改革,人民币,否,否,无,主题,2009-03-30
000927,央企100,中证中央企业100 指数,2008-12-31,1000.0,中证系列指数,100,1956.42,-1.59,股票,国企改革,人民币,否,否,无,主题,2009-03-30
000929,800材料,中证原材料指数,2004-12-31,1000.0,中证系列指数,101,3935.61,-14.75,股票,,人民币,否,否,IOSCO,行业,2009-07-03
000930,800工业,中证工业指数,2004-12-31,1000.0,中证系列指数,196,3114.91,-12.76,股票,,人民币,否,否,IOSCO,行业,2009-07-03
000931,800可选,中证可选消费指数,2004-12-31,1000.0,中证系列指数,55,5086.71,-3.38,股票,,人民币,否,否,IOSCO,行业,2009-07-03
000936,800通信,中证通信服务指数,2004-12-31,1000.0,中证系列指数,50,12401.47,-19.11,股票,,人民币,否,是,IOSCO,行业,2009-07-03
000937,800公用,中证公用事业指数,2004-12-31,1000.0,中证系列指数,37,2583.15,-1.30,股票,,人民币,否,否,IOSCO,行业,2009-07-03
000938,中证民企,中证民营企业综合指数,2009-06-30,1000.0,中证系列指数,3302,2652.78,-19.00,股票,,人民币,否,否,无,主题,2009-08-25
000940,财富大盘,中证财富大盘指数,2004-12-31,1000.0,中证系列指数,300,5893.34,1.33,股票,Smart Beta,人民币,否,否,无,策略,2009-09-25
000941,新能源,中证内地新能源主题指数,2008-12-31,1000.0,中证系列指数,50,2117.45,-22.39,股票,绿色,人民币,否,是,无,主题,2009-10-28
000942,内地消费,中证内地消费主题指数,2004-12-31,1000.0,中证系列指数,50,8661.48,4.47,股票,,人民币,否,否,无,主题,2009-10-28
000943,新基建50,中证新型基础设施建设50指数,2014-12-31,1000.0,中证系列指数,50,2704.30,-17.91,股票,,人民币,否,否,无,主题,2009-10-28
000944,内地资源,中证内地资源主题指数,2004-12-31,1000.0,中证系列指数,50,4878.91,-13.48,股票,,人民币,否,是,无,主题,2009-10-28
000945,内地运输,中证内地运输主题指数,2004-12-31,1000.0,中证系列指数,34,1346.65,0.39,股票,,人民币,否,是,无,主题,2009-10-28
000947,内地银行,中证内地银行主题指数,2004-12-31,1000.0,中证系列指数,29,7017.84,4.14,股票,,人民币,否,否,无,主题,2009-10-28
000948,内地地产,中证内地地产主题指数,2004-12-31,1000.0,中证系列指数,9,1921.56,0.09,股票,,人民币,否,是,无,主题,2009-10-28
000949,中证农业,中证农业主题指数,2004-12-31,1000.0,中证系列指数,49,4897.11,5.39,股票,,人民币,否,是,无,主题,2009-10-28
000950,300基建,沪深300基建主题指数,2004-12-31,1000.0,中证系列指数,30,1932.75,2.24,股票,,人民币,否,否,无,主题,2009-10-28
000951,300银行,沪深300银行指数,2004-12-31,1000.0,中证系列指数,24,6827.59,4.23,股票,,人民币,否,否,无,行业,2009-10-28
000952,300地产,沪深300房地产指数,2004-12-31,1000.0,中证系列指数,3,1776.08,0.56,股票,,人民币,否,否,无,行业,2009-10-28
000953,中证地企,中证地方国有企业综合指数,2009-06-30,1000.0,中证系列指数,995,1605.91,-6.98,股票,国企改革,人民币,否,否,无,主题,2010-02-09
000954,地企100,中证地方国有企业100指数,2009-06-30,1000.0,中证系列指数,100,1559.59,-3.16,股票,国企改革,人民币,否,否,无,主题,2010-02-09
000955,中证国企,中证国有企业综合指数,2009-06-30,1000.0,中证系列指数,1443,1498.70,-6.34,股票,国企改革,人民币,否,否,无,主题,2010-02-09
000956,国企200,中证国有企业200指数,2009-06-30,1000.0,中证系列指数,200,1357.66,-2.29,股票,国企改革,人民币,否,否,无,主题,2010-02-09
000957,300运输,沪深300运输指数,2004-12-31,1000.0,中证系列指数,18,1122.55,0.15,股票,,人民币,否,否,IOSCO,行业,2010-03-17
000958,创业成长,中证创业成长指数,2009-12-31,1000.0,中证系列指数,100,1778.00,-23.53,股票,,人民币,否,否,无,主题,2010-03-24
000959,银河99,中证银河99指数,2004-12-31,1000.0,中证系列指数,99,7708.66,2.84,股票,,人民币,是,否,无,主题,2010-02-09
000961,中证上游,中证上游资源产业指数,2004-12-31,1000.0,中证系列指数,50,4672.32,-13.47,股票,,人民币,否,是,无,主题,2010-04-16
000962,中证中游,中证中游制造产业指数,2004-12-31,1000.0,中证系列指数,250,5273.98,-17.14,股票,,人民币,否,否,无,主题,2010-04-16
000963,中证下游,中证下游消费与服务产业指数,2004-12-31,1000.0,中证系列指数,200,5109.00,5.06,股票,,人民币,否,否,无,主题,2010-04-16
000964,中证新兴,中证新兴产业指数,2004-12-31,1000.0,中证系列指数,100,12012.38,-15.39,股票,,人民币,否,是,无,主题,2010-04-30
000965,基本200,中证锐联基本面200指数,2004-12-31,1000.0,中证系列指数,200,5164.02,2.53,股票,Smart Beta,人民币,否,否,无,策略,2010-06-02
000966,基本400,中证锐联基本面400指数,2004-12-31,1000.0,中证系列指数,400,8874.85,-6.62,股票,Smart Beta,人民币,否,否,无,策略,2010-06-02
000967,基本600,中证锐联基本面600指数,2004-12-31,1000.0,中证系列指数,600,6158.14,0.21,股票,Smart Beta,人民币,否,否,无,策略,2010-06-02
000968,300周期,沪深300周期行业指数,2004-12-31,1000.0,中证系列指数,103,4077.82,0.35,股票,,人民币,否,否,无,主题,2010-05-28
000969,300非周,沪深300非周期行业指数,2004-12-31,1000.0,中证系列指数,197,5577.40,-9.99,股票,,人民币,否,是,无,主题,2010-05-28
000970,ESG 40,中证ECPI ESG可持续发展40指数,2010-06-30,1000.0,中证系列指数,40,1744.00,1.26,股票,绿色,人民币,是,否,无,主题,2010-09-17
000971,等权90,中证等权重90指数,2003-12-31,1000.0,中证系列指数,90,3300.86,-4.58,股票,,人民币,是,是,无,策略,2010-12-02
000972,300沪市,沪深300沪市指数,2004-12-31,1000.0,中证系列指数,189,4093.57,-2.63,股票,,人民币,否,否,无,主题,2010-12-02
000975,钱江30,中证钱江30指数,2009-12-31,1000.0,中证系列指数,30,1367.30,-3.98,股票,区域,人民币,否,否,无,主题,2014-01-02
000977,内地低碳,中证内地低碳经济主题指数,2010-06-30,1000.0,中证系列指数,50,1803.20,-14.29,股票,绿色,人民币,否,是,无,主题,2011-01-21
000978,医药100,中证医药100指数,2004-12-31,1000.0,中证系列指数,100,10129.85,11.97,股票,,人民币,否,是,无,主题,2011-03-18
000979,大宗商品,中证大宗商品股票指数,2004-12-31,1000.0,中证系列指数,100,6341.77,-11.96,股票,,人民币,否,是,无,主题,2011-08-22
000980,中证超大,中证超级大盘指数,2004-12-31,1000.0,中证系列指数,50,3192.28,2.24,股票,,人民币,否,否,无,规模,2011-05-10
000981,300分层,沪深300行业分层等权重指数,2004-12-31,1000.0,中证系列指数,300,5808.71,-0.80,股票,,人民币,否,否,无,策略,2011-06-13
000984,300等权,沪深300等权重指数,2004-12-31,1000.0,中证系列指数,300,4466.42,-4.10,股票,,人民币,否,是,无,策略,2011-08-02
000985,中证全指,中证全指指数,2004-12-31,1000.0,中证系列指数,5126,5638.62,-13.24,股票,,人民币,否,是,IOSCO,规模,2011-08-02
000988,全指工业,中证全指工业指数,2004-12-31,1000.0,中证系列指数,362,3637.81,-15.09,股票,,人民币,否,否,IOSCO,行业,2011-08-02
000990,全指消费,中证全指主要消费指数,2004-12-31,1000.0,中证系列指数,50,10753.15,8.05,股票,,人民币,否,否,IOSCO,行业,2011-08-02
000994,全指通信,中证全指通信服务指数,2004-12-31,1000.0,中证系列指数,57,13608.56,-20.60,股票,,人民币,否,否,IOSCO,行业,2011-08-02
000995,全指公用,中证全指公用事业指数,2004-12-31,1000.0,中证系列指数,50,2667.51,-1.47,股票,,人民币,否,是,IOSCO,行业,2011-08-02
000998,中证TMT,中证TMT产业主题指数,2011-06-30,1000.0,中证系列指数,100,3578.06,-12.47,股票,,人民币,否,是,无,主题,2011-11-08
930050,中证A50,中证A50指数,2014-12-31,1000.0,中证系列指数,50,1776.26,-3.69,股票,,人民币,否,是,IOSCO,规模,2024-01-02
930598,稀土产业,中证稀土产业指数,2011-12-31,1000.0,中证系列指数,44,2380.87,-27.48,股票,,人民币,否,是,无,主题,2015-03-02
930599,中证高装,中证高端装备制造指数,2004-12-31,1000.0,中证系列指数,200,9529.50,-18.04,股票,,人民币,否,是,无,主题,2015-03-02
930601,中证软件,中证软件服务指数,2004-12-31,1000.0,中证系列指数,30,4924.23,-4.23,股票,,人民币,否,是,无,主题,2015-03-10
930606,中证钢铁,中证钢铁指数,2008-12-31,1000.0,中证系列指数,49,882.30,-8.92,股票,,人民币,否,是,无,主题,2015-03-31
930608,中证基建,中证基建指数,2004-12-31,1000.0,中证系列指数,50,7387.06,-4.39,股票,,人民币,否,是,无,主题,2015-03-31
930614,环保50,中证环保产业50指数,2011-12-30,1000.0,中证系列指数,50,1926.75,-17.80,股票,绿色,人民币,否,是,无,主题,2015-04-07
930620,CSSW丝路,中证申万一带一路主题投资指数,2008-12-31,1000.0,中证系列指数,100,1552.37,-4.04,股票,,人民币,是,是,无,主题,2015-04-23
930621,CSSW高铁,中证申万高铁主题投资指数,2008-12-31,1000.0,中证系列指数,48,1905.38,-7.50,股票,,人民币,是,否,无,主题,2015-04-23
930622,CSSW白酒,中证申万白酒行业投资指数,2004-12-31,1000.0,中证系列指数,17,26820.11,5.15,股票,,人民币,是,否,无,行业,2015-04-23
930625,SHS互联网,中证沪港深互联网指数,2012-06-29,1000.0,中证系列指数,50,2325.03,3.44,股票,,人民币,否,是,无,主题,2015-04-21
930629,CSSW健康,中证申万新兴健康产业主题投资指数,2008-12-31,1000.0,中证系列指数,99,5462.62,9.48,股票,,人民币,是,否,无,主题,2015-05-08
930632,CS稀金属,中证稀有金属主题指数,2011-12-31,1000.0,中证系列指数,50,2421.29,-28.54,股票,,人民币,否,是,无,主题,2015-05-12
930633,中证旅游,中证旅游主题指数,2008-12-31,1000.0,中证系列指数,44,2230.20,-3.80,股票,,人民币,否,是,无,主题,2015-05-08
930640,CSWD重组,中证万得重组主题指数,2011-12-30,1000.0,中证系列指数,94,1571.69,-19.46,股票,,人民币,是,否,无,主题,2015-05-08
930641,中证中药,中证中药指数,2004-12-31,1000.0,中证系列指数,39,8968.06,11.55,股票,,人民币,否,是,无,主题,2015-05-19
930648,CS智消费,中证智能消费主题指数,2012-06-29,1000.0,中证系列指数,100,3827.48,-15.20,股票,,人民币,否,是,无,主题,2015-06-05
930651,CS计算机,中证计算机主题指数,2004-12-31,1000.0,中证系列指数,50,7385.58,-5.20,股票,,人民币,否,是,无,主题,2015-06-05
930652,CS电子,中证电子指数,2004-12-31,1000.0,中证系列指数,100,12437.37,-17.97,股票,,人民币,否,是,无,主题,2015-06-05
930653,CS食品饮,中证食品饮料指数,2004-12-31,1000.0,中证系列指数,100,12655.33,3.70,股票,,人民币,否,是,无,主题,2015-06-05
930660,CSSW体育,中证申万体育产业主题投资指数,2008-12-31,1000.0,中证系列指数,47,1301.10,-0.79,股票,,人民币,是,否,无,主题,2015-06-24
930661,CSSW互金,中证申万互联网金融主题投资指数,2011-12-30,1000.0,中证系列指数,47,3006.35,0.39,股票,,人民币,是,否,无,主题,2015-06-24
930662,CS现代农,中证现代农业主题指数,2010-12-31,1000.0,中证系列指数,29,899.10,8.40,股票,,人民币,否,是,无,主题,2015-07-13
930697,家用电器,中证全指家用电器指数,2004-12-31,1000.0,中证系列指数,69,11075.59,-6.62,股票,,人民币,否,是,IOSCO,行业,2015-07-07
930701,CS京津冀,中证京津冀协同发展主题指数,2012-12-31,1000.0,中证系列指数,43,1538.55,-4.44,股票,区域,人民币,否,否,无,主题,2015-07-09
930703,福建50,中证福建50指数,2012-12-31,1000.0,中证系列指数,50,2777.78,-4.36,股票,区域,人民币,否,否,无,主题,2015-07-09
930707,中证畜牧,中证畜牧养殖指数,2011-12-31,1000.0,中证系列指数,31,1862.17,8.59,股票,,人民币,否,是,无,主题,2015-07-13
930708,中证有色,中证有色金属指数,2013-12-31,1000.0,中证系列指数,60,2588.63,-19.64,股票,,人民币,否,是,无,主题,2015-07-13
930709,香港证券,中证香港证券投资主题指数,2012-12-31,1000.0,中证系列指数,17,1277.73,-0.46,股票,,港元,否,是,无,主题,2015-07-13
930712,CS物联网,中证物联网主题指数,2012-06-29,1000.0,中证系列指数,50,4669.81,-15.89,股票,,人民币,否,是,无,主题,2015-07-31
930713,CS人工智,中证人工智能主题指数,2012-06-29,1000.0,中证系列指数,50,6418.56,-11.61,股票,,人民币,否,是,无,主题,2015-07-31
930715,CS朝阳88,中证朝阳永续超预期88指数,2012-01-31,1000.0,中证系列指数,88,16996.73,-27.10,股票,,人民币,是,否,无,主题,2015-08-05
930716,CS物流,中证现代物流指数,2011-12-30,1000.0,中证系列指数,50,1153.00,-2.17,股票,,人民币,否,是,无,主题,2015-07-31
930717,SHS中国教育,中证沪港深中国教育主题指数,2014-12-31,1000.0,中证系列指数,26,658.61,-6.97,股票,,人民币,否,否,无,主题,2015-07-31
930719,CS精准医,中证精准医疗主题指数,2012-06-29,1000.0,中证系列指数,36,2883.28,20.50,股票,,人民币,否,是,无,主题,2015-08-05
930720,CS互医疗,中证互联网医疗主题指数,2012-06-29,1000.0,中证系列指数,22,2164.67,0.66,股票,,人民币,否,是,无,主题,2015-08-05
930721,CS智汽车,中证智能汽车主题指数,2012-06-29,1000.0,中证系列指数,55,4591.08,-14.92,股票,,人民币,否,是,无,主题,2015-08-05
930723,沪港深F100,中证锐联沪港深基本面100指数,2014-11-14,3000.0,中证系列指数,100,4819.34,1.43,股票,互联互通,人民币,否,否,无,策略,2015-08-05
930725,CS车联网,中证车联网主题指数,2010-12-31,1000.0,中证系列指数,47,1152.13,-11.81,股票,,人民币,否,是,无,主题,2015-08-05
930726,CS生医,中证生物医药指数,2012-06-29,1000.0,中证系列指数,30,2482.56,17.05,股票,,人民币,否,是,无,主题,2015-08-05
930734,360互联+,中证360互联网+大数据100指数,2012-12-31,1000.0,中证系列指数,100,23997.56,-15.25,股票,,人民币,是,是,无,主题,2015-08-10
930738,四川国改,中证四川国企改革指数,2011-12-31,1000.0,中证系列指数,50,2427.40,-7.59,股票,区域,人民币,否,否,无,主题,2018-07-10
930740,300红利低波,沪深300红利低波动指数,2004-12-31,1000.0,中证系列指数,50,7041.32,4.81,股票,红利/高股息,人民币,否,是,无,策略,2018-12-04
930743,中证生科,中证生物科技主题指数,2011-12-31,1000.0,中证系列指数,50,3191.49,13.83,股票,,人民币,否,是,无,主题,2015-08-26
930746,港中小企,中证香港中小企业投资主题指数,2014-11-14,3000.0,中证系列指数,150,2205.04,-4.22,股票,,港元,否,否,无,主题,2015-08-26
930758,凤凰50,中证浙江凤凰行动50指数,2012-12-31,1000.0,中证系列指数,50,8516.03,-1.50,股票,区域,人民币,是,是,无,策略,2018-11-21
930766,民企高装主题,中证民企高端装备细分主题指数,2012-06-29,1000.0,中证系列指数,50,1710.47,-26.85,股票,,人民币,否,否,无,主题,2015-10-29
930767,沪深300优选,沪深300AH优选指数,2004-12-31,1000.0,中证系列指数,300,6106.70,-9.11,股票,互联互通,人民币,是,否,无,策略,2015-12-10
930772,A100两倍,中证A100两倍杠杆指数,2009-06-30,3000.0,中证系列指数,100,1109.51,-16.70,股票,,人民币,否,否,无,策略,2015-12-25
930773,A100反向,中证A100反向指数,2009-06-30,3000.0,中证系列指数,100,1313.18,8.04,股票,,人民币,否,否,无,策略,2015-12-25
930774,A100反两,中证A100反向两倍杠杆指数,2009-06-30,3000.0,中证系列指数,100,112.81,15.32,股票,,人民币,否,否,无,策略,2015-12-25
930776,CS增持,中证增持与回购事件指数,2011-12-31,1000.0,中证系列指数,100,3027.24,-5.55,股票,,人民币,否,否,无,策略,2016-01-14
930777,CS定增,中证定向增发事件指数,2011-12-31,1000.0,中证系列指数,100,2552.93,-21.24,股票,,人民币,否,否,无,策略,2016-01-14
930781,中证影视,中证影视主题指数,2012-06-29,1000.0,中证系列指数,30,1264.91,-5.62,股票,,人民币,否,是,无,主题,2016-02-04
930782,500SNLV,中证500行业中性低波动指数,2004-12-31,1000.0,中证系列指数,150,18775.60,-5.68,股票,低风险,人民币,否,是,无,策略,2016-02-04
930790,CS娱乐TI,中证娱乐主题指数,2012-12-31,1000.0,中证系列指数,130,1077.98,-6.16,股票,,人民币,否,是,无,主题,2016-03-22
930791,CS医药TI,中证医药主题指数,2004-12-31,1000.0,中证系列指数,200,8967.73,11.44,股票,,人民币,否,是,无,主题,2016-03-22
930792,HK银行,中证香港银行投资指数,2014-11-14,3000.0,中证系列指数,21,4826.65,-0.11,股票,,港元,否,是,无,主题,2016-04-22
930820,CS高端制,中证高端制造主题指数,2004-12-31,1000.0,中证系列指数,500,9268.47,-17.77,股票,,人民币,否,是,无,主题,2016-05-11
930821,中证VR,中证虚拟现实主题指数,2012-06-29,1000.0,中证系列指数,50,3314.44,-17.85,股票,,人民币,否,是,无,主题,2016-05-11
930838,CS高股息,中证高股息精选指数,2004-12-31,1000.0,中证系列指数,100,6474.46,-5.66,股票,红利/高股息,人民币,否,否,无,策略,2016-06-08
930846,300SNLV,沪深300行业中性低波动指数,2004-12-31,1000.0,中证系列指数,100,6880.98,3.69,股票,低风险,人民币,否,否,无,策略,2016-06-24
930850,智能制造,中证智能制造主题指数,2012-06-29,1000.0,中证系列指数,100,5673.34,-17.62,股票,,人民币,否,是,无,主题,2016-07-20
930851,云计算,中证云计算与大数据主题指数,2012-06-29,1000.0,中证系列指数,50,6407.86,-4.26,股票,,人民币,否,是,无,主题,2016-07-20
930852,量子通信,中证量子通信主题指数,2012-06-29,1000.0,中证系列指数,30,5211.85,-21.11,股票,,人民币,否,否,无,主题,2016-07-20
930875,空天军工,中证空天一体军工指数,2011-06-30,1000.0,中证系列指数,40,1879.66,-18.89,股票,,人民币,否,是,无,主题,2016-08-17
930882,CS珠三角,中证珠三角沿海区域发展主题指数,2012-12-31,1000.0,中证系列指数,100,2290.81,-10.25,股票,区域,人民币,是,否,无,主题,2016-08-17
930901,动漫游戏,中证动漫游戏指数,2012-12-31,1000.0,中证系列指数,28,1577.51,3.10,股票,,人民币,否,是,无,主题,2016-10-18
930902,中证数据,中证大数据产业指数,2012-12-31,1000.0,中证系列指数,50,2910.27,-3.35,股票,,人民币,否,是,无,主题,2016-10-18
930903,中证A股,中证A股指数,1999-12-31,1000.0,中证系列指数,5171,3885.07,-13.25,股票,,人民币,否,是,无,综合,2016-10-18
930910,农牧渔,中证全指农牧渔指数,2004-12-31,1000.0,中证系列指数,68,8252.55,6.79,股票,,人民币,否,是,IOSCO,行业,2016-12-12
930914,港股通高股息,中证港股通高股息投资指数,2014-11-14,3000.0,中证系列指数,30,4969.98,0.25,股票,红利/高股息,港元,否,是,无,策略,2016-11-25
930917,SHS高股息,中证沪港深高股息指数,2014-11-14,3000.0,中证系列指数,99,5605.59,-0.65,股票,红利/高股息,人民币,否,是,无,策略,2016-12-28
930927,CR基石,中证财新锐联基石经济指数,2005-06-30,1000.0,中证系列指数,300,11381.08,4.08,股票,,人民币,是,是,无,主题,2016-12-23
930928,CR新动能,中证财新锐联新动能指数,2013-06-28,1000.0,中证系列指数,300,2295.64,-6.05,股票,,人民币,是,是,无,主题,2016-12-23
930930,港股综合,中证港股通综合指数,2014-11-14,3000.0,中证系列指数,613,3447.35,0.79,股票,互联互通,港元,否,是,无,综合,2017-01-16
930931,港股通50,中证港股通50指数,2014-11-14,3000.0,中证系列指数,50,3778.66,2.92,股票,互联互通,港元,否,是,无,规模,2017-01-16
930937,稳健成长,中证中信稳健成长策略指数,2006-12-29,1000.0,中证系列指数,266,27178.26,0.21,股票,,人民币,是,否,无,策略,2017-01-18
930938,500成长估值,中证500成长估值指数,2009-12-31,1000.0,中证系列指数,100,4668.37,-7.57,股票,Smart Beta,人民币,否,否,无,策略,2018-12-04
930939,500质量成长,中证500质量成长指数,2004-12-31,1000.0,中证系列指数,100,21912.39,-10.16,股票,Smart Beta,人民币,否,是,无,策略,2018-11-21
930949,价值回报,中证价值回报量化策略指数,2005-12-30,1000.0,中证系列指数,80,12900.26,0.48,股票,,人民币,否,否,无,策略,2017-02-24
930955,红利低波100,中证红利低波动100指数,2005-12-30,1000.0,中证系列指数,100,11504.38,4.14,股票,红利/高股息,人民币,否,是,无,策略,2017-05-26
930965,港股通医药C,中证港股通医药卫生综合指数,2014-11-14,3000.0,中证系列指数,50,3080.01,11.60,股票,,港元,否,是,无,行业,2017-06-23
930986,金融科技,中证金融科技主题指数,2014-06-30,1000.0,中证系列指数,59,2156.44,-7.85,股票,,人民币,否,是,无,主题,2017-06-22
930987,安徽发展,中证安徽发展指数,2013-12-31,1000.0,中证系列指数,49,2516.96,-17.79,股票,,人民币,否,否,无,主题,2019-03-20
930997,新能源车,中证新能源汽车产业指数,2014-12-31,1000.0,中证系列指数,50,2430.87,-21.57,股票,绿色,人民币,是,是,无,主题,2017-07-19
930999,SHS大湾区,中证沪港深粤港澳大湾区发展主题指数,2016-12-30,1000.0,中证系列指数,117,1455.66,-7.35,股票,区域,人民币,否,否,无,主题,2017-07-19
931000,大湾区,中证粤港澳大湾区发展主题指数,2016-12-30,1000.0,中证系列指数,100,1676.14,-15.65,股票,区域,人民币,否,是,无,主题,2017-07-19
931008,汽车指数,中证全指汽车指数,2004-12-31,1000.0,中证系列指数,50,8551.30,-7.15,股票,,人民币,否,是,无,主题,2013-07-15
931009,建筑材料,中证全指建筑材料指数,2004-12-31,1000.0,中证系列指数,41,4898.32,-10.20,股票,,人民币,否,是,无,主题,2013-07-15
931023,北京50,中证北京50指数,2012-12-31,1000.0,中证系列指数,50,1606.19,-5.77,股票,区域,人民币,是,否,无,主题,2017-10-30
931024,港股通非银,中证港股通非银行金融主题指数,2014-11-14,3000.0,中证系列指数,35,3795.22,-0.71,股票,互联互通,港元,否,是,无,主题,2017-11-06
931025,港股通地产,中证港股通地产指数,2014-11-14,3000.0,中证系列指数,39,1667.28,3.95,股票,互联互通,港元,否,否,无,主题,2017-11-06
931026,港股通 TMT,中证港股通TMT主题指数,2014-11-14,3000.0,中证系列指数,50,4067.31,-7.48,股票,,港元,否,否,无,主题,2017-11-06
931027,港股通大消费,中证港股通大消费主题指数,2014-11-14,3000.0,中证系列指数,50,2759.15,7.58,股票,互联互通,港元,否,是,无,主题,2017-11-06
931033,杭州湾区,中证杭州湾区指数,2009-12-31,1000.0,中证系列指数,100,1451.51,-13.00,股票,区域,人民币,否,是,无,主题,2017-11-08
931052,国信价值,中证国信价值指数,2007-06-29,1000.0,中证系列指数,100,3424.19,-0.62,股票,,人民币,是,是,无,策略,2017-12-08
931053,高股息策略,中证中信高股息策略指数,2008-12-31,1000.0,中证系列指数,80,7096.01,0.32,股票,红利/高股息,人民币,是,否,无,策略,2017-12-11
931066,军工龙头,中证军工龙头指数,2012-12-31,1000.0,中证系列指数,30,2586.29,-13.74,股票,,人民币,是,是,无,主题,2018-02-05
931068,消费龙头,中证消费龙头指数,2004-12-31,1000.0,中证系列指数,50,10841.34,5.71,股票,,人民币,否,是,无,主题,2018-11-21
931069,中金300,中证中金优选300指数,2008-12-31,1000.0,中证系列指数,300,4665.64,1.20,股票,,人民币,是,是,无,策略,2018-02-14
931071,人工智能,中证人工智能产业指数,2014-12-31,1000.0,中证系列指数,50,2790.27,-13.46,股票,,人民币,是,是,无,主题,2018-11-21
931073,CSIHK1,中证香港1.1倍指数,2004-12-31,1000.0,中证系列指数,50,2212.65,3.07,股票,,港元,否,否,无,策略,2018-04-27
931074,CSIHK2,中证香港1.2倍指数,2004-12-31,1000.0,中证系列指数,50,2154.43,3.31,股票,,港元,否,否,无,策略,2018-04-27
931075,CSIHK3,中证香港1.3倍指数,2004-12-31,1000.0,中证系列指数,50,2071.74,3.54,股票,,港元,否,否,无,策略,2018-04-27
931076,CSIHK4,中证香港1.4倍指数,2004-12-31,1000.0,中证系列指数,50,1967.49,3.78,股票,,港元,否,否,无,策略,2018-04-27
931077,CSIHK5,中证香港1.5倍指数,2004-12-31,1000.0,中证系列指数,50,1845.25,4.01,股票,,港元,否,否,无,策略,2018-04-27
931079,5G通信,中证5G通信主题指数,2015-12-31,1000.0,中证系列指数,50,2603.35,-26.12,股票,,人民币,否,是,无,主题,2019-04-25
931087,科技龙头,中证科技龙头指数,2012-06-29,1000.0,中证系列指数,50,6727.61,-18.09,股票,,人民币,否,是,无,主题,2019-03-20
931133,经济蓝筹,中证华夏经济蓝筹股票指数,2004-12-31,1000.0,中证系列指数,485,7865.25,0.04,股票,,人民币,是,否,无,策略,2019-03-20
931134,AH经济蓝筹,中证华夏AH经济蓝筹股票指数,2004-12-31,1000.0,中证系列指数,535,6030.65,0.93,股票,,人民币,是,是,无,策略,2019-03-20
931136,深圳科技,中证深圳科技创新主题指数,2014-11-14,3000.0,中证系列指数,50,9885.17,-14.76,股票,区域,人民币,是,是,无,主题,2019-01-22
931139,CS消费50,中证消费50指数,2004-12-31,1000.0,中证系列指数,50,14142.45,9.12,股票,,人民币,否,是,无,主题,2019-03-20
931140,医药50,中证医药50指数,2004-12-31,1000.0,中证系列指数,50,10334.30,16.15,股票,,人民币,否,是,无,主题,2019-03-20
931141,CS长三角,中证长三角一体化发展主题指数,2012-12-31,1000.0,中证系列指数,180,2256.07,-9.31,股票,,人民币,是,是,无,主题,2019-03-20
931142,东证竞争,中证东方红竞争力指数,2009-12-31,1000.0,中证系列指数,129,1931.19,-6.19,股票,,人民币,是,是,无,策略,2019-03-20
931144,通信技术,中证通信技术主题指数,2015-12-31,1000.0,中证系列指数,52,3586.86,-29.10,股票,,人民币,是,是,无,主题,2019-05-30
931151,光伏产业,中证光伏产业指数,2012-12-31,1000.0,中证系列指数,50,2325.34,-23.04,股票,,人民币,否,是,无,主题,2019-04-22
931152,CS创新药,中证创新药产业指数,2014-12-31,1000.0,中证系列指数,50,1964.39,18.46,股票,,人民币,否,是,无,主题,2019-04-22
931157,SHS红利成长LV,中证沪港深红利成长低波动指数,2014-11-14,3000.0,中证系列指数,100,7029.02,1.13,股票,红利/高股息,人民币,否,是,无,策略,2019-04-25
931159,创新100,中证研发创新100指数,2014-06-30,1000.0,中证系列指数,100,4027.31,-11.41,股票,,人民币,否,是,无,主题,2019-05-16
931160,通信设备,中证全指通信设备指数,2004-12-31,1000.0,中证系列指数,50,19546.69,-28.99,股票,,人民币,否,是,无,主题,2013-07-15
931163,浙江100,中证浙江100指数,2012-12-31,1000.0,中证系列指数,100,2081.69,-11.59,股票,,人民币,否,否,无,主题,2019-04-25
931165,新兴科技100,中证新兴科技100策略指数,2008-12-31,1000.0,中证系列指数,100,10076.88,-9.82,股票,,人民币,是,是,无,策略,2019-04-25
931166,医药健康100,中证医药健康100策略指数,2008-12-31,1000.0,中证系列指数,100,3940.52,11.93,股票,,人民币,是,是,无,策略,2019-04-25
931167,先进制造100,中证先进制造100策略指数,2008-12-31,1000.0,中证系列指数,100,7555.48,-1.20,股票,,人民币,是,否,无,策略,2019-04-25
931176,台州综指,中证台州综合指数,2010-12-31,1000.0,中证系列指数,74,1721.91,-13.24,股票,,人民币,是,否,无,主题,2019-05-30
931179,台州制造30,中证台州制造30指数,2010-12-31,1000.0,中证系列指数,30,1784.16,-8.66,股票,,人民币,是,否,无,主题,2019-05-30
931186,中证科技,中证科技50策略指数,2012-12-31,1000.0,中证系列指数,50,7240.15,-2.84,股票,,人民币,是,是,无,主题,2019-05-30
931187,科技100,中证科技100指数,2014-06-13,1000.0,中证系列指数,100,4904.93,-9.27,股票,,人民币,否,是,无,主题,2019-05-30
931228,亚洲新兴市场科技,中证新交所亚洲新兴市场科技指数,2012-12-31,1000.0,中证系列指数,2,5560.71,-10.18,股票,,人民币,否,否,无,主题,2024-01-02
931232,朝阳100,中证朝阳永续多因子100策略指数,2012-01-31,1000.0,中证系列指数,100,6175.44,-13.31,股票,,人民币,是,否,无,策略,2023-08-08
931259,转债成长策略,中证智选可转换债券成长策略指数,2018-12-28,100.0,中证系列指数,59,227.46,-3.64,固定收益,,人民币,是,否,无,可转债,2023-05-16
931268,持续发展,中证可持续发展100指数,2014-06-30,1000.0,中证系列指数,100,2210.48,-4.78,股票,,人民币,是,是,无,主题,2019-11-15
931372,浙江国资,中证浙江国资创新发展指数,2012-12-31,1000.0,中证系列指数,50,2244.94,-4.78,股票,国企改革,人民币,是,是,无,主题,2019-12-09
931373,股息龙头,中证高股息龙头指数,2013-12-31,1000.0,中证系列指数,29,2679.48,3.53,股票,红利/高股息,人民币,否,否,无,策略,2019-11-15
931375,300质量低波,沪深300质量成长低波动指数,2004-12-31,1000.0,中证系列指数,50,15715.37,3.18,股票,,人民币,否,是,无,策略,2019-11-25
931380,科技50,中证科技50指数,2014-06-30,1000.0,中证系列指数,50,4008.66,-13.32,股票,,人民币,否,是,无,主题,2019-11-25
931381,中证长三角,中证长三角领先指数,2012-12-31,1000.0,中证系列指数,150,2031.40,-1.20,股票,,人民币,否,否,无,主题,2019-11-25
931393,湖北指数,中证湖北新旧动能转换指数,2012-12-31,1000.0,中证系列指数,99,3054.02,-22.64,股票,,人民币,是,是,无,主题,2020-02-04
931395,沪港深300,中证沪港深300指数,2014-11-14,1000.0,中证系列指数,300,1665.99,-5.01,股票,,人民币,否,是,无,规模,2020-01-14
931402,证券先锋,中证证券公司先锋策略指数,2013-12-31,1000.0,中证系列指数,46,1904.96,6.78,股票,,人民币,是,是,无,策略,2020-01-14
931403,品牌工程,中证新华社民族品牌工程指数,2017-08-25,1000.0,中证系列指数,97,2137.45,-4.33,股票,,人民币,是,是,无,主题,2020-01-14
931404,SHS品牌消费50,中证沪港深品牌消费50指数,2009-12-31,1000.0,中证系列指数,50,2261.75,2.09,股票,,人民币,是,是,无,主题,2020-02-20
931406,5G 50,中证5G产业50指数,2015-12-31,1000.0,中证系列指数,50,2755.75,-24.22,股票,,人民币,是,是,无,主题,2020-02-20
931409,SHS创新药,中证沪港深创新药产业指数,2014-12-31,1000.0,中证系列指数,50,2107.09,14.45,股票,,人民币,否,是,无,主题,2020-02-20
931412,证券公司30,中证证券公司30指数,2013-12-31,1000.0,中证系列指数,30,1505.79,6.25,股票,,人民币,否,是,无,主题,2020-02-20
931440,创新药30,中证创新药30指数,2014-12-31,1000.0,中证系列指数,30,2995.90,21.00,股票,,人民币,是,否,无,主题,2020-04-21
931441,AI 50,中证人工智能50指数,2012-12-31,1000.0,中证系列指数,50,7253.09,-11.22,股票,,人民币,否,否,无,主题,2020-05-06
931442,SHS科技100,中证沪港深科技100指数,2014-11-14,3000.0,中证系列指数,100,9289.91,-2.61,股票,,人民币,否,是,无,主题,2020-04-21
931446,东证红利低波,中证东方红红利低波动指数,2009-12-31,1000.0,中证系列指数,100,3340.18,4.50,股票,红利/高股息,人民币,是,是,无,策略,2020-04-21
931454,港股通消费,中证港股通消费主题指数,2014-11-14,1000.0,中证系列指数,50,1345.41,2.24,股票,,港元,否,是,无,主题,2020-03-06
931456,中国教育,中证全球中国教育主题指数,2014-12-31,1000.0,中证系列指数,32,960.28,-1.11,股票,,人民币,否,是,无,主题,2020-04-21
931461,电子50,中证电子50指数,2008-12-31,1000.0,中证系列指数,50,7604.85,-18.55,股票,,人民币,否,是,无,主题,2009-07-22
931463,300 ESG,沪深300 ESG基准指数,2017-06-30,1000.0,中证系列指数,233,1246.37,-6.65,股票,ESG,人民币,否,是,IOSCO,主题,2020-04-30
931465,300 ESG领先,沪深300 ESG领先指数,2017-06-30,1000.0,中证系列指数,100,1217.42,-6.99,股票,ESG,人民币,否,否,IOSCO,主题,2020-04-30
931468,红利质量,中证红利质量指数,2004-12-31,1000.0,中证系列指数,50,32603.61,0.87,股票,红利/高股息,人民币,是,是,无,策略,2020-05-21
931469,云计算50,中证云计算50指数,2014-12-31,1000.0,中证系列指数,49,4069.65,-7.01,股票,,人民币,否,是,无,主题,2020-06-12
931470,SHS云计算,中证沪港深云计算产业指数,2014-12-31,1000.0,中证系列指数,50,3786.20,-6.65,股票,,人民币,否,是,无,主题,2020-04-21
931476,ESG 120策略,中证ESG 120策略指数,2017-06-30,1000.0,中证系列指数,120,1425.82,-6.15,股票,ESG,人民币,是,是,无,策略,2020-04-30
931477,华夏银行ESG,中证华夏银行ESG指数,2017-06-30,1000.0,中证系列指数,120,1501.02,-6.08,股票,ESG,人民币,是,否,无,策略,2020-04-30
931479,证券保险,中证证券保险领先指数,2015-12-31,1000.0,中证系列指数,30,938.75,7.56,股票,,人民币,是,是,无,行业,2020-05-06
931480,线上消费,中证线上消费主题指数,2014-12-31,1000.0,中证系列指数,50,672.68,-3.70,股票,,人民币,否,是,无,主题,2020-05-06
931481,SHS线上消费,中证沪港深线上消费主题指数,2014-12-31,1000.0,中证系列指数,50,846.30,0.84,股票,,人民币,否,是,无,主题,2020-05-06
931484,CS医药创新,中证医药及医疗器械创新指数,2014-12-31,1000.0,中证系列指数,30,1375.88,13.37,股票,,人民币,否,是,无,主题,2020-05-06
931487,SHS人工智能50,中证沪港深人工智能50指数,2014-12-31,1000.0,中证系列指数,50,2088.70,-11.64,股票,,人民币,否,是,无,主题,2020-05-06
931494,消费电子,中证消费电子主题指数,2012-12-31,1000.0,中证系列指数,50,6254.89,-22.82,股票,,人民币,否,是,无,主题,2020-06-12
931521,高装细分50,中证高端装备细分50指数,2012-12-31,1000.0,中证系列指数,50,2433.94,-17.80,股票,,人民币,是,是,无,主题,2020-07-08
931522,央企新动能,中证央企新动能主题指数,2014-12-31,1000.0,中证系列指数,45,1688.49,-10.83,股票,,人民币,是,否,无,主题,2020-07-01
931524,SHS科技龙头,中证沪港深科技龙头指数,2014-11-14,1000.0,中证系列指数,50,2773.02,-7.87,股票,,人民币,否,是,无,主题,2020-07-16
931526,企业核心竞争力50,中证企业核心竞争力50指数,2017-06-30,1000.0,中证系列指数,50,1262.81,-5.82,股票,,人民币,否,是,无,主题,2020-08-24
931559,苏银理财长三角,中证苏银理财长三角创新指数,2014-12-31,1000.0,中证系列指数,100,2887.21,-16.18,股票,,人民币,是,否,无,主题,2020-08-27
931573,港股通科技,中证港股通科技指数,2014-12-31,1000.0,中证系列指数,50,2798.72,0.29,股票,,港元,否,是,无,主题,2014-05-21
931574,港股科技,中证香港科技指数,2014-12-31,1000.0,中证系列指数,50,1530.95,2.11,股票,,港元,否,是,无,主题,2013-05-21
931575,SHS物联网,中证沪港深物联网主题指数,2012-12-31,1000.0,中证系列指数,50,5697.48,-10.36,股票,,人民币,否,是,无,主题,2015-07-31
931579,东证优势成长,中证东方红优势成长指数,2009-12-31,1000.0,中证系列指数,100,8041.16,-24.15,股票,,人民币,是,是,无,策略,2020-11-09
931581,周期稳健成长50,中证周期稳健成长50指数,2013-12-31,1000.0,中证系列指数,50,2064.03,-4.26,股票,Smart Beta,人民币,是,否,无,策略,2017-10-18
931582,数字经济,中证数字经济主题指数,2016-12-30,1000.0,中证系列指数,50,1743.90,-12.57,股票,,人民币,否,是,无,主题,2020-11-09
931585,卫星导航,中证卫星导航产业指数,2015-12-31,1000.0,中证系列指数,50,809.26,-24.73,股票,,人民币,是,否,无,主题,2020-11-09
931586,300价值稳健,中证智选300价值稳健策略指数,2004-12-31,1000.0,中证系列指数,80,7413.05,3.95,股票,,人民币,是,是,无,策略,2020-11-09
931587,500价值稳健,中证智选500价值稳健策略指数,2004-12-31,1000.0,中证系列指数,100,21101.08,1.55,股票,,人民币,是,是,无,策略,2020-11-09
931588,1000价值稳健,中证智选1000价值稳健策略指数,2004-12-31,1000.0,中证系列指数,150,32561.46,-0.78,股票,,人民币,是,是,无,策略,2020-11-09
931589,300成长创新,中证智选300成长创新策略指数,2004-12-31,1000.0,中证系列指数,80,9018.64,-8.59,股票,,人民币,是,是,无,策略,2020-11-09
931590,500成长创新,中证智选500成长创新策略指数,2004-12-31,1000.0,中证系列指数,100,27592.87,-11.87,股票,,人民币,是,是,无,策略,2020-11-09
931591,1000成长创新,中证智选1000成长创新策略指数,2004-12-31,1000.0,中证系列指数,150,30467.29,-17.91,股票,,人民币,是,是,无,策略,2020-11-09
931593,科技领先,中证科技领先指数,2014-06-30,1000.0,中证系列指数,100,4537.11,-14.98,股票,,人民币,是,否,无,策略,2020-12-22
931596,SHS张江50,中证沪港深张江自主创新50指数,2014-12-31,1000.0,中证系列指数,50,2142.22,-8.40,股票,,人民币,是,是,无,主题,2020-12-18
931599,湖南50,中证湖南50指数,2018-12-28,1000.0,中证系列指数,50,1636.26,-15.68,股票,,人民币,否,否,无,主题,2024-10-30
931637,港股通互联网,中证港股通互联网指数,2016-12-30,1000.0,中证系列指数,30,737.54,4.30,股票,,港元,否,是,无,主题,2021-01-11
931643,科创创业50,中证科创创业50指数,2019-12-31,1000.0,中证系列指数,50,2447.51,-18.21,股票,,人民币,否,是,无,规模,2021-06-01
931647,兴银理财均衡300,中证兴银理财均衡300指数,2004-12-31,1000.0,中证系列指数,300,6933.89,-6.96,股票,,人民币,是,否,无,策略,2021-03-05
931652,厦门指数,中证厦门发展主题指数,2012-12-31,1000.0,中证系列指数,47,2129.12,-20.52,股票,,人民币,是,否,无,主题,2021-04-07
931687,证券时报价值100,中证证券时报主板价值100指数,2007-06-29,1000.0,中证系列指数,100,1675.20,0.04,股票,,人民币,是,否,无,主题,2021-05-14
931695,成渝经济圈,中证成渝地区双城经济圈成份指数,2011-12-30,1000.0,中证系列指数,100,2265.08,-9.47,股票,,人民币,是,是,无,主题,2021-04-29
931696,科技50策略,中证科技优势成长50策略指数,2008-12-31,1000.0,中证系列指数,50,25712.68,-17.59,股票,,人民币,是,是,无,策略,2021-07-12
931697,消费50策略,中证消费优势成长50策略指数,2008-12-31,1000.0,中证系列指数,50,7051.70,-0.34,股票,,人民币,是,否,无,策略,2021-07-12
931698,医药50策略,中证医药优势成长50策略指数,2008-12-31,1000.0,中证系列指数,50,7494.64,11.04,股票,,人民币,是,否,无,策略,2021-07-12
931718,高端造质量成长50,中证高端制造质量成长50指数,2014-12-31,1000.0,中证系列指数,50,3407.65,-16.10,股票,,人民币,是,否,无,策略,2021-08-25
931719,CS电池,中证电池主题指数,2014-12-31,1000.0,中证系列指数,50,3410.14,-25.29,股票,,人民币,否,是,无,主题,2013-07-15
931725,中华联合优质成长,中证中华联合优质成长指数,2004-12-31,1000.0,中证系列指数,520,9362.55,-12.38,股票,,人民币,是,否,无,策略,2021-08-09
931746,储能产业,中证储能产业指数,2013-12-31,1000.0,中证系列指数,50,2987.31,-16.96,股票,,人民币,否,否,无,主题,2015-06-11
931775,房地产,中证全指房地产指数,2004-12-31,1000.0,中证系列指数,69,2281.64,-8.08,股票,,人民币,否,是,IOSCO,行业,2013-07-15
931799,国寿资产ESG绿色低碳100,中证国寿资产ESG绿色低碳100指数,2017-06-30,1000.0,中证系列指数,100,1301.21,-9.36,股票,绿色,人民币,是,否,无,策略,2021-12-13
931834,福建100,中证福建100指数,2017-12-29,1000.0,中证系列指数,100,1794.26,-5.28,股票,,人民币,否,否,无,主题,2024-01-19
931837,央企现代产业,中证国新央企现代产业引领指数,2016-12-30,1000.0,中证系列指数,49,1431.79,-18.47,股票,国企改革,人民币,是,否,无,主题,2023-10-18
931852,每经品牌100,中证每经上市公司品牌价值100指数,2018-05-10,1000.0,中证系列指数,99,962.62,1.84,股票,,人民币,是,否,无,策略,2022-05-10
931944,银保主题,中证银行保险主题指数,2013-12-31,1000.0,中证系列指数,47,2160.66,7.43,股票,,人民币,是,否,无,主题,2009-10-28
932000,中证2000,中证2000指数,2013-12-31,1000.0,中证系列指数,2000,2754.73,-22.66,股票,,人民币,否,是,IOSCO,规模,2023-08-11
932021,中证红利SGD,中证红利新加坡元指数,2024-12-31,5581.5,中证系列指数,100,5579.54,2.63,股票,红利/高股息,新加坡元,否,否,无,策略,2025-02-14
932024,高端造50策略,中证智选高端制造50策略指数,2016-12-30,1000.0,中证系列指数,50,2650.39,-17.26,股票,,人民币,是,否,无,主题,2020-12-21
932025,高端造50,中证高端制造50指数,2016-12-30,1000.0,中证系列指数,50,2038.51,-14.24,股票,,人民币,否,否,无,主题,2020-12-11
932037,央企现代能源,中证国新央企现代能源指数,2016-12-30,1000.0,中证系列指数,50,1442.03,-2.76,股票,绿色、国企改革,人民币,是,是,无,主题,2022-11-16
932038,央企科技引领,中证国新央企科技引领指数,2016-12-30,1000.0,中证系列指数,50,1689.71,-17.39,股票,国企改革,人民币,是,是,无,主题,2022-11-16
932039,央企股东回报,中证国新央企股东回报指数,2016-12-30,1000.0,中证系列指数,50,1579.26,0.66,股票,红利/高股息、国企改革,人民币,是,是,无,策略,2022-11-16
932046,建行科技（长三角）,中证建行科技创新领先（长三角）指数,2019-12-31,1000.0,中证系列指数,50,2125.34,-13.92,股票,,人民币,是,否,无,主题,2024-05-08
932049,国新港股通央企综指,中证国新港股通央企综合指数,2016-12-30,1000.0,中证系列指数,86,1147.76,-1.21,股票,,港元,是,否,无,主题,2024-05-08
932056,海洋经济,中国海洋经济股票价格指数,2012-12-31,1000.0,中证系列指数,223,3277.18,-6.94,股票,沪港深,人民币,是,否,无,主题,2024-07-23
932075,全指金融,中证全指金融指数,2004-12-31,1000.0,中证系列指数,50,8588.72,5.58,股票,,人民币,否,否,IOSCO,行业,2023-03-13
932076,全指地产,中证全指地产指数,2004-12-31,1000.0,中证系列指数,50,2262.04,-8.06,股票,,人民币,否,否,IOSCO,行业,2023-03-13
932077,全指能源行业,中证全指能源行业指数,2004-12-31,1000.0,中证系列指数,50,2623.92,1.76,股票,,人民币,否,否,IOSCO,行业,2023-03-13
932078,全指材料行业,中证全指原材料行业指数,2004-12-31,1000.0,中证系列指数,550,4297.10,-18.31,股票,,人民币,否,否,IOSCO,行业,2023-03-13
932079,全指工业行业,中证全指工业行业指数,2004-12-31,1000.0,中证系列指数,1272,3799.13,-18.14,股票,,人民币,否,否,IOSCO,行业,2023-03-13
932080,全指可选行业,中证全指可选消费行业指数,2004-12-31,1000.0,中证系列指数,508,4592.51,-8.10,股票,,人民币,否,否,IOSCO,行业,2023-03-13
932081,全指消费行业,中证全指主要消费行业指数,2004-12-31,1000.0,中证系列指数,196,11021.25,4.74,股票,,人民币,否,否,IOSCO,行业,2023-03-13
932082,全指医药行业,中证全指医药卫生行业指数,2004-12-31,1000.0,中证系列指数,367,8994.68,10.00,股票,,人民币,否,否,IOSCO,行业,2023-03-13
932083,全指金融行业,中证全指金融行业指数,2004-12-31,1000.0,中证系列指数,86,8349.86,5.40,股票,,人民币,否,否,IOSCO,行业,2023-03-13
932084,全指信息行业,中证全指信息技术行业指数,2004-12-31,1000.0,中证系列指数,571,9536.42,-21.25,股票,,人民币,否,否,IOSCO,行业,2023-03-13
932085,全指通信行业,中证全指通信服务行业指数,2004-12-31,1000.0,中证系列指数,198,11432.56,-20.69,股票,,人民币,否,否,IOSCO,行业,2023-03-13
932086,全指公用行业,中证全指公用事业行业指数,2004-12-31,1000.0,中证系列指数,109,2651.29,-3.65,股票,,人民币,否,否,IOSCO,行业,2023-03-13
932257,国新央企小盘,中证国新央企小盘指数,2016-12-30,1000.0,中证系列指数,194,1073.07,-17.09,股票,,人民币,是,否,无,主题,2024-03-29
932263,苏州园区,中证苏州工业园区指数,2018-12-31,1000.0,中证系列指数,61,3930.14,-18.75,股票,,人民币,是,否,无,主题,2024-03-18
932266,国企战略新兴,中证诚通国企战略新兴产业指数,2016-12-30,1000.0,中证系列指数,50,2331.42,-26.45,股票,国企改革,人民币,是,否,无,主题,2024-07-02
932306,战略新兴100,中证战略新兴产业100指数,2010-12-31,1000.0,中证系列指数,100,2557.68,-12.66,股票,,人民币,否,否,无,主题,2024-06-28
932308,红利200,中证红利200指数,2013-12-31,1000.0,中证系列指数,200,2240.59,0.63,股票,,人民币,否,否,无,策略,2024-06-28
932357,专精特新100,中证专精特新100指数,2018-12-28,1000.0,中证系列指数,100,2246.35,-22.49,股票,,人民币,否,否,无,主题,2025-07-21
932359,国新国企人工智能,中证国新国企人工智能主题指数,2018-12-28,1000.0,中证系列指数,40,3395.93,-7.39,股票,,人民币,是,否,无,主题,2025-01-21
932419,国新国企航空航天,中证国新国企航空航天科技指数,2018-12-28,1000.0,中证系列指数,40,2292.60,-15.95,股票,,人民币,是,否,无,主题,2025-01-21
932420,智选船舶产业,中证智选船舶产业指数,2019-12-31,1000.0,中证系列指数,40,1300.91,-11.22,股票,,人民币,是,是,无,主题,2025-05-28
932536,航运发展,中证中国银行-中国人保航运发展主题指数,2012-12-31,1000.0,中证系列指数,50,2115.05,-3.62,股票,,人民币,是,否,无,主题,2025-06-18
932592,互联互通中国50,中证沪深港互联互通中国企业50指数,2014-12-31,1000.0,中证系列指数,50,1431.91,-2.49,股票,,人民币,否,否,无,规模,2025-11-11
932593,互联互通中国50红利聚焦,中证沪深港互联互通中国企业50红利聚焦指数,2014-12-31,1000.0,中证系列指数,50,1253.59,2.23,股票,,人民币,否,否,无,策略,2025-11-11
932601,中新亚洲100红利聚焦,中证新交所亚洲精选100红利聚焦指数,2014-12-31,1000.0,中证系列指数,2,1554.51,2.20,股票,区域,人民币,否,否,无,策略,2025-11-12
932607,中新亚洲100,中证新交所亚洲精选100指数,2014-12-31,1000.0,中证系列指数,2,2218.88,-7.99,股票,区域,人民币,否,否,无,规模,2025-11-12
932677,新型电力系统,中证智选新型电力系统股票指数,2019-12-31,1000.0,中证系列指数,331,1873.09,-15.71,股票,,人民币,是,否,无,主题,2026-05-18
932678,新型电力系统100,中证智选新型电力系统100指数,2019-12-31,1000.0,中证系列指数,100,2214.60,-16.59,股票,,人民币,是,否,无,主题,2026-06-30
950096,上海国企,中证上海国企指数,2012-12-31,1000.0,中证系列指数,70,1330.45,-0.01,股票,国企改革,人民币,是,是,无,主题,2016-05-11
H00999,光大阳光,中证光大阳光指数,2004-12-31,1000.0,中证系列指数,100,6939.79,-7.24,股票,,人民币,否,否,无,策略,2008-08-01
H11052,智能电车,中证智能电动汽车指数,2014-12-31,1000.0,中证系列指数,50,3533.30,-14.93,股票,,人民币,否,是,无,主题,2009-07-22
H11054,装备产业,中证装备产业指数,2008-12-31,1000.0,中证系列指数,129,2543.13,-17.07,股票,,人民币,否,是,无,主题,2009-07-22
H11057,石化产业,中证石化产业指数,2008-12-31,1000.0,中证系列指数,39,1286.38,-3.91,股票,,人民币,否,是,无,主题,2009-07-22
H11100,香港100,中证香港100指数,2004-12-31,1000.0,中证系列指数,100,2166.56,2.77,股票,,港元,否,是,无,规模,2008-05-07
H11110,香港F50,中证锐联香港基本面50指数,2004-12-31,1000.0,中证系列指数,50,2298.39,0.93,股票,Smart Beta,港元,否,否,无,策略,2010-06-02
H11120,香港中盘精选,中证香港中盘精选指数,2004-12-31,1000.0,中证系列指数,100,2598.61,-5.96,股票,,港元,否,否,无,主题,2011-04-28
H11121,富国多空,沪深300富国130/30多空策略指数,2005-12-31,1000.0,中证系列指数,160,64556.69,-2.33,股票,,人民币,是,否,无,策略,2011-07-26
H11123,香港内地50,中证香港内地股50指数,2004-12-31,1000.0,中证系列指数,50,2728.80,2.35,股票,,港元,否,否,无,规模,2008-11-10
H11140,香港红利,中证香港红利指数,2004-12-31,1000.0,中证系列指数,30,3746.71,-0.64,股票,红利/高股息,港元,否,是,无,策略,2009-07-23
H11142,HKT香港地产,中证香港上市可交易香港地产指数,2007-12-31,1000.0,中证系列指数,6,602.78,7.87,股票,,港元,否,否,无,主题,2010-06-02
H11143,港股通内地地产,中证港股通内地地产指数,2007-12-31,1000.0,中证系列指数,30,298.87,1.33,股票,,港元,否,否,无,主题,2010-06-02
H11144,HKT内地消费,中证香港上市可交易内地消费指数,2007-12-31,1000.0,中证系列指数,81,998.43,3.76,股票,,港元,否,否,无,主题,2010-06-02
H11145,HKT内地银行,中证香港上市可交易内地银行指数,2007-12-31,1000.0,中证系列指数,10,1273.86,-1.67,股票,,港元,否,否,无,主题,2010-06-02
H11146,港股通内地金融,中证港股通内地金融指数,2007-12-31,1000.0,中证系列指数,48,1075.83,-1.98,股票,,港元,否,是,无,主题,2010-06-02
H11152,内地民营,中证香港内地民营指数,2007-12-31,1000.0,中证系列指数,40,1335.14,4.89,股票,,港元,否,否,无,主题,2010-07-30
H11153,内地国有,中证香港内地国有企业指数,2007-12-31,1000.0,中证系列指数,40,870.14,-2.24,股票,国企改革,港元,否,是,无,主题,2010-07-30
H11164,香港300,中证香港300指数,2004-12-31,1000.0,中证系列指数,300,2164.62,1.27,股票,,港元,否,否,无,规模,2012-07-20
H11165,香港200,中证香港200指数,2004-12-31,1000.0,中证系列指数,200,2424.43,-8.36,股票,,港元,否,否,无,规模,2012-07-20
H30007,芯片产业,中证芯片产业指数,2015-12-31,1000.0,中证系列指数,50,4444.23,-14.33,股票,,人民币,否,是,无,主题,2012-12-20
H30015,800汽车,中证800汽车与零部件指数,2004-12-31,1000.0,中证系列指数,35,7685.34,-4.54,股票,,人民币,否,是,无,主题,2012-12-21
H30022,800银行,中证800银行指数,2004-12-31,1000.0,中证系列指数,29,7178.03,4.14,股票,,人民币,否,是,IOSCO,行业,2012-12-21
H30031,800有色,中证800有色金属指数,2004-12-31,1000.0,中证系列指数,36,9190.36,-18.67,股票,,人民币,否,是,IOSCO,行业,2012-12-21
H30035,300非银,沪深300非银行金融指数,2004-12-31,1000.0,中证系列指数,27,9670.32,7.31,股票,,人民币,否,是,无,主题,2012-12-21
H30068,中证文化,中证文化产业指数,2012-06-29,1000.0,中证系列指数,50,1656.85,-4.19,股票,,人民币,否,否,无,主题,2013-03-26
H30082,300两倍,沪深300两倍杠杆指数,2009-06-30,3000.0,中证系列指数,300,1195.26,-16.92,股票,,人民币,否,是,无,策略,2013-04-03
H30083,300反向,沪深300反向指数,2009-06-30,3000.0,中证系列指数,300,1277.65,8.43,股票,,人民币,否,是,无,策略,2013-04-03
H30086,800金融,中证800金融指数,2004-12-31,1000.0,中证系列指数,85,6424.32,5.44,股票,,人民币,否,是,IOSCO,行业,2013-05-09
H30089,红利潜力,中证红利潜力指数,2005-12-30,1000.0,中证系列指数,50,9365.35,6.20,股票,红利/高股息,人民币,否,是,无,策略,2013-07-02
H30094,消费红利,中证主要消费红利指数,2005-12-30,1000.0,中证系列指数,50,30268.93,2.27,股票,红利/高股息,人民币,否,是,无,策略,2013-07-02
H30124,安中动态,沪深300安中动态策略指数,2007-12-28,1000.0,中证系列指数,300,1880.05,-2.22,股票,,人民币,是,是,无,策略,2013-07-01
H30178,医疗保健,中证全指医疗保健设备与服务指数,2004-12-31,1000.0,中证系列指数,111,11896.65,1.02,股票,,人民币,否,是,无,主题,2013-07-15
H30184,半导体,中证全指半导体产品与设备指数,2004-12-31,1000.0,中证系列指数,87,13137.93,-16.01,股票,,人民币,否,是,IOSCO,主题,2013-07-15
H30202,软件指数,中证全指软件指数,2004-12-31,1000.0,中证系列指数,50,11301.43,-6.90,股票,,人民币,否,是,无,主题,2013-07-15
H30217,医疗器械,中证全指医疗器械指数,2004-12-31,1000.0,中证系列指数,99,8636.68,1.43,股票,,人民币,否,是,IOSCO,行业,2013-07-15
H30251,500原料,中证500原材料指数,2004-12-31,1000.0,中证系列指数,67,5463.61,-18.52,股票,,人民币,否,否,IOSCO,行业,2013-11-06
H30252,500工业,中证500工业指数,2004-12-31,1000.0,中证系列指数,128,6714.97,-19.65,股票,,人民币,否,否,IOSCO,行业,2013-11-06
H30255,500医药,中证500医药卫生指数,2004-12-31,1000.0,中证系列指数,51,10324.34,12.42,股票,,人民币,否,否,IOSCO,行业,2013-11-06
H30257,500信息,中证500信息技术指数,2004-12-31,1000.0,中证系列指数,84,12536.14,-17.25,股票,,人民币,否,是,IOSCO,行业,2013-11-06
H30263,腾讯济安,中证腾讯济安价值100A股指数,2013-05-18,1000.0,中证系列指数,100,3360.54,-6.11,股票,,人民币,是,是,无,策略,2013-11-18
H30269,红利低波,中证红利低波动指数,2005-12-30,1000.0,中证系列指数,50,10913.01,4.01,股票,红利/高股息,人民币,否,是,无,策略,2013-12-19
H30271,A100动态,中证A100动态指数,2004-12-31,1000.0,中证系列指数,50,3610.38,-12.90,股票,Smart Beta,人民币,否,否,无,策略,2014-01-17
H30272,A100稳定,中证A100稳定指数,2004-12-31,1000.0,中证系列指数,50,4890.10,4.40,股票,低风险,人民币,否,否,无,策略,2014-01-17
H30273,200动态,中证200动态指数,2004-12-31,1000.0,中证系列指数,100,3660.36,-18.54,股票,Smart Beta,人民币,否,否,无,策略,2014-01-17
H30274,200稳定,中证200稳定指数,2004-12-31,1000.0,中证系列指数,100,8027.63,-2.92,股票,低风险,人民币,否,否,无,策略,2014-01-17
H30318,科技传媒通信150,中证科技传媒通信150指数,2011-06-30,1000.0,中证系列指数,150,4052.67,-22.24,股票,,人民币,否,是,无,主题,2014-04-15
H30332,香港50,中证香港50指数,2004-12-31,1000.0,中证系列指数,50,2244.32,2.82,股票,,港元,否,否,无,规模,2014-05-21
H30344,健康产业,中证健康产业指数,2011-12-30,1000.0,中证系列指数,99,1180.72,3.52,股票,,人民币,否,是,无,主题,2014-06-06
H30359,转型成长,中证转型成长指数,2005-12-30,1000.0,中证系列指数,88,38706.59,-7.53,股票,,人民币,是,否,无,策略,2014-07-11
H30362,基本300,中证锐联基本面300指数,2004-12-31,1000.0,中证系列指数,300,6695.26,1.63,股票,Smart Beta,人民币,否,否,无,策略,2014-07-22
H30363,基本500,中证锐联基本面500指数,2004-12-31,1000.0,中证系列指数,500,8902.32,-7.15,股票,Smart Beta,人民币,否,否,无,策略,2014-07-22
H30365,文娱传媒,中证文娱传媒指数,2013-12-31,1000.0,中证系列指数,50,754.58,-4.36,股票,,人民币,否,是,无,主题,2014-07-21
H30372,中证安全,中证社会发展安全产业主题指数,2012-06-29,1000.0,中证系列指数,100,1682.34,-10.41,股票,,人民币,是,是,无,主题,2014-07-21
H30373,百发100,中证百度百发策略100指数,2008-12-31,1000.0,中证系列指数,100,19229.57,-14.86,股票,,人民币,是,是,无,策略,2014-07-30
H30403,300日报酬两倍,沪深300日报酬正向两倍指数,2009-06-30,3000.0,中证系列指数,300,2722.38,-16.63,股票,,人民币,是,是,无,策略,2014-09-02
H30404,300日报酬反向,沪深300日报酬反向一倍指数,2009-06-30,3000.0,中证系列指数,300,942.53,8.31,股票,,人民币,是,是,无,策略,2014-09-02
H30455,沪港深500,中证沪港深500指数,2004-12-31,1000.0,中证系列指数,500,2522.88,-4.35,股票,互联互通,人民币,否,是,无,规模,2014-11-28
H30531,精工制造,中证精工制造指数,2004-12-31,1000.0,中证系列指数,200,3961.55,-17.97,股票,,人民币,否,是,无,主题,2014-12-18
H30533,中国互联网50,中证海外中国互联网50指数,2007-06-29,1000.0,中证系列指数,35,7014.26,5.50,股票,,人民币,否,是,无,主题,2014-12-29
H30535,互联网,中证互联网指数,2012-06-29,1000.0,中证系列指数,50,5646.77,-18.10,股票,,人民币,否,是,无,主题,2015-01-12
H30537,淘金100,中证淘金大数据100指数,2009-12-31,1000.0,中证系列指数,100,12534.84,-14.15,股票,,人民币,是,是,无,主题,2015-01-21
H30552,沪港深通TMT,中证沪港深互联互通TMT指数,2004-12-31,1000.0,中证系列指数,828,5718.68,-14.32,股票,互联互通,人民币,否,否,无,主题,2015-03-13
H30588,中证证保,中证证券保险指数,2009-12-31,1000.0,中证系列指数,50,994.70,6.97,股票,,人民币,否,是,无,主题,2015-02-02
H30590,机器人,中证机器人指数,2010-12-31,1000.0,中证系列指数,64,1752.57,-20.28,股票,,人民币,否,是,无,主题,2015-02-10
H30597,新材料,中证新材料主题指数,2008-12-31,1000.0,中证系列指数,50,4210.65,-20.01,股票,,人民币,否,是,无,主题,2015-02-13
000500,内地企业,中证中国内地企业500指数,2004-12-31,1000.0,中证系列指数,593,5123.62,-0.85,股票,,人民币,否,否,无,规模,2014-10-17
000501,中国1000,中证中国内地企业1000指数,2004-12-31,1000.0,中证系列指数,1118,4974.58,-2.22,股票,,人民币,否,否,无,规模,2016-05-10
000833,中高企债,中证1-7年中高收益企债指数,2008-12-31,100.0,中证系列指数,100,293.62,0.25,固定收益,,人民币,否,否,无,信用债,2012-09-10
000834,价值7030,中证价值股债恒定组合70/30指数,2004-12-31,1000.0,中证系列指数,2,4589.02,-5.96,多资产,低风险,人民币,否,否,无,策略,2012-08-30
000835,价值3070,中证价值股债恒定组合30/70指数,2004-12-31,1000.0,中证系列指数,2,3416.86,-2.55,多资产,低风险,人民币,否,否,无,策略,2012-08-30
000836,成长7030,中证成长股债恒定组合70/30指数,2004-12-31,1000.0,中证系列指数,2,6591.72,-9.00,多资产,低风险,人民币,否,否,无,策略,2012-08-30
000837,成长3070,中证成长股债恒定组合30/70指数,2004-12-31,1000.0,中证系列指数,2,4332.42,-4.04,多资产,低风险,人民币,否,否,无,策略,2012-08-30
000845,中期信用,中证中期信用债指数,2007-12-31,100.0,中证系列指数,906,246.19,0.17,固定收益,,人民币,否,否,无,信用债,2012-09-18
000939,民企成长,中证民企成长指数,2013-12-13,1000.0,中证系列指数,300,2543.28,-14.48,股票,,人民币,否,否,无,主题,2009-08-25
930604,中国互联网30,中证海外中国互联网30指数,2007-06-29,1000.0,中证系列指数,30,7523.40,5.76,股票,,人民币,否,是,无,主题,2015-03-23
930607,中证汽车,中证汽车指数,2004-12-31,1000.0,中证系列指数,100,5947.53,-11.79,股票,,人民币,否,否,无,主题,2015-03-31
930609,纯债债基,中证纯债债券型基金指数,2014-12-31,1000.0,中证系列指数,3287,1485.01,0.11,基金,,人民币,否,否,无,-,2016-08-31
930610,普通债基,中证普通债券型基金指数,2014-12-31,1000.0,中证系列指数,3920,1492.54,0.07,基金,,人民币,否,否,无,-,2016-08-31
930611,中小国改,中证中小国企改革指数,2013-12-31,1000.0,中证系列指数,79,2254.59,-12.09,股票,国企改革,人民币,否,否,无,主题,2015-04-07
930612,混合改革,中证混合所有制改革指数,2013-12-31,1000.0,中证系列指数,68,1863.84,-5.78,股票,国企改革,人民币,否,否,无,主题,2015-04-07
930613,非周民企,中证非周期民营企业指数,2009-12-31,1000.0,中证系列指数,100,2248.08,-14.37,股票,,人民币,否,否,无,主题,2015-04-07
930616,中证文体,中证文体指数,2012-06-29,1000.0,中证系列指数,100,1601.21,-5.20,股票,,人民币,否,否,无,主题,2015-05-19
930617,军工信息,中证军工信息安全150指数,2009-12-31,1000.0,中证系列指数,150,2750.05,-17.51,股票,,人民币,否,否,无,主题,2015-04-16
930618,中证保险,中证保险主题指数,2012-12-31,1000.0,中证系列指数,20,2202.06,8.51,股票,,人民币,否,否,无,主题,2015-04-16
930619,黄金采掘,中证黄金采掘指数,2011-12-31,1000.0,中证系列指数,11,2983.64,-9.43,股票,,人民币,否,否,无,主题,2015-04-16
930626,沪港深内地保险,中证沪港深内地保险指数,2007-06-29,1000.0,中证系列指数,14,1339.63,0.14,股票,,人民币,否,否,无,主题,2015-04-21
930634,CS土改农,中证土地改革农业主题指数,2010-12-31,1000.0,中证系列指数,14,708.86,-4.15,股票,,人民币,否,否,无,主题,2015-05-08
930635,CS智慧农,中证智慧农业主题指数,2010-12-31,1000.0,中证系列指数,26,1061.99,-4.74,股票,,人民币,否,否,无,主题,2015-05-08
930642,中证核电,中证核能核电指数,2004-12-31,1000.0,中证系列指数,50,2971.36,-18.92,股票,绿色,人民币,否,否,无,主题,2015-05-19
930643,CS轻资产,中证轻资产指数,2004-12-31,1000.0,中证系列指数,100,7996.64,-3.54,股票,,人民币,否,否,无,主题,2015-05-19
930644,港股通中国内地,中证港股通中国内地企业综合指数,2014-11-14,3000.0,中证系列指数,529,3301.03,-0.48,股票,,港元,否,否,无,主题,2018-08-14
930646,美股中国内地,中证美国上市中国内地企业指数,2007-06-29,1000.0,中证系列指数,30,2300.93,4.71,股票,,美元,否,否,无,规模,2018-08-14
930649,中证安防,中证民用安防主题指数,2012-06-29,1000.0,中证系列指数,45,2117.41,-13.60,股票,,人民币,否,否,无,主题,2015-06-24
930650,中证海洋,中证海洋经济主题指数,2009-12-31,1000.0,中证系列指数,50,1949.89,-7.49,股票,,人民币,否,否,无,主题,2015-05-29
930654,CS休闲娱,中证休闲娱乐指数,2004-12-31,1000.0,中证系列指数,100,2875.85,-5.43,股票,,人民币,否,否,无,主题,2015-06-05
930655,500两倍,中证500两倍杠杆指数,2009-06-30,3500.0,中证系列指数,500,2424.36,-26.16,股票,,人民币,否,否,无,策略,2015-06-16
930656,500反向,中证500反向指数,2009-06-30,3500.0,中证系列指数,500,745.60,14.17,股票,,人民币,否,否,无,策略,2015-06-16
930657,500反两,中证500反向两倍杠杆指数,2009-06-30,3500.0,中证系列指数,500,24.18,28.39,股票,,人民币,否,否,无,策略,2015-06-16
930665,商品动量,中证商品期货动量策略指数,2009-03-31,100.0,中证系列指数,7,425.28,0.54,期货,,人民币,否,否,无,,2015-07-20
930666,商品趋势,中证商品期货趋势配置策略指数,2009-03-31,100.0,中证系列指数,2,323.59,-3.19,期货,,人民币,否,否,无,,2015-07-20
930667,300精明,沪深300精明指数,2004-12-31,1000.0,中证系列指数,300,6079.65,-8.90,股票,Smart Beta,人民币,否,否,无,策略,2015-07-16
930670,500商业,中证500商业服务与用品指数,2004-12-31,1000.0,中证系列指数,7,8607.38,-26.79,股票,,人民币,否,否,IOSCO,行业,2015-07-07
930671,500运输,中证500交通运输指数,2004-12-31,1000.0,中证系列指数,17,2132.33,1.79,股票,,人民币,否,否,IOSCO,行业,2015-07-07
930672,500资本品,中证500资本品指数,2004-12-31,1000.0,中证系列指数,104,7981.13,-20.52,股票,,人民币,否,否,无,主题,2015-07-07
930673,500地产,中证500房地产指数,2004-12-31,1000.0,中证系列指数,6,1634.52,-0.33,股票,,人民币,否,否,IOSCO,行业,2015-07-07
930674,500零售,中证500零售业指数,2004-12-31,1000.0,中证系列指数,2,1705.91,1.55,股票,,人民币,否,否,IOSCO,行业,2015-07-07
930675,500传媒,中证500传媒指数,2004-12-31,1000.0,中证系列指数,14,3807.98,-9.50,股票,,人民币,否,否,IOSCO,行业,2015-07-07
930676,500耐用,中证500耐用消费品指数,2004-12-31,1000.0,中证系列指数,11,4598.01,-15.60,股票,,人民币,否,否,IOSCO,行业,2015-07-07
930677,500汽车汽配,中证500乘用车及零部件指数,2004-12-31,1000.0,中证系列指数,21,6340.93,-13.96,股票,,人民币,否,否,IOSCO,行业,2015-07-07
930679,500电子,中证500电子指数,2004-12-31,1000.0,中证系列指数,31,18714.73,-27.13,股票,,人民币,否,否,IOSCO,行业,2015-07-07
930680,500计算机,中证500计算机指数,2004-12-31,1000.0,中证系列指数,15,3955.36,-6.01,股票,,人民币,否,否,IOSCO,行业,2015-07-07
930681,500医药(二级),中证500医药指数,2004-12-31,1000.0,中证系列指数,36,10479.64,17.18,股票,,人民币,否,否,IOSCO,行业,2015-07-07
930682,500食品饮料,中证500食品饮料指数,2004-12-31,1000.0,中证系列指数,10,7123.73,1.46,股票,,人民币,否,否,IOSCO,行业,2015-07-07
930683,500电力设备,中证500电力设备指数,2004-12-31,1000.0,中证系列指数,39,11971.13,-24.34,股票,,人民币,否,否,IOSCO,行业,2015-07-07
930684,500机械,中证500机械制造指数,2004-12-31,1000.0,中证系列指数,32,9526.58,-20.29,股票,,人民币,否,否,IOSCO,行业,2015-07-07
930685,500建筑装饰,中证500建筑装饰指数,2004-12-31,1000.0,中证系列指数,9,3067.24,-11.23,股票,,人民币,否,否,IOSCO,行业,2015-07-07
930686,500一般零售,中证500一般零售指数,2004-12-31,1000.0,中证系列指数,1,2101.01,11.16,股票,,人民币,否,否,IOSCO,行业,2015-07-07
930687,500纺织服装,中证500纺织服装指数,2004-12-31,1000.0,中证系列指数,2,1730.62,7.33,股票,,人民币,否,否,IOSCO,行业,2015-07-07
930688,500家用电器,中证500家用电器指数,2004-12-31,1000.0,中证系列指数,8,11463.27,-16.97,股票,,人民币,否,否,IOSCO,行业,2015-07-07
930689,500煤炭,中证500煤炭指数,2004-12-31,1000.0,中证系列指数,10,7272.45,0.93,股票,,人民币,否,否,IOSCO,行业,2015-07-07
930690,500硬件,中证500电子终端及组件指数,2004-12-31,1000.0,中证系列指数,13,28969.78,-24.44,股票,,人民币,否,否,IOSCO,行业,2015-07-07
930691,500化学药,中证500化学药指数,2004-12-31,1000.0,中证系列指数,13,11310.91,21.64,股票,,人民币,否,否,IOSCO,行业,2015-07-07
930692,500化学制品,中证500化学制品指数,2004-12-31,1000.0,中证系列指数,7,6473.94,-17.77,股票,,人民币,否,否,IOSCO,行业,2015-07-07
930693,500建筑材料,中证500建筑材料指数,2004-12-31,1000.0,中证系列指数,1,3234.96,12.84,股票,,人民币,否,否,IOSCO,行业,2015-07-07
930694,500有色,中证500有色金属指数,2004-12-31,1000.0,中证系列指数,18,8781.63,-21.89,股票,,人民币,否,否,IOSCO,行业,2015-07-07
930695,500农牧渔,中证500农牧渔指数,2004-12-31,1000.0,中证系列指数,6,3910.05,-4.28,股票,,人民币,否,否,IOSCO,行业,2015-07-07
930696,500饮料,中证500饮料指数,2004-12-31,1000.0,中证系列指数,6,19792.78,-2.51,股票,,人民币,否,否,无,主题,2015-07-07
930698,CS水利,中证水利指数,2012-06-29,1000.0,中证系列指数,46,1821.82,1.14,股票,,人民币,否,否,无,主题,2015-07-31
930700,CS上海,中证上海改革发展主题指数,2012-12-31,1000.0,中证系列指数,34,1901.94,-1.36,股票,区域,人民币,否,否,无,主题,2015-07-09
930702,CS西部,中证西部发展主题指数,2012-12-31,1000.0,中证系列指数,22,1647.19,-8.73,股票,区域,人民币,否,否,无,主题,2015-07-09
930704,CS广东,中证广东发展主题指数,2012-12-31,1000.0,中证系列指数,31,1707.95,-10.13,股票,区域,人民币,否,否,无,主题,2015-07-09
930706,中证水泥,中证水泥指数,2004-12-31,1000.0,中证系列指数,9,4440.03,-3.32,股票,,人民币,否,否,无,主题,2015-07-13
930711,CS智穿戴,中证智能穿戴主题指数,2012-06-29,1000.0,中证系列指数,50,5812.99,-20.94,股票,,人民币,否,否,无,主题,2015-07-31
930718,CS航运,中证航运指数,2004-12-31,1000.0,中证系列指数,54,1989.03,-5.92,股票,,人民币,否,否,无,主题,2015-07-31
930722,CS互平台,中证互联网平台主题指数,2012-06-29,1000.0,中证系列指数,28,3986.89,-12.49,股票,,人民币,否,否,无,主题,2015-08-05
930727,CS自贸区,中证自贸区主题指数,2013-12-31,1000.0,中证系列指数,100,1483.52,0.22,股票,,人民币,否,否,无,主题,2015-08-05
930728,CS乐园,中证上海主题乐园指数,2009-12-31,1000.0,中证系列指数,26,763.66,-5.44,股票,区域,人民币,否,否,无,主题,2015-08-05
930732,CS中国造,中证中国制造主题指数,2012-06-29,1000.0,中证系列指数,150,1643.74,-13.70,股票,,人民币,否,否,无,主题,2015-08-10
930733,CS互联+,中证互联网+主题指数,2012-06-29,1000.0,中证系列指数,108,2725.47,-4.35,股票,,人民币,否,否,无,主题,2015-08-10
930735,海外中国内地,中证海外中国内地企业互联互通指数,2014-11-14,1000.0,中证系列指数,546,1199.26,0.30,股票,,人民币,否,否,无,主题,2018-08-14
930741,CS航空,中证航空主题指数,2011-12-31,1000.0,中证系列指数,30,1639.45,-9.41,股票,,人民币,否,否,无,主题,2015-08-26
930742,中证电商,中证电子商务主题指数,2012-12-31,1000.0,中证系列指数,39,2739.96,-8.33,股票,,人民币,否,否,无,主题,2015-08-26
930771,CS新能源,中证新能源产业指数,2011-12-31,1000.0,中证系列指数,80,2270.32,-21.67,股票,绿色,人民币,否,否,无,主题,2015-12-16
930775,钢铁CFI,中证钢铁产业期货成份指数,2009-03-31,100.0,中证系列指数,7,203.83,-0.31,期货,,人民币,否,否,无,,2015-12-25
930780,中证兴业中高债,中证兴业中高等级信用债指数,2008-12-31,100.0,中证系列指数,49,229.55,0.18,固定收益,,人民币,是,是,无,信用债,2016-02-01
930783,CS英大EI,中证英大能源互联网等权指数,2013-12-31,1000.0,中证系列指数,39,4178.25,-15.36,股票,,人民币,是,否,无,主题,2016-02-04
930786,短融AAA,中证短融AAA指数,2007-01-31,100.0,中证系列指数,1473,193.36,0.12,固定收益,,人民币,否,否,无,信用债,2016-03-03
930787,短融AA+,中证短融AA+指数,2007-01-31,100.0,中证系列指数,635,211.00,0.14,固定收益,,人民币,否,否,无,信用债,2016-03-03
930788,短融AA,中证短融AA指数,2007-01-31,100.0,中证系列指数,144,218.55,0.14,固定收益,,人民币,否,否,无,信用债,2016-03-03
930789,CSMA预期,中证并购预期主题指数,2011-12-31,1000.0,中证系列指数,100,3431.80,-18.22,股票,,人民币,否,否,无,策略,2016-03-29
930794,中美互联网,中证中美互联网指数,2013-12-31,1000.0,中证系列指数,21,4605.73,3.39,股票,,人民币,否,是,无,主题,2016-04-22
930796,全球中国互联网,中证全球中国互联网指数,2013-12-31,1000.0,中证系列指数,30,1653.59,5.87,股票,,人民币,否,是,无,主题,2016-04-22
930823,中证中票,中证中票指数,2008-12-31,100.0,中证系列指数,11245,221.53,0.21,固定收益,,人民币,否,否,无,信用债,2016-05-25
930824,中票AAA,中证中票AAA指数,2008-12-31,100.0,中证系列指数,7229,216.93,0.21,固定收益,,人民币,否,否,无,信用债,2016-05-25
930825,中票AA+,中证中票AA+指数,2009-12-31,100.0,中证系列指数,3076,223.02,0.20,固定收益,,人民币,否,否,无,信用债,2016-05-25
930826,中票AA,中证中票AA指数,2009-12-31,100.0,中证系列指数,898,238.27,0.23,固定收益,,人民币,否,否,无,信用债,2016-05-25
930827,中票AA-,中证中票AA-指数,2011-12-31,100.0,中证系列指数,1,77.80,0.20,固定收益,,人民币,否,否,无,信用债,2016-05-25
930828,中票0-1,中证中票0-1年指数,2010-12-31,100.0,中证系列指数,2548,178.81,0.13,固定收益,,人民币,否,否,无,信用债,2016-05-25
930829,中票1-3,中证中票1-3年指数,2008-12-31,100.0,中证系列指数,6545,212.39,0.17,固定收益,,人民币,否,否,无,信用债,2016-05-25
930830,中票3-5,中证中票3-5年指数,2008-12-31,100.0,中证系列指数,3544,233.14,0.21,固定收益,,人民币,否,否,无,信用债,2016-05-25
930831,中票5-7,中证中票5-7年指数,2010-12-31,100.0,中证系列指数,223,226.43,0.29,固定收益,,人民币,否,否,无,信用债,2016-05-25
930832,中票7+,中证中票7+指数,2010-12-31,100.0,中证系列指数,933,247.35,0.38,固定收益,,人民币,否,否,无,信用债,2016-05-25
930833,中票城投,中证中票城投指数,2009-12-31,100.0,中证系列指数,4496,232.48,0.19,固定收益,,人民币,否,否,无,信用债,2016-05-25
930834,中票非城投,中证中票非城投指数,2008-12-31,100.0,中证系列指数,6749,216.42,0.22,固定收益,,人民币,否,否,无,信用债,2016-05-25
930836,沪港深高股息,中证沪港深高股息精选指数,2014-11-14,3000.0,中证系列指数,100,4377.30,-4.87,股票,红利/高股息,人民币,否,否,无,策略,2016-06-08
930839,港股通高息精选,中证港股通高股息精选指数,2014-11-14,3000.0,中证系列指数,30,3207.25,1.18,股票,红利/高股息,港元,否,是,无,策略,2016-06-08
930841,2025退休,中证平安2025退休宝指数,2005-12-31,1000.0,中证系列指数,7,4918.36,-1.76,多资产,低风险,人民币,是,否,无,策略,2016-07-15
930842,2035退休,中证平安2035退休宝指数,2005-12-31,1000.0,中证系列指数,7,5534.68,-3.30,多资产,低风险,人民币,是,否,无,策略,2016-07-15
930843,2045退休,中证平安2045退休宝指数,2005-12-31,1000.0,中证系列指数,7,5765.47,-4.87,多资产,低风险,人民币,是,否,无,策略,2016-07-15
930844,企业年金,中证企业年金可投资指数,2005-12-31,1000.0,中证系列指数,5,3055.82,-1.37,多资产,低风险,人民币,否,否,无,策略,2016-09-12
930845,CS供给侧,中证供给侧结构性改革主题指数,2013-12-31,1000.0,中证系列指数,100,1693.48,-5.19,股票,,人民币,否,否,无,主题,2016-06-24
930847,800SNLV,中证800行业中性低波动指数,2004-12-31,1000.0,中证系列指数,200,9295.61,-1.11,股票,低风险,人民币,否,否,无,策略,2016-06-24
930848,1000SNLV,中证1000行业中性低波动指数,2004-12-31,1000.0,中证系列指数,200,19437.72,-8.47,股票,低风险,人民币,否,否,无,策略,2016-06-24
930849,10年国开债,中证10年期国开债指数,2007-12-31,100.0,中证系列指数,16,241.30,0.23,固定收益,,人民币,否,否,无,利率债,2016-06-30
930853,海绵城市,中证海绵城市主题指数,2012-06-29,1000.0,中证系列指数,50,903.68,-13.64,股票,绿色,人民币,否,否,无,主题,2016-07-20
930854,水环境,中证水环境治理主题指数,2012-06-29,1000.0,中证系列指数,26,701.74,-10.89,股票,绿色,人民币,否,否,无,主题,2016-07-20
930855,CS质量成长,中证质量成长指数,2005-06-30,1000.0,中证系列指数,100,7466.26,-8.23,股票,Smart Beta,人民币,否,否,无,策略,2016-07-12
930856,HK质量,中证香港质量成长指数,2014-11-14,3000.0,中证系列指数,50,3741.38,-0.84,股票,Smart Beta,港元,否,否,无,策略,2016-07-12
930858,沪港深质量,中证沪港深质量成长指数,2014-11-14,3000.0,中证系列指数,100,3815.91,-7.03,股票,互联互通,人民币,否,否,无,策略,2016-07-12
930860,盈利质量,中证盈利质量指数,2005-06-30,1000.0,中证系列指数,100,12545.10,-10.44,股票,Smart Beta,人民币,否,否,无,策略,2016-07-12
930861,香港EQ,中证香港盈利质量指数,2014-11-14,3000.0,中证系列指数,100,2463.36,-1.34,股票,Smart Beta,港元,否,否,无,策略,2016-07-12
930863,沪港深EQ,中证沪港深盈利质量指数,2014-11-14,3000.0,中证系列指数,100,4304.57,-7.74,股票,互联互通,人民币,否,否,无,策略,2016-07-12
930865,5年地债,中证5年期地方政府债指数,2013-06-30,100.0,中证系列指数,1262,163.51,0.20,固定收益,,人民币,否,是,无,利率债,2016-07-19
930866,10年地债,中证10年期地方政府债指数,2013-12-31,100.0,中证系列指数,2917,183.13,0.35,固定收益,,人民币,否,否,无,利率债,2016-07-19
930867,目标2055,中证目标日期2055指数,2005-12-31,1000.0,中证系列指数,6,6619.07,-7.87,多资产,低风险,人民币,否,否,无,策略,2016-08-02
930868,目标2035,中证目标日期2035指数,2005-12-31,1000.0,中证系列指数,6,6737.60,-5.07,多资产,低风险,人民币,否,否,无,策略,2016-08-02
930869,目标2045,中证目标日期2045指数,2005-12-31,1000.0,中证系列指数,6,6494.52,-7.87,多资产,低风险,人民币,否,否,无,策略,2016-08-02
930870,政金债,中证政策性金融债指数,2007-12-31,100.0,中证系列指数,184,221.26,0.16,固定收益,,人民币,否,是,无,利率债,2016-08-09
930871,政金债1-3,中证政策性金融债1-3年指数,2007-12-31,100.0,中证系列指数,81,191.16,0.10,固定收益,,人民币,否,否,无,利率债,2016-08-09
930872,政金债3-5,中证政策性金融债3-5年指数,2007-12-31,100.0,中证系列指数,61,209.79,0.12,固定收益,,人民币,否,否,无,利率债,2016-08-09
930873,政金债5-8,中证政策性金融债5-8年指数,2007-12-31,100.0,中证系列指数,47,238.47,0.22,固定收益,,人民币,否,否,无,利率债,2016-08-09
930874,政金债8-10,中证政策性金融债8-10年指数,2007-12-31,100.0,中证系列指数,24,246.68,0.25,固定收益,,人民币,否,否,无,利率债,2016-08-09
930876,香港彩娱,中证香港博彩娱乐主题投资指数,2014-11-14,3000.0,中证系列指数,22,1505.22,3.28,股票,,港元,否,否,无,主题,2016-08-17
930878,中国质量成长,中证中国质量成长指数,2007-06-30,1000.0,中证系列指数,100,1818.51,-3.50,股票,Smart Beta,人民币,否,否,无,策略,2016-08-18
930880,中国盈利质量,中证中国盈利质量指数,2007-06-30,1000.0,中证系列指数,100,2261.54,-4.77,股票,Smart Beta,人民币,否,否,无,策略,2016-08-18
930883,创新驱动,中证创新驱动主题指数,2012-12-31,1000.0,中证系列指数,300,4043.47,-16.84,股票,,人民币,否,否,无,主题,2016-10-19
930884,300创新,沪深300创新驱动指数,2012-12-31,1000.0,中证系列指数,100,1932.26,-8.38,股票,,人民币,否,否,无,主题,2016-10-19
930885,500创新,中证500创新驱动指数,2012-12-31,1000.0,中证系列指数,100,4210.28,-8.29,股票,,人民币,否,否,无,主题,2016-10-19
930886,煤炭CFI,中证煤炭期货成份指数,2012-03-30,100.0,中证系列指数,2,130.82,-3.14,期货,,人民币,否,否,无,,2016-08-18
930887,300DRC,沪深300下行风险控制指数,2004-12-31,1000.0,中证系列指数,2,10807.10,-2.94,多资产,低风险,人民币,否,否,无,策略,2016-08-18
930888,500DRC,中证500下行风险控制指数,2005-03-31,1000.0,中证系列指数,2,6607.42,-14.67,多资产,低风险,人民币,否,否,无,策略,2016-08-18
930889,ETF市价,中证ETF市价指数,2005-12-30,1000.0,中证系列指数,1276,5537.35,-8.01,基金,,人民币,否,否,无,-,2016-08-31
930890,主动股基,中证主动式股票型基金指数,2007-12-31,1000.0,中证系列指数,1019,2195.42,-11.17,基金,,人民币,否,否,无,-,2016-08-31
930891,被动股基,中证被动式股票型基金指数,2007-12-31,1000.0,中证系列指数,3140,1012.43,-9.55,基金,,人民币,否,否,无,-,2016-08-31
930892,普通混基,中证普通混合型基金指数,2002-12-31,1000.0,中证系列指数,6203,11700.13,-11.58,基金,,人民币,否,否,无,-,2016-08-31
930893,灵活混基,中证灵活配置混合型基金指数,2011-12-31,1000.0,中证系列指数,2309,3842.84,-11.69,基金,,人民币,否,否,无,-,2016-08-31
930895,定开债基,中证定期开放债券型基金指数,2013-12-31,1000.0,中证系列指数,1310,1679.85,0.10,基金,,人民币,否,否,无,-,2016-08-31
930897,非纯债基,中证非纯债债券型基金指数,2007-12-31,1000.0,中证系列指数,1965,2294.75,-1.33,基金,,人民币,否,否,无,-,2016-08-31
930898,转债债基,中证可转债债券型基金指数,2011-12-31,1000.0,中证系列指数,89,2197.06,-4.13,基金,,人民币,否,否,无,-,2016-08-31
930899,全球消费50,中证全球消费主题50指数,2011-12-30,1000.0,中证系列指数,50,3841.51,1.51,股票,,人民币,否,否,无,主题,2016-10-13
930906,软商CFI,中证软商品期货成份指数,2009-03-31,100.0,中证系列指数,2,114.76,-1.86,期货,,人民币,否,否,无,,2016-11-07
930907,香港海外高股息,中证香港海外高股息指数,2014-11-14,3000.0,中证系列指数,29,1738.34,2.95,股票,红利/高股息,港元,否,否,无,策略,2016-11-07
930909,中证地产债,中证房地产债指数,2007-12-31,100.0,中证系列指数,320,211.40,0.18,固定收益,,人民币,否,否,无,信用债,2016-11-07
930911,化学原料,中证全指化学原料指数,2004-12-31,1000.0,中证系列指数,50,8204.19,-6.15,股票,,人民币,否,否,IOSCO,行业,2016-12-12
930916,中证10年国债,中证10年期国债指数,2008-12-31,100.0,中证系列指数,7,183.56,0.13,固定收益,,人民币,否,否,无,利率债,2016-12-05
930923,港中国中小,中证香港中国中小综合指数,2009-12-31,1000.0,中证系列指数,560,1038.34,-7.51,股票,,港元,否,否,无,主题,2018-09-28
930925,沪港深保险,中证沪港深保险行业指数,2014-12-31,1000.0,中证系列指数,17,1182.78,1.67,股票,互联互通,人民币,否,否,无,行业,2018-11-21
930929,中证MARP,中证多资产风险平价指数,2007-12-31,1000.0,中证系列指数,5,2523.00,-0.20,多资产,低风险,人民币,否,否,无,策略,2017-01-09
930932,港股通内地证券,中证港股通内地证券公司主题指数,2015-12-31,1000.0,中证系列指数,13,902.99,-0.90,股票,互联互通,港元,否,否,无,主题,2017-01-16
930940,CME商品,中证CME中国商品消费指数,2005-12-30,1000.0,中证系列指数,,138.92,1.04,期货,,美元,是,否,无,-,2017-06-29
930942,300动态对冲,沪深300汇率动态对冲指数,2010-12-31,3128.261,中证系列指数,300,4540.76,-8.34,股票,,美元,否,否,无,策略,2017-04-28
930943,500动态对冲,中证500汇率动态对冲指数,2010-12-31,4936.716,中证系列指数,500,7526.53,-13.38,股票,,美元,否,否,无,策略,2017-04-28
930944,1000动态对冲,中证1000汇率动态对冲指数,2010-12-31,5155.555,中证系列指数,1000,7193.07,-18.28,股票,,美元,否,否,无,策略,2017-04-28
930945,香港新股,中证香港新股指数,2004-12-31,1000.0,中证系列指数,197,1711.74,-12.13,股票,,港元,否,否,无,主题,2017-03-17
930950,偏股基金,中证偏股型基金指数,2007-12-31,1000.0,中证系列指数,9022,1864.75,-11.58,基金,,人民币,否,否,无,-,2017-04-27
930951,交易所绿色债,中证交易所绿色债券指数,2016-12-30,100.0,中证系列指数,302,148.70,0.21,固定收益,绿色,人民币,否,否,无,信用债,2017-06-19
930952,黑金CFI,中证黑色金属期货成份指数,2009-03-31,100.0,中证系列指数,6,193.60,-0.18,期货,,人民币,否,否,无,,2017-06-29
930954,5年久期国开债,中证5年恒定久期国开债指数,2007-12-31,100.0,中证系列指数,34,224.33,0.16,固定收益,,人民币,否,是,无,利率债,2017-05-22
930956,绿色投资,中证绿色投资股票指数,2012-06-29,1000.0,中证系列指数,56,2374.99,-16.50,股票,绿色,人民币,是,否,无,主题,2017-05-26
930957,港股通中国100,中证港股通中国100指数,2014-11-14,3000.0,中证系列指数,100,3436.73,1.74,股票,互联互通,港元,否,是,无,规模,2017-06-23
930959,港股通海外50,中证港股通海外50指数,2014-11-14,3000.0,中证系列指数,50,3443.99,2.83,股票,,港元,否,否,无,主题,2017-06-23
930960,港股通能源C,中证港股通能源综合指数,2014-11-14,3000.0,中证系列指数,17,3670.55,-1.73,股票,互联互通,港元,否,否,无,行业,2017-06-23
930961,港股通材料C,中证港股通原材料综合指数,2014-11-14,3000.0,中证系列指数,38,5971.34,-13.49,股票,互联互通,港元,否,否,无,行业,2017-06-23
930962,港股通工业C,中证港股通工业综合指数,2014-11-14,3000.0,中证系列指数,109,2116.43,-4.94,股票,互联互通,港元,否,否,无,行业,2017-06-23
930964,港股通消费C,中证港股通主要消费综合指数,2014-11-14,3000.0,中证系列指数,41,1890.83,3.14,股票,互联互通,港元,否,否,无,行业,2017-06-23
930966,港股通金融C,中证港股通金融综合指数,2014-11-14,3000.0,中证系列指数,62,4297.45,0.54,股票,互联互通,港元,否,否,无,行业,2017-06-23
930967,港股通信息C,中证港股通信息技术综合指数,2014-11-14,3000.0,中证系列指数,61,4783.98,-18.40,股票,互联互通,港元,否,是,无,行业,2017-06-23
930968,港股通通信C,中证港股通通信服务综合指数,2014-11-14,3000.0,中证系列指数,32,2570.82,-4.60,股票,互联互通,港元,否,否,无,行业,2017-06-23
930969,港股通公用C,中证港股通公用事业综合指数,2014-11-14,3000.0,中证系列指数,25,2363.40,0.85,股票,互联互通,港元,否,否,无,行业,2017-06-23
930981,东北指数,中证东北发展主题指数,2013-12-31,1000.0,中证系列指数,81,1110.81,-8.95,股票,区域,人民币,否,否,无,主题,2017-06-14
930985,500 LBLV,中证500低贝塔低波动指数,2004-12-31,1000.0,中证系列指数,150,17021.12,1.72,股票,低风险,人民币,否,否,无,策略,2017-06-22
930988,粮食CFI,中证粮食期货成份指数,2009-03-31,100.0,中证系列指数,6,267.24,2.12,期货,,人民币,否,否,无,,2017-06-29
930989,油脂CFI,中证植物油期货成份指数,2009-03-31,100.0,中证系列指数,3,178.77,1.24,期货,,人民币,否,否,无,,2017-06-29
930992,沪港深红利低波,中证沪港深红利低波动指数,2014-11-14,3000.0,中证系列指数,100,5345.20,1.14,股票,红利/高股息,人民币,否,否,无,策略,2017-06-28
930994,工银股混,中证工银财富股票混合基金指数,2014-12-31,1000.0,中证系列指数,30,2507.76,-11.84,基金,,人民币,是,否,无,策略,2017-07-12
930995,工银配置,中证工银财富动态配置基金指数,2014-12-31,1000.0,中证系列指数,3,1808.34,-2.23,多资产,,人民币,是,否,无,策略,2017-07-12
930996,5年久期政金债,中证5年恒定久期政策性金融债指数,2007-12-31,100.0,中证系列指数,92,224.54,0.18,固定收益,,人民币,否,否,无,利率债,2017-07-20
930998,港股通大湾区,中证港股通粤港澳大湾区发展主题指数,2016-12-30,1000.0,中证系列指数,50,1207.25,1.89,股票,区域,港元,否,否,无,主题,2017-07-19
931004,女性消费,中证女性消费主题指数,2009-12-31,1000.0,中证系列指数,32,517.65,-1.92,股票,,人民币,否,否,无,主题,2017-07-21
931005,母婴消费,中证母婴消费主题指数,2009-12-31,1000.0,中证系列指数,53,1446.68,6.17,股票,,人民币,否,否,无,主题,2017-07-21
931006,老年消费,中证老年消费主题指数,2009-12-31,1000.0,中证系列指数,50,1378.35,3.36,股票,,人民币,否,否,无,主题,2017-07-21
931010,1-3年国开债,中证1-3年期国开债指数,2007-12-31,100.0,中证系列指数,44,190.30,0.10,固定收益,,人民币,否,否,无,利率债,2017-08-28
931013,消费低波,中证消费低波动指数,2004-12-31,1000.0,中证系列指数,60,13420.30,3.97,股票,Smart Beta,人民币,是,否,无,策略,2017-10-18
931014,成长低波,中证成长低波动指数,2004-12-31,1000.0,中证系列指数,100,11213.04,-2.32,股票,Smart Beta,人民币,是,否,无,策略,2017-10-18
931016,中证5年国债活跃券,中证5年期国债活跃券指数,2011-12-31,100.0,中证系列指数,4,162.36,0.13,固定收益,,人民币,否,否,无,利率债,2017-10-25
931017,中证10年国债活跃券,中证10年期国债活跃券指数,2011-12-31,100.0,中证系列指数,9,173.24,0.11,固定收益,,人民币,否,否,无,利率债,2017-10-25
931018,中证5-10年国债活跃券,中证5-10年期国债活跃券指数,2011-12-31,100.0,中证系列指数,18,172.14,0.15,固定收益,,人民币,否,是,无,利率债,2017-10-25
931019,香港汽车,中证香港汽车产业主题指数,2016-12-30,1000.0,中证系列指数,50,1693.10,-7.25,股票,,港元,否,否,无,主题,2022-07-21
931020,装配建筑,中证装配式建筑主题指数,2015-12-31,1000.0,中证系列指数,33,753.96,-15.24,股票,,人民币,否,否,无,主题,2017-10-17
931021,家电龙头,中证家电龙头指数,2004-12-31,1000.0,中证系列指数,30,15557.33,-5.98,股票,,人民币,是,是,无,主题,2017-10-17
931022,大气治理,中证大气治理主题指数,2011-12-31,1000.0,中证系列指数,21,1416.79,-12.91,股票,绿色,人民币,否,否,无,主题,2017-10-17
931032,复兴100,中证复兴发展100主题指数,2012-12-31,1000.0,中证系列指数,100,2719.67,1.27,股票,,人民币,否,否,无,主题,2017-11-06
931034,南方2025,中证南方养老目标日期2025指数,2005-12-30,1000.0,中证系列指数,10,4199.50,-1.83,多资产,低风险,人民币,是,否,无,策略,2018-01-18
931035,南方2035,中证南方养老目标日期2035指数,2005-12-30,1000.0,中证系列指数,10,4655.37,-3.23,多资产,低风险,人民币,是,否,无,策略,2018-01-18
931036,南方2045,中证南方养老目标日期2045指数,2005-12-30,1000.0,中证系列指数,10,4388.02,-5.72,多资产,低风险,人民币,是,否,无,策略,2018-01-18
931037,绿色领先,沪深300绿色领先股票指数,2015-06-30,1000.0,中证系列指数,100,1102.80,-6.99,股票,绿色,人民币,是,否,无,主题,2018-01-04
931038,A100AH,中证A100AH价格优选指数,2005-12-30,1000.0,中证系列指数,100,6532.10,-8.89,股票,互联互通,人民币,否,否,无,策略,2017-12-06
931039,银行AH,中证银行AH价格优选指数,2004-12-31,1000.0,中证系列指数,42,12070.25,0.35,股票,互联互通,人民币,否,是,无,策略,2017-12-06
931040,证券AH,中证证券AH价格优选指数,2007-06-30,1000.0,中证系列指数,49,839.48,1.43,股票,互联互通,人民币,否,否,无,策略,2017-12-06
931041,证保AH,中证证券保险AH价格优选指数,2004-12-31,1000.0,中证系列指数,49,9656.84,0.93,股票,互联互通,人民币,否,否,无,策略,2017-12-06
931042,能源AH,中证能源AH价格优选指数,2004-12-31,1000.0,中证系列指数,24,4007.92,-3.67,股票,互联互通,人民币,否,否,无,策略,2017-12-06
931043,央企AH,中证中央企业AH价格优选指数,2008-12-31,1000.0,中证系列指数,100,2819.12,-5.74,股票,互联互通,人民币,否,否,无,策略,2017-12-06
931044,国企AH,中证国有企业AH价格优选指数,2009-06-30,1000.0,中证系列指数,200,1724.39,-5.40,股票,互联互通,人民币,否,否,无,策略,2017-12-06
931054,财务稳健,中证财务稳健指数,2005-06-30,1000.0,中证系列指数,100,11776.27,-19.42,股票,Smart Beta,人民币,否,否,无,策略,2017-12-11
931055,稳健低波,中证财务稳健低波动指数,2004-12-31,1000.0,中证系列指数,50,13995.43,-12.80,股票,Smart Beta,人民币,否,否,无,策略,2017-12-11
931057,股权激励,中证股权激励主题指数,2011-12-31,1000.0,中证系列指数,50,5363.57,-28.08,股票,,人民币,否,否,无,主题,2018-01-04
931058,竞争优势,中证竞争优势主题指数,2012-12-31,1000.0,中证系列指数,50,3778.64,3.93,股票,,人民币,否,否,无,主题,2018-01-04
931059,同业存单AAA,中证同业存单AAA指数,2014-12-31,100.0,中证系列指数,7669,141.13,0.12,固定收益,,人民币,否,是,无,其他固收指数,2018-01-11
931060,高等级同业存单,中证高等级同业存单指数,2014-12-31,100.0,中证系列指数,10514,141.56,0.12,固定收益,,人民币,否,否,无,其他固收指数,2018-01-11
931061,时钟配置,中证时钟配置策略指数,2005-12-30,1000.0,中证系列指数,4,3725.51,-2.49,多资产,,人民币,否,否,无,策略,2018-01-22
931062,质量低波,中证质量成长低波动指数,2005-06-30,1000.0,中证系列指数,50,14145.07,0.48,股票,Smart Beta,人民币,是,否,无,策略,2018-01-22
931063,创始经营,中证创始人持续经营主题指数,2016-12-31,1000.0,中证系列指数,50,2233.92,-16.70,股票,,人民币,否,否,无,主题,2018-01-22
931067,绩优策略,中证申万绩优策略指数,2005-06-30,1000.0,中证系列指数,100,7930.26,-10.46,股票,,人民币,是,否,无,策略,2018-02-14
931078,中证转债及可交换债,中证可转债及可交换债券指数,2002-12-31,100.0,中证系列指数,300,526.62,-2.79,固定收益,,人民币,否,是,无,可转债,2019-01-22
931080,30年国债,中证30年期国债指数,2010-12-31,100.0,中证系列指数,13,243.28,0.00,固定收益,,人民币,否,否,无,利率债,2023-12-19
931082,A500现金流,中证A500自由现金流指数,2013-12-31,1000.0,中证系列指数,50,4271.96,1.48,股票,,人民币,否,否,无,策略,2025-07-16
931083,全球电子游戏,中证全球电子游戏指数,2012-12-31,1000.0,中证系列指数,25,6090.65,4.61,股票,,人民币,否,否,无,主题,2018-05-07
931088,180 ESG,中证180 ESG指数,2015-12-31,1000.0,中证系列指数,143,1321.08,-3.70,股票,绿色,人民币,是,是,无,主题,2018-12-10
931090,海外中国能源,中证海外中国内地企业互联互通能源指数,2014-11-14,1000.0,中证系列指数,14,1391.27,-1.49,股票,,人民币,否,否,无,行业,2018-08-14
931091,海外中国材料,中证海外中国内地企业互联互通原材料指数,2014-11-14,1000.0,中证系列指数,32,2110.29,-13.53,股票,,人民币,否,否,无,行业,2018-08-14
931092,海外中国工业,中证海外中国内地企业互联互通工业指数,2014-11-14,1000.0,中证系列指数,99,806.22,-4.44,股票,,人民币,否,否,无,行业,2018-08-14
931093,海外中国可选,中证海外中国内地企业互联互通可选消费指数,2014-11-14,1000.0,中证系列指数,87,1627.16,3.97,股票,,人民币,否,否,无,行业,2018-08-14
931094,海外中国消费,中证海外中国内地企业互联互通主要消费指数,2014-11-14,1000.0,中证系列指数,37,623.48,4.75,股票,,人民币,否,否,无,行业,2018-08-14
931096,海外中国金融,中证海外中国内地企业互联互通金融指数,2014-11-14,1000.0,中证系列指数,50,1377.49,-2.19,股票,,人民币,否,否,无,行业,2018-08-14
931097,海外中国信息,中证海外中国内地企业互联互通信息技术指数,2014-11-14,1000.0,中证系列指数,56,1736.73,-18.57,股票,,人民币,否,否,无,行业,2018-08-14
931098,海外中国通信,中证海外中国内地企业互联互通通信服务指数,2014-11-14,1000.0,中证系列指数,30,1134.36,-2.04,股票,,人民币,否,否,无,行业,2018-08-14
931099,海外中国公用,中证海外中国内地企业互联互通公用事业指数,2014-11-14,1000.0,中证系列指数,22,772.94,-2.41,股票,,人民币,否,否,无,行业,2018-08-14
931120,中国互联网1040,中证海外中国互联网1040指数,2007-06-29,1000.0,中证系列指数,34,3502.87,5.18,股票,,人民币,否,否,无,主题,2018-09-28
931127,浙江新动能,中证浙江新动能指数,2008-12-31,1000.0,中证系列指数,100,4424.59,-7.38,股票,,人民币,否,否,无,主题,2019-01-22
931129,盈利估值,中证盈利估值策略指数,2009-06-30,1000.0,中证系列指数,50,7092.71,4.08,股票,,人民币,否,否,无,策略,2018-12-04
931130,红利成长低波,中证红利成长低波动指数,2005-12-30,1000.0,中证系列指数,50,23070.30,4.13,股票,红利/高股息,人民币,是,否,无,策略,2018-12-04
931131,乡村振兴,中证乡村振兴主题指数,2016-12-30,1000.0,中证系列指数,50,1170.42,0.05,股票,,人民币,否,否,无,主题,2017-06-14
931132,诚通央企红利,中证诚通央企红利指数,2016-12-30,1000.0,中证系列指数,49,1602.20,0.60,股票,红利/高股息,人民币,是,是,无,策略,2023-05-04
931138,高息低波,中证高股息低波动指数,2004-12-31,1000.0,中证系列指数,50,10348.63,4.60,股票,红利/高股息,人民币,否,否,无,策略,2018-12-04
931143,CS红利配置,中证红利配置策略指数,2013-12-31,1000.0,中证系列指数,1,2530.00,-1.75,多资产,红利/高股息,人民币,否,否,无,策略,2019-04-22
931145,中证绿色债,中证绿色债券指数,2016-12-30,100.0,中证系列指数,1093,141.97,0.15,固定收益,,人民币,否,否,无,综合债,2019-01-31
931146,交易所绿色债AAA,中证交易所绿色债券AAA指数,2016-12-30,100.0,中证系列指数,236,146.88,0.21,固定收益,,人民币,否,否,无,信用债,2019-01-31
931147,交易所高等级绿色债,中证交易所高等级绿色债券指数,2016-12-30,100.0,中证系列指数,289,148.56,0.21,固定收益,,人民币,否,否,无,信用债,2019-01-31
931148,ESG 80,中证ECPI ESG 80指数,2011-06-30,1000.0,中证系列指数,80,1905.73,5.59,股票,绿色,人民币,是,否,无,主题,2019-02-27
931149,环境质量,中证环境治理质量策略指数,2012-06-29,1000.0,中证系列指数,50,1218.07,-16.33,股票,绿色,人民币,否,否,无,策略,2019-01-31
931150,绿色质量,中证绿色产业质量策略指数,2012-06-29,1000.0,中证系列指数,100,3372.03,-16.02,股票,,人民币,否,否,无,策略,2019-01-31
931153,FOF基金,中证基金中基金指数,2018-02-22,1000.0,中证系列指数,952,1490.82,-1.16,基金,,人民币,否,否,无,-,2019-05-24
931154,能源CFI,中证能源期货成份指数,2012-03-30,100.0,中证系列指数,5,253.25,0.14,期货,,人民币,否,否,无,,2019-08-27
931155,300质量成长,沪深300质量成长指数,2004-12-31,1000.0,中证系列指数,50,10620.54,-9.51,股票,Smart Beta,人民币,否,否,无,策略,2019-04-22
931156,800质量成长,中证800质量成长指数,2004-12-31,1000.0,中证系列指数,150,15810.42,-10.08,股票,Smart Beta,人民币,否,否,无,策略,2019-04-22
931161,0-4年地债,中证0-4年期地方政府债指数,2013-12-31,100.0,中证系列指数,3300,152.30,0.12,固定收益,,人民币,否,是,无,利率债,2019-04-25
931162,中证转债及可交换债50,中证可转债及可交换债券50指数,2002-12-31,100.0,中证系列指数,50,473.30,-2.16,固定收益,,人民币,否,否,无,可转债,2019-04-25
931168,绿色价值100,中证绿色价值ESG100指数,2016-06-30,1000.0,中证系列指数,100,1485.56,-4.36,股票,,人民币,是,否,无,主题,2019-06-27
931169,证券30,中证嘉实证券行业30指数,2013-12-31,1000.0,中证系列指数,30,1789.67,5.78,股票,,人民币,是,否,无,主题,2019-05-30
931170,民企龙头,中证嘉实民企龙头指数,2012-06-29,1000.0,中证系列指数,48,2401.99,-8.75,股票,,人民币,是,否,无,主题,2019-04-25
931172,信用主体50,中证信用主体50债券指数,2012-12-31,100.0,中证系列指数,1361,169.33,0.18,固定收益,,人民币,否,否,无,信用债,2019-05-30
931173,中证消费与供应链金融ABS,中证消费与供应链金融资产支持证券指数,2015-12-31,100.0,中证系列指数,1298,143.97,0.14,固定收益,,人民币,否,否,无,其他固收指数,2019-06-10
931174,0-3年央企25,中证0-3年央企25债券指数,2013-12-31,100.0,中证系列指数,700,163.09,0.15,固定收益,,人民币,否,否,无,信用债,2019-05-30
931175,银行50金融债,中证银行50金融债指数,2013-12-31,100.0,中证系列指数,530,166.76,0.14,固定收益,,人民币,否,是,无,信用债,2019-05-30
931177,全球台州综指,中证全球台州综合指数,2010-12-31,1000.0,中证系列指数,74,1701.75,-11.61,股票,,人民币,是,否,无,主题,2019-05-30
931180,易方达2030,中证易方达财富养老目标日期2030基金指数,2011-12-30,1000.0,中证系列指数,1,2481.58,2.27,多资产,,人民币,是,否,无,策略,2019-05-24
931181,易方达2040,中证易方达财富养老目标日期2040基金指数,2011-12-30,1000.0,中证系列指数,1,2928.36,3.38,多资产,,人民币,是,否,无,策略,2019-05-24
931182,易方达2050,中证易方达财富养老目标日期2050基金指数,2011-12-30,1000.0,中证系列指数,1,3179.85,3.33,多资产,,人民币,是,否,无,策略,2019-05-24
931183,易方达2060,中证易方达财富养老目标日期2060基金指数,2011-12-30,1000.0,中证系列指数,1,3107.00,0.80,多资产,,人民币,是,否,无,策略,2019-05-24
931184,易方达中低,中证易方达财富养老目标中低风险基金指数,2011-12-30,1000.0,中证系列指数,2,2128.45,-1.05,多资产,,人民币,是,否,无,策略,2019-05-24
931185,易方达中等,中证易方达财富养老目标中等风险基金指数,2011-12-30,1000.0,中证系列指数,1,2257.49,0.33,多资产,,人民币,是,否,无,策略,2019-05-24
931188,300欧元对冲,沪深300欧元对冲指数,2010-12-31,3128.261,中证系列指数,300,3752.86,-8.12,股票,,欧元,否,否,无,策略,2019-11-15
931189,信用债AAA,中证信用债AAA指数,2007-12-31,100.0,中证系列指数,13389,251.74,0.24,固定收益,,人民币,否,否,无,信用债,2019-06-27
931190,信用债AA+,中证信用债AA+指数,2007-12-31,100.0,中证系列指数,4024,265.94,0.20,固定收益,,人民币,否,否,无,信用债,2019-06-27
931191,信用债AA,中证信用债AA指数,2007-12-31,100.0,中证系列指数,1027,296.43,0.22,固定收益,,人民币,否,否,无,信用债,2019-06-27
931192,信用债0-1,中证信用债0-1年指数,2007-12-31,100.0,中证系列指数,6324,191.42,0.13,固定收益,,人民币,否,否,无,信用债,2019-06-27
931193,信用债1-3,中证信用债1-3年指数,2007-12-31,100.0,中证系列指数,10423,232.37,0.17,固定收益,,人民币,否,否,无,信用债,2019-06-27
931194,信用债3-5,中证信用债3-5年指数,2007-12-31,100.0,中证系列指数,5816,262.38,0.21,固定收益,,人民币,否,否,无,信用债,2019-06-27
931195,信用债5-7,中证信用债5-7年指数,2007-12-31,100.0,中证系列指数,515,299.17,0.35,固定收益,,人民币,否,否,无,信用债,2019-06-27
931196,信用债7-10,中证信用债7-10年指数,2007-12-31,100.0,中证系列指数,1274,293.26,0.35,固定收益,,人民币,否,否,无,信用债,2019-06-27
931197,信用债1-5,中证信用债1-5年指数,2007-12-31,100.0,中证系列指数,16239,244.30,0.18,固定收益,,人民币,否,否,无,信用债,2019-06-27
931198,信用债中高等级,中证信用债中高等级指数,2007-12-31,100.0,中证系列指数,17413,252.80,0.23,固定收益,,人民币,否,否,无,信用债,2019-06-27
931199,信用债0-1中高等级,中证信用债0-1年中高等级指数,2007-12-31,100.0,中证系列指数,5925,191.55,0.13,固定收益,,人民币,否,否,无,信用债,2019-06-27
931200,信用债1-3中高等级,中证信用债1-3年中高等级指数,2007-12-31,100.0,中证系列指数,9810,229.64,0.17,固定收益,,人民币,否,否,无,信用债,2019-06-27
931201,信用债3-5中高等级,中证信用债3-5年中高等级指数,2007-12-31,100.0,中证系列指数,5428,257.79,0.21,固定收益,,人民币,否,否,无,信用债,2019-06-27
931202,信用债5-7中高等级,中证信用债5-7年中高等级指数,2007-12-31,100.0,中证系列指数,504,291.26,0.35,固定收益,,人民币,否,否,无,信用债,2019-06-27
931203,信用债7-10中高等级,中证信用债7-10年中高等级指数,2007-12-31,100.0,中证系列指数,1260,292.03,0.35,固定收益,,人民币,否,否,无,信用债,2019-06-27
931204,信用债1-5中高等级,中证信用债1-5年中高等级指数,2007-12-31,100.0,中证系列指数,15238,241.29,0.18,固定收益,,人民币,否,否,无,信用债,2019-06-27
931205,信用债0-1AAA,中证信用债0-1年AAA指数,2007-12-31,100.0,中证系列指数,2558,186.61,0.12,固定收益,,人民币,否,否,无,信用债,2019-06-27
931206,信用债1-3AAA,中证信用债1-3年AAA指数,2007-12-31,100.0,中证系列指数,7341,225.84,0.17,固定收益,,人民币,否,否,无,信用债,2019-06-27
931207,信用债3-5AAA,中证信用债3-5年AAA指数,2007-12-31,100.0,中证系列指数,3980,251.28,0.21,固定收益,,人民币,否,否,无,信用债,2019-06-27
931208,信用债5-7AAA,中证信用债5-7年AAA指数,2007-12-31,100.0,中证系列指数,442,283.08,0.35,固定收益,,人民币,否,否,无,信用债,2019-06-27
931209,信用债7-10AAA,中证信用债7-10年AAA指数,2007-12-31,100.0,中证系列指数,1219,290.99,0.35,固定收益,,人民币,否,否,无,信用债,2019-06-27
931210,信用债1-5AAA,中证信用债1-5年AAA指数,2007-12-31,100.0,中证系列指数,11321,236.97,0.18,固定收益,,人民币,否,否,无,信用债,2019-06-27
931211,信用债0-1AA+,中证信用债0-1年AA+指数,2007-12-31,100.0,中证系列指数,1654,205.82,0.14,固定收益,,人民币,否,否,无,信用债,2019-06-27
931212,信用债1-3AA+,中证信用债1-3年AA+指数,2009-12-31,100.0,中证系列指数,2469,215.32,0.17,固定收益,,人民币,否,否,无,信用债,2019-06-27
931213,信用债3-5AA+,中证信用债3-5年AA+指数,2008-12-31,100.0,中证系列指数,1448,243.00,0.24,固定收益,,人民币,否,否,无,信用债,2019-06-27
931214,信用债5-7AA+,中证信用债5-7年AA+指数,2007-12-31,100.0,中证系列指数,62,313.62,0.27,固定收益,,人民币,否,否,无,信用债,2019-06-27
931215,信用债7-10AA+,中证信用债7-10年AA+指数,2007-12-31,100.0,中证系列指数,41,290.65,0.27,固定收益,,人民币,否,否,无,信用债,2019-06-27
931216,信用债1-5AA+,中证信用债1-5年AA+指数,2008-12-31,100.0,中证系列指数,3917,230.09,0.20,固定收益,,人民币,否,否,无,信用债,2019-06-27
931217,信用债0-1AA,中证信用债0-1年AA指数,2007-12-31,100.0,中证系列指数,399,211.94,0.13,固定收益,,人民币,否,否,无,信用债,2019-06-27
931218,信用债1-3AA,中证信用债1-3年AA指数,2008-12-31,100.0,中证系列指数,613,237.99,0.17,固定收益,,人民币,否,否,无,信用债,2019-06-27
931219,信用债3-5AA,中证信用债3-5年AA指数,2008-12-31,100.0,中证系列指数,388,270.22,0.28,固定收益,,人民币,否,否,无,信用债,2019-06-27
931220,信用债5-7AA,中证信用债5-7年AA指数,2007-12-31,100.0,中证系列指数,11,375.40,0.47,固定收益,,人民币,否,否,无,信用债,2019-06-27
931221,信用债7-10AA,中证信用债7-10年AA指数,2008-12-31,100.0,中证系列指数,14,281.98,0.38,固定收益,,人民币,否,否,无,信用债,2019-06-27
931222,信用债1-5AA,中证信用债1-5年AA指数,2008-12-31,100.0,中证系列指数,1001,249.70,0.22,固定收益,,人民币,否,否,无,信用债,2019-06-27
931223,智选央企质量信用债,中证智选央企质量信用债指数,2018-12-31,100.0,中证系列指数,1165,129.78,0.20,固定收益,,人民币,是,否,无,信用债,2023-10-25
931224,港股通休闲消费,中证港股通休闲消费主题指数,2016-12-30,1000.0,中证系列指数,40,948.89,2.20,股票,,港元,否,否,无,主题,2017-06-23
931225,农银乡村振兴,中证农银乡村振兴指数,2016-12-30,1000.0,中证系列指数,100,1504.39,0.18,股票,,人民币,是,否,无,主题,2023-06-19
931226,1000质量成长,中证1000质量成长指数,2011-12-30,1000.0,中证系列指数,100,5171.68,-19.11,股票,Smart Beta,人民币,否,否,无,策略,2023-07-19
931227,国泰海通ESG股债联动,中证国泰海通ESG股债联动策略指数,2017-12-29,1000.0,中证系列指数,4,1811.84,-2.79,多资产,,人民币,是,否,无,策略,2023-03-22
931229,中证氢能,中证氢能指数,2019-06-28,1000.0,中证系列指数,44,1498.62,-15.81,股票,绿色,人民币,否,否,无,主题,2023-04-03
931230,汽车零部件,中证汽车零部件主题指数,2016-12-30,1000.0,中证系列指数,100,956.19,-18.77,股票,,人民币,否,是,无,主题,2013-07-15
931231,央企红利50,中证央企红利50指数,2016-12-30,1000.0,中证系列指数,50,1696.96,0.33,股票,红利/高股息,人民币,否,是,无,策略,2023-05-04
931233,港股通央企红利,中证港股通央企红利指数,2014-11-14,1000.0,中证系列指数,50,1111.89,-1.81,股票,红利/高股息,港元,否,是,无,策略,2017-06-28
931234,长三角示范区50,中证长三角生态绿色一体化发展示范区50指数,2019-12-31,1000.0,中证系列指数,43,2287.87,-27.21,股票,区域,人民币,是,否,无,主题,2023-04-13
931235,中证电信,中证电信主题指数,2018-12-28,1000.0,中证系列指数,50,2993.26,-10.14,股票,,人民币,否,是,无,主题,2022-07-21
931236,转债价值,中证可转换债券价值指数,2017-12-29,100.0,中证系列指数,51,233.47,1.07,固定收益,,人民币,否,否,无,可转债,2023-04-03
931237,CS贵金属,中证贵金属产业指数,2014-12-31,1000.0,中证系列指数,36,2535.18,-13.25,股票,,人民币,否,否,无,主题,2024-01-12
931238,SSH黄金股票,中证沪深港黄金产业股票指数,2014-12-31,1000.0,中证系列指数,47,2566.18,-12.07,股票,沪港深,人民币,否,是,无,主题,2017-10-17
931239,港股通汽车,中证港股通汽车产业主题指数,2016-12-30,1000.0,中证系列指数,50,1953.80,-6.46,股票,,港元,否,是,无,主题,2022-07-21
931240,金选偏股基金,中证金选偏股基金策略指数,2018-12-28,1000.0,中证系列指数,95,2437.79,-11.31,基金,,人民币,否,否,无,策略,2023-06-28
931241,家居家电,中证家居家电指数,2014-12-31,1000.0,中证系列指数,50,1303.38,-11.21,股票,,人民币,否,是,无,主题,2023-03-23
931242,央企ESG 50,中证央企ESG 50指数,2017-06-30,1000.0,中证系列指数,50,1299.46,-5.29,股票,ESG,人民币,否,否,无,主题,2023-05-04
931243,诚通央企ESG,中证诚通央企ESG指数,2016-12-30,1000.0,中证系列指数,50,1758.75,-7.61,股票,ESG,人民币,是,是,无,主题,2023-05-04
931244,信达央企质量50,中证信达中央企业质量50指数,2016-12-30,1000.0,中证系列指数,50,1498.35,-4.08,股票,,人民币,是,否,无,策略,2023-08-01
931245,央企基建,中证央企基建指数,2016-12-30,1000.0,中证系列指数,48,794.29,-3.42,股票,国企改革,人民币,否,否,无,主题,2023-05-04
931246,商用飞机,中证商用飞机高端制造主题指数,2017-12-29,1000.0,中证系列指数,50,1548.15,-14.67,股票,,人民币,否,否,无,主题,2022-07-21
931247,中证信创,中证信息技术应用创新产业指数,2017-12-29,1000.0,中证系列指数,50,1383.66,-10.72,股票,,人民币,否,是,无,主题,2012-12-21
931248,油气资源,中证油气资源指数,2014-12-31,1000.0,中证系列指数,44,1011.34,-5.76,股票,,人民币,否,是,无,主题,2023-06-12
931249,沪深港内地100,中证沪深港中国内地企业100指数,2016-12-30,1000.0,中证系列指数,133,1644.93,-3.62,股票,,人民币,否,否,无,主题,2023-11-20
931250,港股通创新药,中证港股通创新药指数,2017-12-29,1000.0,中证系列指数,42,993.86,13.22,股票,,港元,否,是,无,主题,2012-07-20
931251,国新央企ESG成长100,中证国新央企ESG成长100指数,2018-06-29,1000.0,中证系列指数,100,1385.80,-11.35,股票,ESG,人民币,是,否,无,策略,2023-05-08
931252,汽车电子产业,中证汽车电子产业指数,2018-12-28,1000.0,中证系列指数,50,2460.24,-21.72,股票,,人民币,否,否,无,主题,2022-01-07
931253,证券时报ESG百强,中证证券时报ESG百强指数,2019-12-31,1000.0,中证系列指数,99,1329.02,-8.25,股票,,人民币,是,否,无,主题,2023-09-21
931254,央企高装,中证央企高端装备制造指数,2016-12-30,1000.0,中证系列指数,50,1138.85,-15.39,股票,,人民币,否,否,无,主题,2023-05-04
931255,主动偏股优选等权基金,中证主动偏股型基金优选等权指数,2007-12-31,1000.0,中证系列指数,3811,2531.20,-11.60,基金,,人民币,否,否,无,-,2023-11-06
931257,SSH贵金属,中证沪深港贵金属产业指数,2014-12-31,1000.0,中证系列指数,48,2474.99,-13.52,股票,,人民币,否,否,无,主题,2016-11-07
931258,东证价值,中证东方红价值领先指数,2009-12-31,1000.0,中证系列指数,100,5981.11,-6.58,股票,,人民币,是,否,无,策略,2024-09-30
931260,互联互通A股投资,中证互联互通A股投资主题指数,2017-03-31,1000.0,中证系列指数,300,2040.53,-6.60,股票,,人民币,否,否,无,主题,2019-11-18
931261,全球电子竞技,中证全球电子竞技主题指数,2012-12-31,1000.0,中证系列指数,32,4525.84,4.50,股票,,人民币,是,否,无,主题,2019-11-25
931265,民企300,中证民企300指数,2009-06-30,1000.0,中证系列指数,300,2284.36,-15.67,股票,,人民币,否,是,无,主题,2019-11-15
931266,民企贡献,中证民企贡献指数,2013-12-31,1000.0,中证系列指数,500,2799.64,-8.48,股票,,人民币,否,否,无,主题,2019-11-15
931267,民企领先,中证民企领先指数,2012-12-31,1000.0,中证系列指数,100,2912.45,-3.09,股票,,人民币,是,否,无,主题,2019-11-15
931269,港股通30,中证港股通30指数,2014-11-14,3000.0,中证系列指数,30,4337.28,4.92,股票,互联互通,港元,否,否,无,规模,2023-11-21
931271,通信设备主题,中证通信设备主题指数,2018-12-28,1000.0,中证系列指数,50,4395.16,-25.17,股票,,人民币,否,是,无,主题,2012-12-21
931272,华夏银行绿色经济,中证华夏银行绿色经济财富指数,2017-12-29,1000.0,中证系列指数,2,1702.13,-0.76,多资产,,人民币,是,否,无,策略,2023-11-20
931273,海南指数,中证海南发展主题指数,2012-12-31,1000.0,中证系列指数,19,1287.05,-20.63,股票,,人民币,否,否,无,主题,2019-10-18
931274,政金债0-1,中证政策性金融债0-1年指数,2007-12-31,100.0,中证系列指数,69,169.11,0.09,固定收益,,人民币,否,否,无,利率债,2019-11-18
931275,政金债1-5,中证政策性金融债1-5年指数,2007-12-31,100.0,中证系列指数,146,198.32,0.11,固定收益,,人民币,否,否,无,利率债,2019-11-18
931276,政金债5-10,中证政策性金融债5-10年指数,2007-12-31,100.0,中证系列指数,66,238.39,0.22,固定收益,,人民币,否,否,无,利率债,2019-11-18
931277,政金债10+,中证政策性金融债10+年指数,2007-12-31,100.0,中证系列指数,23,271.61,0.13,固定收益,,人民币,否,否,无,利率债,2019-11-18
931278,政金债10-25,中证政策性金融债10-25年指数,2007-12-31,100.0,中证系列指数,21,268.79,0.12,固定收益,,人民币,否,否,无,利率债,2019-11-18
931279,国开债,中证国开债指数,2007-12-31,100.0,中证系列指数,89,225.36,0.16,固定收益,,人民币,否,否,无,利率债,2019-11-18
931280,国开债0-1,中证国开债0-1年指数,2007-12-31,100.0,中证系列指数,28,168.79,0.09,固定收益,,人民币,否,否,无,利率债,2019-11-18
931281,国开债1-5,中证国开债1-5年指数,2007-12-31,100.0,中证系列指数,65,199.32,0.11,固定收益,,人民币,否,否,无,利率债,2019-11-18
931282,国开债3-5,中证国开债3-5年指数,2007-12-31,100.0,中证系列指数,28,209.55,0.11,固定收益,,人民币,否,否,无,利率债,2019-11-18
931283,国开债5-7,中证国开债5-7年指数,2007-12-31,100.0,中证系列指数,16,232.95,0.18,固定收益,,人民币,否,否,无,利率债,2019-11-18
931284,国开债5-10,中证国开债5-10年指数,2007-12-31,100.0,中证系列指数,29,236.70,0.21,固定收益,,人民币,否,否,无,利率债,2019-11-18
931285,国开债10+,中证国开债10+年指数,2007-12-31,100.0,中证系列指数,16,271.34,0.10,固定收益,,人民币,否,否,无,利率债,2019-11-18
931286,国开债10-25,中证国开债10-25年指数,2007-12-31,100.0,中证系列指数,15,268.79,0.10,固定收益,,人民币,否,否,无,利率债,2019-11-18
931287,农发债,中证农发债指数,2007-12-31,100.0,中证系列指数,64,213.31,0.17,固定收益,,人民币,否,否,无,利率债,2019-11-18
931288,农发债0-1,中证农发债0-1年指数,2007-12-31,100.0,中证系列指数,17,169.76,0.10,固定收益,,人民币,否,否,无,利率债,2019-11-18
931289,农发债1-3,中证农发债1-3年指数,2007-12-31,100.0,中证系列指数,36,188.24,0.09,固定收益,,人民币,否,否,无,利率债,2019-11-18
931290,农发债1-5,中证农发债1-5年指数,2007-12-31,100.0,中证系列指数,51,197.17,0.10,固定收益,,人民币,否,否,无,利率债,2019-11-18
931291,农发债3-5,中证农发债3-5年指数,2007-12-31,100.0,中证系列指数,21,212.34,0.11,固定收益,,人民币,否,否,无,利率债,2019-11-18
931292,农发债5-7,中证农发债5-7年指数,2007-12-31,100.0,中证系列指数,15,241.02,0.20,固定收益,,人民币,否,否,无,利率债,2019-11-18
931293,农发债5-10,中证农发债5-10年指数,2007-12-31,100.0,中证系列指数,25,244.41,0.24,固定收益,,人民币,否,否,无,利率债,2019-11-18
931294,农发债7-10,中证农发债7-10年指数,2007-12-31,100.0,中证系列指数,13,246.71,0.27,固定收益,,人民币,否,否,无,利率债,2019-11-18
931295,进出口债,中证进出口债指数,2007-12-31,100.0,中证系列指数,31,212.54,0.19,固定收益,,人民币,否,否,无,利率债,2019-11-18
931296,进出口债0-1,中证进出口债0-1年指数,2007-12-31,100.0,中证系列指数,24,168.48,0.09,固定收益,,人民币,否,否,无,利率债,2019-11-18
931297,进出口债1-3,中证进出口债1-3年指数,2007-12-31,100.0,中证系列指数,22,189.07,0.10,固定收益,,人民币,否,否,无,利率债,2019-11-18
931298,进出口债1-5,中证进出口债1-5年指数,2007-12-31,100.0,中证系列指数,30,197.22,0.12,固定收益,,人民币,否,否,无,利率债,2019-11-18
931299,进出口债3-5,中证进出口债3-5年指数,2007-12-31,100.0,中证系列指数,11,213.22,0.13,固定收益,,人民币,否,否,无,利率债,2019-11-18
931300,进出口债5-7,中证进出口债5-7年指数,2008-12-31,100.0,中证系列指数,8,205.63,0.22,固定收益,,人民币,否,否,无,利率债,2019-11-18
931301,进出口债5-10,中证进出口债5-10年指数,2008-12-31,100.0,中证系列指数,12,207.47,0.25,固定收益,,人民币,否,否,无,利率债,2019-11-18
931302,进出口债7-10,中证进出口债7-10年指数,2011-12-31,100.0,中证系列指数,5,196.49,0.28,固定收益,,人民币,否,否,无,利率债,2019-11-18
931303,国债及政金债,中证国债及政策性金融债指数,2007-12-31,100.0,中证系列指数,368,223.93,0.19,固定收益,,人民币,否,否,无,利率债,2019-11-18
931304,国债及政金债0-1,中证国债及政策性金融债0-1年指数,2007-12-31,100.0,中证系列指数,107,163.15,0.10,固定收益,,人民币,否,否,无,利率债,2019-11-18
931305,国债及政金债1-3,中证国债及政策性金融债1-3年指数,2007-12-31,100.0,中证系列指数,150,182.46,0.12,固定收益,,人民币,否,否,无,利率债,2019-11-18
931306,国债及政金债1-5,中证国债及政策性金融债1-5年指数,2007-12-31,100.0,中证系列指数,220,190.65,0.13,固定收益,,人民币,否,否,无,利率债,2019-11-18
931307,国债及政金债3-5,中证国债及政策性金融债3-5年指数,2007-12-31,100.0,中证系列指数,94,203.24,0.15,固定收益,,人民币,否,否,无,利率债,2019-11-18
931308,国债及政金债5-7,中证国债及政策性金融债5-7年指数,2007-12-31,100.0,中证系列指数,65,224.45,0.22,固定收益,,人民币,否,否,无,利率债,2019-11-18
931309,国债及政金债5-10,中证国债及政策性金融债5-10年指数,2007-12-31,100.0,中证系列指数,112,231.22,0.24,固定收益,,人民币,否,否,无,利率债,2019-11-18
931310,国债及政金债7-10,中证国债及政策性金融债7-10年指数,2007-12-31,100.0,中证系列指数,59,236.70,0.25,固定收益,,人民币,否,否,无,利率债,2019-11-18
931311,国债及政金债10+,中证国债及政策性金融债10+年指数,2007-12-31,100.0,中证系列指数,107,290.14,0.19,固定收益,,人民币,否,否,无,利率债,2019-11-18
931312,国债及政金债10-25,中证国债及政策性金融债10-25年指数,2007-12-31,100.0,中证系列指数,61,270.70,0.19,固定收益,,人民币,否,否,无,利率债,2019-11-18
931313,国债及政金债30,中证国债及政策性金融债30年指数,2007-12-31,100.0,中证系列指数,17,300.45,0.01,固定收益,,人民币,否,否,无,利率债,2019-11-18
931314,1-5年长三角地债,中证1-5年期长三角地方政府债指数,2013-12-31,100.0,中证系列指数,507,158.91,0.15,固定收益,,人民币,否,否,无,利率债,2019-10-18
931315,1-5年江苏债,中证1-5年期江苏省地方政府债指数,2014-12-31,100.0,中证系列指数,74,148.69,0.15,固定收益,,人民币,否,否,无,利率债,2019-10-18
931316,1-5年山东债,中证1-5年期山东省地方政府债指数,2014-12-31,100.0,中证系列指数,178,149.22,0.16,固定收益,,人民币,否,否,无,利率债,2019-10-18
931317,1-5年四川债,中证1-5年期四川省地方政府债指数,2015-12-31,100.0,中证系列指数,234,140.05,0.16,固定收益,,人民币,否,否,无,利率债,2019-10-18
931318,1-5年湖南债,中证1-5年期湖南省地方政府债指数,2015-12-31,100.0,中证系列指数,106,138.83,0.16,固定收益,,人民币,否,否,无,利率债,2019-10-18
931319,1-5年贵州债,中证1-5年期贵州省地方政府债指数,2015-12-31,100.0,中证系列指数,80,140.39,0.15,固定收益,,人民币,否,否,无,利率债,2019-10-18
931320,1-5年河南债,中证1-5年期河南省地方政府债指数,2015-12-31,100.0,中证系列指数,171,140.25,0.14,固定收益,,人民币,否,否,无,利率债,2019-10-18
931321,1-5年浙江债,中证1-5年期浙江省地方政府债指数,2013-12-31,100.0,中证系列指数,135,158.01,0.15,固定收益,,人民币,否,否,无,利率债,2019-10-18
931322,1-5年广东债,中证1-5年期广东省地方政府债指数,2013-12-31,100.0,中证系列指数,147,158.43,0.15,固定收益,,人民币,否,否,无,利率债,2019-10-18
931323,1-5年河北债,中证1-5年期河北省地方政府债指数,2015-12-31,100.0,中证系列指数,126,139.77,0.13,固定收益,,人民币,否,否,无,利率债,2019-10-18
931324,1-5年云南债,中证1-5年期云南省地方政府债指数,2015-12-31,100.0,中证系列指数,109,140.17,0.15,固定收益,,人民币,否,否,无,利率债,2019-10-18
931325,1-3年长三角地债,中证1-3年期长三角地方政府债指数,2013-12-31,100.0,中证系列指数,256,151.49,0.11,固定收益,,人民币,否,否,无,利率债,2019-10-18
931326,1-3年江苏债,中证1-3年期江苏省地方政府债指数,2015-12-31,100.0,中证系列指数,36,135.83,0.10,固定收益,,人民币,否,否,无,利率债,2019-10-18
931327,1-3年山东债,中证1-3年期山东省地方政府债指数,2015-12-31,100.0,中证系列指数,64,136.43,0.10,固定收益,,人民币,否,否,无,利率债,2019-10-18
931328,1-3年四川债,中证1-3年期四川省地方政府债指数,2015-12-31,100.0,中证系列指数,142,135.90,0.11,固定收益,,人民币,否,否,无,利率债,2019-10-18
931329,1-3年湖南债,中证1-3年期湖南省地方政府债指数,2015-12-31,100.0,中证系列指数,48,135.51,0.11,固定收益,,人民币,否,否,无,利率债,2019-10-18
931330,1-3年贵州债,中证1-3年期贵州省地方政府债指数,2015-12-31,100.0,中证系列指数,43,136.86,0.10,固定收益,,人民币,否,否,无,利率债,2019-10-18
931331,1-3年河南债,中证1-3年期河南省地方政府债指数,2015-12-31,100.0,中证系列指数,87,135.97,0.10,固定收益,,人民币,否,否,无,利率债,2019-10-18
931332,1-3年浙江债,中证1-3年期浙江省地方政府债指数,2013-12-31,100.0,中证系列指数,75,151.46,0.11,固定收益,,人民币,否,否,无,利率债,2019-10-18
931333,1-3年广东债,中证1-3年期广东省地方政府债指数,2013-12-31,100.0,中证系列指数,70,151.69,0.11,固定收益,,人民币,否,否,无,利率债,2019-10-18
931334,1-3年河北债,中证1-3年期河北省地方政府债指数,2015-12-31,100.0,中证系列指数,73,135.60,0.10,固定收益,,人民币,否,否,无,利率债,2019-10-18
931335,1-3年云南债,中证1-3年期云南省地方政府债指数,2015-12-31,100.0,中证系列指数,55,136.27,0.11,固定收益,,人民币,否,否,无,利率债,2019-10-18
931336,1-5年地债,中证1-5年期地方政府债指数,2013-12-31,100.0,中证系列指数,3902,157.26,0.15,固定收益,,人民币,否,否,无,利率债,2019-10-18
931340,中证转债平衡策略,中证可转换债券平衡策略指数,2016-12-31,100.0,中证系列指数,97,261.23,-0.97,固定收益,,人民币,否,否,无,可转债,2019-11-15
931341,大湾区高质发展,中证建信理财粤港澳大湾区高质量发展指数,2014-12-31,1000.0,中证系列指数,100,1541.71,-3.52,股票,,人民币,是,否,无,主题,2019-10-18
931343,大湾区价值蓝筹,中证建信理财粤港澳大湾区价值蓝筹指数,2014-12-31,1000.0,中证系列指数,50,1799.35,-0.69,股票,,人民币,是,否,无,主题,2019-10-18
931345,大湾区红利低波,中证建信理财粤港澳大湾区红利低波指数,2014-12-31,1000.0,中证系列指数,100,1460.44,-2.25,股票,,人民币,是,否,无,策略,2019-10-18
931347,大湾区科技领先,中证建信理财粤港澳大湾区科技领先指数,2014-12-31,1000.0,中证系列指数,110,2628.76,-9.73,股票,,人民币,是,否,无,主题,2019-10-18
931349,大湾区先进制造,中证建信理财粤港澳大湾区先进制造指数,2014-12-31,1000.0,中证系列指数,57,2604.72,-13.78,股票,,人民币,是,否,无,主题,2019-10-18
931351,大湾区消费升级,中证建信理财粤港澳大湾区消费升级指数,2014-12-31,1000.0,中证系列指数,54,1201.26,3.89,股票,,人民币,是,否,无,主题,2019-10-18
931353,CS科技,中证科技驱动100指数,2008-12-31,1000.0,中证系列指数,100,5623.27,-18.40,股票,,人民币,是,否,无,主题,2019-11-15
931354,CS消费,中证消费驱动100指数,2008-12-31,1000.0,中证系列指数,100,3473.52,1.73,股票,,人民币,是,否,无,主题,2019-11-15
931355,CS周期,中证周期100指数,2008-12-31,1000.0,中证系列指数,100,1871.89,-11.49,股票,,人民币,是,否,无,主题,2019-11-15
931356,民企创新,中证民企创新指数,2009-12-31,1000.0,中证系列指数,200,4285.74,-14.83,股票,,人民币,是,否,无,主题,2019-11-15
931357,优选消费50,中证沪港深优选消费50指数,2009-12-31,1000.0,中证系列指数,50,2447.86,5.17,股票,,人民币,是,是,无,主题,2019-11-15
931360,铁路债券,中证中国铁路债券指数,2011-12-31,100.0,中证系列指数,177,214.22,0.48,固定收益,,人民币,否,否,无,信用债,2019-10-18
931361,铁路债券0-1,中证中国铁路0-1年债券指数,2011-12-31,100.0,中证系列指数,19,159.06,0.09,固定收益,,人民币,否,否,无,信用债,2019-10-18
931362,铁路债券1-3,中证中国铁路1-3年债券指数,2011-12-31,100.0,中证系列指数,25,171.53,0.10,固定收益,,人民币,否,否,无,信用债,2019-10-18
931363,铁路债券1-5,中证中国铁路1-5年债券指数,2011-12-31,100.0,中证系列指数,42,181.60,0.23,固定收益,,人民币,否,否,无,信用债,2019-10-18
931365,铁路债券3-5,中证中国铁路3-5年债券指数,2011-12-31,100.0,中证系列指数,18,190.59,0.40,固定收益,,人民币,否,否,无,信用债,2019-10-18
931366,铁路债券5-7,中证中国铁路5-7年债券指数,2011-12-31,100.0,中证系列指数,33,206.83,0.45,固定收益,,人民币,否,否,无,信用债,2019-10-18
931367,铁路债券5-10,中证中国铁路5-10年债券指数,2011-12-31,100.0,中证系列指数,70,216.61,0.39,固定收益,,人民币,否,否,无,信用债,2019-10-18
931368,铁路债券7-10,中证中国铁路7-10年债券指数,2011-12-31,100.0,中证系列指数,43,225.07,0.35,固定收益,,人民币,否,否,无,信用债,2019-10-18
931369,铁路债券10+,中证中国铁路10+年债券指数,2011-12-31,100.0,中证系列指数,84,261.00,0.63,固定收益,,人民币,否,否,无,信用债,2019-10-18
931370,交易所铁路债券,中证交易所中国铁路债券指数,2011-12-31,100.0,中证系列指数,122,222.23,0.52,固定收益,,人民币,否,否,无,信用债,2019-11-15
931371,品牌消费100,中证品牌消费100策略指数,2008-12-31,1000.0,中证系列指数,100,5796.57,5.84,股票,,人民币,是,否,无,策略,2019-11-25
931376,泰康红利LV,中证泰康红利低波动指数,2007-12-31,1000.0,中证系列指数,100,2908.84,1.16,股票,红利/高股息,人民币,是,否,无,策略,2019-11-28
931377,经济成长,中证华夏经济成长指数,2004-12-31,1000.0,中证系列指数,328,10359.32,-0.04,股票,,人民币,是,否,无,策略,2019-12-26
931378,AH经济成长,中证华夏AH经济成长指数,2004-12-31,1000.0,中证系列指数,488,6188.22,0.75,股票,,人民币,是,否,无,策略,2019-12-26
931382,智选300 ESG领先,中证智选300 ESG领先指数,2015-12-31,1000.0,中证系列指数,100,1515.31,-5.54,股票,,人民币,是,是,无,主题,2019-11-25
931383,CS医药50,中证生物医药主题50指数,2014-12-31,1000.0,中证系列指数,50,1702.87,12.72,股票,,人民币,是,否,无,主题,2019-12-26
931384,300美元对冲2,沪深300美元50%对冲指数,2010-12-31,3128.261,中证系列指数,300,4224.39,-8.34,股票,,美元,否,否,无,策略,2019-11-15
931385,500美元对冲2,中证500美元50%对冲指数,2010-12-31,4936.716,中证系列指数,500,6986.68,-13.38,股票,,美元,否,否,无,策略,2019-11-15
931386,1000美元对冲2,中证1000美元50%对冲指数,2010-12-31,5155.555,中证系列指数,1000,6668.37,-18.28,股票,,美元,否,否,无,策略,2019-11-15
931387,300瑞郎对冲,沪深300瑞士法郎对冲指数,2010-12-31,3128.261,中证系列指数,300,3877.22,-8.14,股票,,瑞士法郎,否,否,无,策略,2019-11-15
931388,智选AAA短期公司债,中证智选AAA短期公司债指数,2015-12-31,100.0,中证系列指数,210,135.39,0.13,固定收益,,人民币,是,否,无,信用债,2019-11-25
931389,300波控3,沪深300波动率控制5%指数,2004-12-31,1000.0,中证系列指数,2,2736.01,-1.67,多资产,,人民币,否,否,无,策略,2019-11-15
931390,500波控3,中证500波动率控制10%指数,2004-12-31,1000.0,中证系列指数,2,3552.24,-4.55,多资产,,人民币,否,否,无,策略,2019-11-15
931391,红利波控3,中证红利波动率控制5%指数,2005-12-30,1000.0,中证系列指数,2,2778.33,-0.70,多资产,低风险,人民币,否,否,无,策略,2019-11-15
931392,转债50,中证可转换债券50指数,2011-12-31,100.0,中证系列指数,50,154.08,-2.98,固定收益,,人民币,否,否,无,可转债,2020-01-14
931394,信息科技50,中证信息科技50策略指数,2014-12-31,1000.0,中证系列指数,50,8196.56,-27.00,股票,,人民币,是,否,无,策略,2020-01-23
931397,A股通50,中证互联互通A股投资50主题指数,2017-03-31,1000.0,中证系列指数,50,2260.07,-6.74,股票,,人民币,否,否,无,主题,2020-02-20
931398,A股通100,中证互联互通A股投资100主题指数,2017-03-31,1000.0,中证系列指数,100,2188.62,-5.99,股票,,人民币,否,否,无,主题,2020-02-20
931399,中信债股稳健,中证中信证券量化债股联动稳健策略指数,2008-12-31,1000.0,中证系列指数,5,2251.94,-0.96,多资产,,人民币,是,否,无,策略,2019-11-25
931400,中信债股进取,中证中信证券量化债股联动进取策略指数,2008-12-31,1000.0,中证系列指数,5,2861.99,-1.11,多资产,,人民币,是,否,无,策略,2019-11-25
931401,香港30,中证香港30指数,2004-12-31,1000.0,中证系列指数,30,2457.76,4.98,股票,,港元,否,否,无,规模,2023-11-21
931407,全球金矿,中证全球金矿指数,2014-11-14,1000.0,中证系列指数,50,5012.60,-11.28,股票,,人民币,是,否,无,主题,2020-02-20
931411,中证华泰证券转债价值,中证华泰证券可转换债券价值策略指数,2016-12-31,100.0,中证系列指数,30,330.39,2.39,固定收益,,人民币,是,否,无,可转债,2020-02-20
931413,全球金矿主题,中证全球金矿主题指数,2014-12-31,1000.0,中证系列指数,50,4868.48,-12.84,股票,,人民币,否,否,无,主题,2023-11-01
931414,长三角地债,中证长三角地方政府债指数,2013-12-31,100.0,中证系列指数,1647,175.22,0.27,固定收益,,人民币,否,否,无,利率债,2020-03-13
931415,江苏债,中证江苏省地方政府债指数,2014-12-31,100.0,中证系列指数,250,162.09,0.27,固定收益,,人民币,否,否,无,利率债,2020-03-13
931416,山东债,中证山东省地方政府债指数,2014-12-31,100.0,中证系列指数,629,165.60,0.25,固定收益,,人民币,否,否,无,利率债,2020-03-13
931417,四川债,中证四川省地方政府债指数,2015-12-31,100.0,中证系列指数,626,154.63,0.27,固定收益,,人民币,否,否,无,利率债,2020-03-13
931418,湖南债,中证湖南省地方政府债指数,2015-12-31,100.0,中证系列指数,719,154.14,0.27,固定收益,,人民币,否,否,无,利率债,2020-03-13
931419,贵州债,中证贵州省地方政府债指数,2015-12-31,100.0,中证系列指数,352,153.71,0.27,固定收益,,人民币,否,否,无,利率债,2020-03-13
931420,河南债,中证河南省地方政府债指数,2015-12-31,100.0,中证系列指数,569,149.87,0.26,固定收益,,人民币,否,否,无,利率债,2020-03-13
931421,浙江债,中证浙江省地方政府债指数,2013-12-31,100.0,中证系列指数,436,177.63,0.28,固定收益,,人民币,否,否,无,利率债,2020-03-13
931422,广东债,中证广东省地方政府债指数,2013-12-31,100.0,中证系列指数,586,178.59,0.27,固定收益,,人民币,否,否,无,利率债,2020-03-13
931423,河北债,中证河北省地方政府债指数,2015-12-31,100.0,中证系列指数,458,153.40,0.27,固定收益,,人民币,否,否,无,利率债,2020-03-13
931424,云南债,中证云南省地方政府债指数,2015-12-31,100.0,中证系列指数,274,149.95,0.24,固定收益,,人民币,否,否,无,利率债,2020-03-13
931425,安徽债,中证安徽省地方政府债指数,2015-12-31,100.0,中证系列指数,523,153.08,0.27,固定收益,,人民币,否,否,无,利率债,2020-03-13
931426,福建债,中证福建省地方政府债指数,2015-12-31,100.0,中证系列指数,339,153.27,0.27,固定收益,,人民币,否,否,无,利率债,2020-03-13
931427,湖北债,中证湖北省地方政府债指数,2015-12-31,100.0,中证系列指数,852,150.12,0.26,固定收益,,人民币,否,否,无,利率债,2020-03-13
931428,辽宁债,中证辽宁省地方政府债指数,2015-12-31,100.0,中证系列指数,281,152.94,0.28,固定收益,,人民币,否,否,无,利率债,2020-03-13
931429,内蒙古债,中证内蒙古自治区地方政府债指数,2015-12-31,100.0,中证系列指数,261,149.39,0.26,固定收益,,人民币,否,否,无,利率债,2020-03-13
931430,1-5年安徽债,中证1-5年期安徽省地方政府债指数,2015-12-31,100.0,中证系列指数,152,140.84,0.16,固定收益,,人民币,否,否,无,利率债,2020-03-13
931431,1-5年福建债,中证1-5年期福建省地方政府债指数,2015-12-31,100.0,中证系列指数,98,139.54,0.15,固定收益,,人民币,否,否,无,利率债,2020-03-13
931432,1-5年湖北债,中证1-5年期湖北省地方政府债指数,2015-12-31,100.0,中证系列指数,269,139.43,0.14,固定收益,,人民币,否,否,无,利率债,2020-03-13
931433,1-5年辽宁债,中证1-5年期辽宁省地方政府债指数,2015-12-31,100.0,中证系列指数,57,140.21,0.15,固定收益,,人民币,否,否,无,利率债,2020-03-13
931434,1-5年内蒙古债,中证1-5年期内蒙古自治区地方政府债指数,2015-12-31,100.0,中证系列指数,72,139.95,0.14,固定收益,,人民币,否,否,无,利率债,2020-03-13
931435,1-3年安徽债,中证1-3年期安徽省地方政府债指数,2015-12-31,100.0,中证系列指数,64,136.51,0.11,固定收益,,人民币,否,否,无,利率债,2020-03-13
931436,1-3年福建债,中证1-3年期福建省地方政府债指数,2015-12-31,100.0,中证系列指数,41,136.28,0.10,固定收益,,人民币,否,否,无,利率债,2020-03-13
931437,1-3年湖北债,中证1-3年期湖北省地方政府债指数,2015-12-31,100.0,中证系列指数,155,135.43,0.11,固定收益,,人民币,否,否,无,利率债,2020-03-13
931438,1-3年辽宁债,中证1-3年期辽宁省地方政府债指数,2015-12-31,100.0,中证系列指数,30,136.66,0.11,固定收益,,人民币,否,否,无,利率债,2020-03-13
931439,1-3年内蒙古债,中证1-3年期内蒙古自治区地方政府债指数,2015-12-31,100.0,中证系列指数,43,136.74,0.10,固定收益,,人民币,否,否,无,利率债,2020-03-13
931447,科技先锋,中证科技先锋指数,2014-06-30,1000.0,中证系列指数,50,3277.78,-9.16,股票,,人民币,是,是,无,主题,2020-04-21
931448,平安恒定风险,中证平安多元资产恒定风险策略指数,2014-12-31,1000.0,中证系列指数,5,1915.06,-1.53,多资产,,人民币,是,否,无,策略,2020-01-23
931450,新能车主题,中证新能源汽车主题指数,2014-12-31,1000.0,中证系列指数,118,3159.49,-22.83,股票,绿色、ESG,人民币,否,否,无,主题,2024-08-26
931451,五矿金属矿业,中证五矿金属矿业优势指数,2020-12-31,1000.0,中证系列指数,46,2208.58,-19.96,股票,,人民币,是,否,无,主题,2024-06-28
931452,大湾区质量成长均衡,中证粤港澳大湾区质量成长均衡指数,2016-12-30,1000.0,中证系列指数,100,1595.44,-13.40,股票,,人民币,否,否,无,主题,2020-03-13
931466,300 ESG价值,沪深300 ESG价值指数,2017-06-30,1000.0,中证系列指数,100,1187.08,-0.49,股票,ESG,人民币,否,否,无,策略,2020-04-30
931467,医药龙头,中证医药龙头指数,2012-12-31,1000.0,中证系列指数,30,2088.20,15.66,股票,,人民币,否,否,无,主题,2020-05-21
931472,7-10年国开债L,中证7-10年国开债流动性指数,2013-12-31,100.0,中证系列指数,11,191.22,0.21,固定收益,,人民币,否,否,无,利率债,2020-07-17
931473,民企50,中证民企50指数,2010-12-31,1000.0,中证系列指数,50,2282.66,-11.19,股票,,人民币,否,否,无,主题,2023-11-09
931474,SHS地产龙头,中证沪港深内地地产龙头指数,2014-11-14,1000.0,中证系列指数,30,500.22,1.01,股票,互联互通,人民币,否,否,无,主题,2015-03-13
931483,电子科技50,中证电子科技50指数,2014-12-31,1000.0,中证系列指数,50,5309.90,-32.63,股票,,人民币,否,否,无,主题,2020-06-12
931489,A股通策略,中证互联互通A股策略指数,2017-03-31,1000.0,中证系列指数,50,2730.12,-10.31,股票,,人民币,否,否,无,策略,2020-05-21
931491,5G 100,中证5G产业100指数,2015-12-31,1000.0,中证系列指数,100,2450.77,-21.12,股票,,人民币,否,否,无,主题,2020-06-12
931492,SHS 5G 100,中证沪港深5G产业100指数,2015-12-31,1000.0,中证系列指数,100,2773.04,-17.09,股票,,人民币,否,否,无,主题,2020-06-12
931493,精选市场金矿,中证精选市场金矿主题指数,2014-12-31,1000.0,中证系列指数,49,5093.73,-13.76,股票,,人民币,否,否,无,主题,2023-11-01
931495,工业互联,中证工业互联网主题指数,2014-12-31,1000.0,中证系列指数,50,3616.88,-15.53,股票,,人民币,否,是,无,主题,2020-07-08
931497,沪港深新基建,中证沪港深内地新型基础设施建设主题指数,2014-12-31,1000.0,中证系列指数,100,2628.68,-14.55,股票,,人民币,否,否,无,主题,2020-07-07
931499,长三角信用债,中证长三角信用债指数,2014-12-31,100.0,中证系列指数,4891,169.02,0.20,固定收益,,人民币,否,否,无,信用债,2020-07-01
931500,京津冀信用债,中证京津冀信用债指数,2014-12-31,100.0,中证系列指数,3630,168.95,0.27,固定收益,,人民币,否,否,无,信用债,2020-07-01
931501,大湾区信用债,中证粤港澳大湾区信用债指数,2014-12-31,100.0,中证系列指数,1946,157.98,0.23,固定收益,,人民币,否,否,无,信用债,2020-07-01
931502,北京信用债,中证北京市信用债指数,2014-12-31,100.0,中证系列指数,2616,169.15,0.28,固定收益,,人民币,否,否,无,信用债,2020-07-01
931503,上海信用债,中证上海市信用债指数,2014-12-31,100.0,中证系列指数,933,154.36,0.21,固定收益,,人民币,否,否,无,信用债,2020-07-01
931504,天津信用债,中证天津市信用债指数,2014-12-31,100.0,中证系列指数,403,169.06,0.11,固定收益,,人民币,否,否,无,信用债,2020-07-01
931505,江苏信用债,中证江苏省信用债指数,2014-12-31,100.0,中证系列指数,2189,175.44,0.20,固定收益,,人民币,否,否,无,信用债,2020-07-01
931506,广东信用债,中证广东省信用债指数,2014-12-31,100.0,中证系列指数,1920,156.27,0.24,固定收益,,人民币,否,否,无,信用债,2020-07-01
931508,浙江信用债,中证浙江省信用债指数,2014-12-31,100.0,中证系列指数,1277,174.79,0.19,固定收益,,人民币,否,否,无,信用债,2020-07-01
931509,福建信用债,中证福建省信用债指数,2014-12-31,100.0,中证系列指数,885,165.13,0.19,固定收益,,人民币,否,否,无,信用债,2020-07-01
931510,湖北信用债,中证湖北省信用债指数,2014-12-31,100.0,中证系列指数,653,177.46,0.21,固定收益,,人民币,否,否,无,信用债,2020-07-01
931511,四川信用债,中证四川省信用债指数,2014-12-31,100.0,中证系列指数,844,175.94,0.21,固定收益,,人民币,否,否,无,信用债,2020-07-01
931512,周期50,中证周期50主题指数,2004-12-31,1000.0,中证系列指数,50,3292.58,1.42,股票,,人民币,否,否,无,主题,2020-07-17
931514,央企25债,中证央企25债券指数,2013-12-31,100.0,中证系列指数,1200,174.11,0.21,固定收益,,人民币,否,否,无,信用债,2020-07-01
931515,0-5年央企25,中证0-5年央企25债券指数,2013-12-31,100.0,中证系列指数,960,169.44,0.16,固定收益,,人民币,否,否,无,信用债,2020-07-01
931516,3-7年央企25,中证3-7年央企25债券指数,2013-12-31,100.0,中证系列指数,290,191.29,0.19,固定收益,,人民币,否,否,无,信用债,2020-07-01
931517,0-3年银行50金融债,中证0-3年银行50金融债指数,2013-12-31,100.0,中证系列指数,393,159.36,0.12,固定收益,,人民币,否,否,无,综合债,2020-07-01
931518,0-5年银行50金融债,中证0-5年银行50金融债指数,2013-12-31,100.0,中证系列指数,465,162.80,0.13,固定收益,,人民币,否,否,无,综合债,2020-07-01
931519,3-7年银行50金融债,中证3-7年银行50金融债指数,2013-12-31,100.0,中证系列指数,98,184.20,0.23,固定收益,,人民币,否,否,无,综合债,2020-07-01
931523,SHS动漫游戏,中证沪港深动漫游戏指数,2014-11-14,1000.0,中证系列指数,33,807.85,1.36,股票,,人民币,否,否,无,主题,2020-07-08
931525,兴业证券ESG盈利100,中证兴业证券ESG盈利100指数,2017-06-30,1000.0,中证系列指数,100,1384.22,-7.22,股票,ESG,人民币,是,否,无,主题,2020-08-06
931528,光伏设备行业,中证全指光伏设备行业指数,2021-12-31,1000.0,中证系列指数,50,423.31,-25.93,股票,,人民币,否,否,IOSCO,行业,2021-08-24
931529,国企数字经济,中证诚通国企数字经济指数,2016-12-30,1000.0,中证系列指数,50,2919.24,-13.30,股票,,人民币,是,是,无,主题,2023-08-04
931530,内地企业能源,中证中国内地企业500能源指数,2004-12-31,1000.0,中证系列指数,14,2618.34,-0.90,股票,,人民币,否,否,无,行业,2014-10-17
931531,内地企业材料,中证中国内地企业500原材料指数,2004-12-31,1000.0,中证系列指数,73,3005.74,-11.78,股票,,人民币,否,否,无,行业,2014-10-17
931532,内地企业工业,中证中国内地企业500工业指数,2004-12-31,1000.0,中证系列指数,162,2091.22,-13.06,股票,,人民币,否,否,无,行业,2014-10-17
931533,内地企业可选,中证中国内地企业500可选消费指数,2004-12-31,1000.0,中证系列指数,76,4577.15,3.36,股票,,人民币,否,否,无,行业,2014-10-17
931534,内地企业消费,中证中国内地企业500主要消费指数,2004-12-31,1000.0,中证系列指数,29,8159.01,5.55,股票,,人民币,否,否,无,行业,2014-10-17
931535,内地企业医药,中证中国内地企业500医药卫生指数,2004-12-31,1000.0,中证系列指数,54,6480.89,12.62,股票,,人民币,否,否,无,行业,2014-10-17
931536,内地企业金融,中证中国内地企业500金融指数,2004-12-31,1000.0,中证系列指数,30,6104.69,1.16,股票,,人民币,否,否,无,行业,2014-10-17
931537,内地企业信息,中证中国内地企业500信息技术指数,2004-12-31,1000.0,中证系列指数,89,7556.40,-14.01,股票,,人民币,否,否,无,行业,2014-10-17
931538,内地企业通信,中证中国内地企业500通信服务指数,2004-12-31,1000.0,中证系列指数,36,4261.86,-13.08,股票,,人民币,否,否,无,行业,2014-10-17
931539,内地企业公用,中证中国内地企业500公用事业指数,2004-12-31,1000.0,中证系列指数,19,1487.77,-1.68,股票,,人民币,否,否,无,行业,2014-10-17
931540,中国1000能源,中证中国内地企业1000能源指数,2004-12-31,1000.0,中证系列指数,24,2751.81,-0.82,股票,,人民币,否,否,无,行业,2016-05-10
931541,中国1000材料,中证中国内地企业1000原材料指数,2004-12-31,1000.0,中证系列指数,140,3242.11,-14.14,股票,,人民币,否,否,无,行业,2016-05-10
931542,中国1000工业,中证中国内地企业1000工业指数,2004-12-31,1000.0,中证系列指数,314,2291.77,-13.93,股票,,人民币,否,否,无,行业,2016-05-10
931543,中国1000可选,中证中国内地企业1000可选消费指数,2004-12-31,1000.0,中证系列指数,135,4318.71,1.33,股票,,人民币,否,否,无,行业,2016-05-10
931544,中国1000消费,中证中国内地企业1000主要消费指数,2004-12-31,1000.0,中证系列指数,52,7997.13,4.70,股票,,人民币,否,否,无,行业,2016-05-10
931545,中国1000医药,中证中国内地企业1000医药卫生指数,2004-12-31,1000.0,中证系列指数,102,7690.88,12.01,股票,,人民币,否,否,无,行业,2016-05-10
931546,中国1000金融,中证中国内地企业1000金融指数,2004-12-31,1000.0,中证系列指数,54,4640.11,0.94,股票,,人民币,否,否,无,行业,2016-05-10
931547,中国1000信息,中证中国内地企业1000信息技术指数,2004-12-31,1000.0,中证系列指数,170,8451.61,-15.50,股票,,人民币,否,否,无,行业,2016-05-10
931548,中国1000通信,中证中国内地企业1000通信服务指数,2004-12-31,1000.0,中证系列指数,69,4836.39,-13.35,股票,,人民币,否,否,无,行业,2016-05-10
931549,中国1000公用,中证中国内地企业1000公用事业指数,2004-12-31,1000.0,中证系列指数,37,1915.02,-3.04,股票,,人民币,否,否,无,行业,2016-05-10
931550,内地企业动量,中证中国内地企业500动量指数,2006-12-29,1000.0,中证系列指数,200,1929.18,-14.40,股票,Smart Beta,人民币,否,否,无,主题,2016-12-28
931551,内地企业ERC,中证中国内地企业500等风险加权指数,2006-12-29,1000.0,中证系列指数,573,2912.01,-3.36,股票,Smart Beta,人民币,否,否,无,主题,2016-12-28
931552,1-3年国债,中证1-3年国债指数,2007-12-31,100.0,中证系列指数,36,177.35,0.14,固定收益,,人民币,否,是,无,利率债,2020-08-03
931553,0-1年国债,中证0-1年国债指数,2007-12-31,100.0,中证系列指数,37,157.42,0.10,固定收益,,人民币,否,否,无,利率债,2020-08-03
931554,长江保护,中证长江保护主题指数,2014-06-30,1000.0,中证系列指数,100,1876.93,-10.05,股票,沪港深,人民币,是,是,无,主题,2020-08-19
931555,新能电池,中证新能源动力电池主题指数,2014-12-31,1000.0,中证系列指数,50,3310.81,-24.38,股票,,人民币,否,否,无,主题,2015-06-11
931557,苏锡常指,中证苏锡常发展主题指数,2014-12-31,1000.0,中证系列指数,80,1404.25,-25.08,股票,,人民币,是,否,无,主题,2020-08-27
931558,无锡指数,中证无锡发展主题指数,2014-12-31,1000.0,中证系列指数,30,1525.68,-16.15,股票,,人民币,是,否,无,主题,2020-08-27
931566,信用债隐含AAA+,中证信用债隐含评级AAA+指数,2016-12-31,100.0,中证系列指数,423,152.72,0.34,固定收益,,人民币,否,否,无,信用债,2020-09-07
931567,信用债隐含AAA,中证信用债隐含评级AAA指数,2016-12-31,100.0,中证系列指数,2653,147.40,0.24,固定收益,,人民币,否,否,无,信用债,2020-09-07
931568,信用债隐含AAA-,中证信用债隐含评级AAA-指数,2019-05-31,100.0,中证系列指数,1739,131.53,0.22,固定收益,,人民币,否,否,无,信用债,2020-09-07
931569,信用债隐含AA+,中证信用债隐含评级AA+指数,2016-12-31,100.0,中证系列指数,4675,148.91,0.19,固定收益,,人民币,否,否,无,信用债,2020-09-07
931570,信用债隐含AA,中证信用债隐含评级AA指数,2016-12-31,100.0,中证系列指数,8012,155.82,0.19,固定收益,,人民币,否,否,无,信用债,2020-09-07
931571,非银转债质量,中证非银行可转换债券质量指数,2002-12-31,100.0,中证系列指数,78,690.44,-1.46,固定收益,,人民币,否,否,无,可转债,2020-09-07
931572,非银转债50,中证非银行可转换债券50指数,2002-12-31,100.0,中证系列指数,50,512.23,-4.04,固定收益,,人民币,否,否,无,可转债,2020-09-07
931576,中证中信中高券商债,中证中信中高信用证券公司高收益债指数,2014-12-31,100.0,中证系列指数,40,189.10,0.33,固定收益,,人民币,是,否,无,信用债,2020-10-23
931577,沪深300 ESG债券,沪深300 ESG债券指数,2017-06-30,100.0,中证系列指数,327,141.85,0.16,固定收益,ESG,人民币,否,否,无,信用债,2020-10-21
931578,沪深300 ESG信用债,沪深300 ESG信用债指数,2017-06-30,100.0,中证系列指数,268,144.66,0.22,固定收益,ESG,人民币,否,否,无,信用债,2020-10-21
931580,SHS游戏传媒,中证沪港深游戏及文化传媒指数,2014-12-31,1000.0,中证系列指数,50,584.08,-4.97,股票,互联互通,人民币,否,是,无,主题,2015-05-13
931583,SHS数字经济,中证沪港深数字经济主题指数,2016-12-30,1000.0,中证系列指数,50,1760.74,-5.58,股票,,人民币,否,是,无,主题,2020-11-09
931592,医疗科技,中证医疗科技指数,2014-12-31,1000.0,中证系列指数,30,944.64,12.77,股票,,人民币,是,否,无,主题,2020-11-09
931594,卫星产业,中证卫星产业指数,2015-12-31,1000.0,中证系列指数,50,813.11,-25.08,股票,,人民币,否,是,无,主题,2020-12-22
931595,CSSW通胀防御,中证申万通胀防御策略指数,2012-12-31,1000.0,中证系列指数,50,2567.63,3.53,股票,,人民币,是,否,无,策略,2020-12-22
931597,全球张江综指,中证全球张江自主创新综合指数,2014-12-31,1000.0,中证系列指数,232,2024.96,-9.79,股票,区域,人民币,否,否,无,主题,2020-12-18
931600,信用债隐含投资级,中证信用债隐含评级投资级指数,2016-12-31,100.0,中证系列指数,17502,150.86,0.23,固定收益,,人民币,否,否,无,信用债,2021-01-13
931601,信用债隐含高收益,中证信用债隐含评级高收益指数,2016-12-31,100.0,中证系列指数,695,151.31,0.18,固定收益,,人民币,否,否,无,信用债,2021-01-13
931602,信用债0-1隐含AAA+,中证信用债0-1年隐含评级AAA+指数,2016-12-31,100.0,中证系列指数,86,130.42,0.10,固定收益,,人民币,否,否,无,信用债,2021-01-13
931603,信用债0-1隐含AAA,中证信用债0-1年隐含评级AAA指数,2016-12-31,100.0,中证系列指数,805,131.83,0.12,固定收益,,人民币,否,否,无,信用债,2021-01-13
931604,信用债0-1隐含AAA-,中证信用债0-1年隐含评级AAA-指数,2019-05-31,100.0,中证系列指数,638,119.99,0.13,固定收益,,人民币,否,否,无,信用债,2021-01-13
931605,信用债0-1隐含AA+,中证信用债0-1年隐含评级AA+指数,2016-12-31,100.0,中证系列指数,1669,134.06,0.13,固定收益,,人民币,否,否,无,信用债,2021-01-13
931606,信用债0-1隐含AA,中证信用债0-1年隐含评级AA指数,2016-12-31,100.0,中证系列指数,2980,140.68,0.13,固定收益,,人民币,否,否,无,信用债,2021-01-13
931607,信用债0-1隐含投资级,中证信用债0-1年隐含评级投资级指数,2016-12-31,100.0,中证系列指数,6178,135.03,0.13,固定收益,,人民币,否,否,无,信用债,2021-01-13
931608,信用债0-1隐含高收益,中证信用债0-1年隐含评级高收益指数,2016-12-31,100.0,中证系列指数,339,145.94,0.14,固定收益,,人民币,否,否,无,信用债,2021-01-13
931609,信用债1-3隐含AAA+,中证信用债1-3年隐含评级AAA+指数,2016-12-31,100.0,中证系列指数,90,139.98,0.15,固定收益,,人民币,否,否,无,信用债,2021-01-13
931610,信用债1-3隐含AAA,中证信用债1-3年隐含评级AAA指数,2016-12-31,100.0,中证系列指数,1248,142.52,0.15,固定收益,,人民币,否,否,无,信用债,2021-01-13
931611,信用债1-3隐含AAA-,中证信用债1-3年隐含评级AAA-指数,2019-05-31,100.0,中证系列指数,949,128.79,0.18,固定收益,,人民币,否,否,无,信用债,2021-01-13
931612,信用债1-3隐含AA+,中证信用债1-3年隐含评级AA+指数,2016-12-31,100.0,中证系列指数,2580,146.14,0.16,固定收益,,人民币,否,否,无,信用债,2021-01-13
931613,信用债1-3隐含AA,中证信用债1-3年隐含评级AA指数,2016-12-31,100.0,中证系列指数,4982,153.92,0.17,固定收益,,人民币,否,否,无,信用债,2021-01-13
931614,信用债1-3隐含投资级,中证信用债1-3年隐含评级投资级指数,2016-12-31,100.0,中证系列指数,9849,146.51,0.16,固定收益,,人民币,否,否,无,信用债,2021-01-13
931615,信用债1-3隐含高收益,中证信用债1-3年隐含评级高收益指数,2016-12-31,100.0,中证系列指数,440,145.11,0.17,固定收益,,人民币,否,否,无,信用债,2021-01-13
931616,信用债1-5隐含AAA+,中证信用债1-5年隐含评级AAA+指数,2016-12-31,100.0,中证系列指数,206,141.73,0.18,固定收益,,人民币,否,否,无,信用债,2021-01-13
931617,信用债1-5隐含AAA,中证信用债1-5年隐含评级AAA指数,2016-12-31,100.0,中证系列指数,1916,144.73,0.17,固定收益,,人民币,否,否,无,信用债,2021-01-13
931618,信用债1-5隐含AAA-,中证信用债1-5年隐含评级AAA-指数,2019-05-31,100.0,中证系列指数,1442,130.39,0.19,固定收益,,人民币,否,否,无,信用债,2021-01-13
931619,信用债1-5隐含AA+,中证信用债1-5年隐含评级AA+指数,2016-12-31,100.0,中证系列指数,4026,147.99,0.17,固定收益,,人民币,否,否,无,信用债,2021-01-13
931620,信用债1-5隐含AA,中证信用债1-5年隐含评级AA指数,2016-12-31,100.0,中证系列指数,7722,154.95,0.19,固定收益,,人民币,否,否,无,信用债,2021-01-13
931621,信用债1-5隐含投资级,中证信用债1-5年隐含评级投资级指数,2016-12-31,100.0,中证系列指数,15315,148.41,0.18,固定收益,,人民币,否,否,无,信用债,2021-01-13
931622,信用债1-5隐含高收益,中证信用债1-5年隐含评级高收益指数,2016-12-31,100.0,中证系列指数,690,147.11,0.17,固定收益,,人民币,否,否,无,信用债,2021-01-13
931623,信用债3-5隐含AAA+,中证信用债3-5年隐含评级AAA+指数,2016-12-31,100.0,中证系列指数,116,148.22,0.20,固定收益,,人民币,否,否,无,信用债,2021-01-13
931624,信用债3-5隐含AAA,中证信用债3-5年隐含评级AAA指数,2016-12-31,100.0,中证系列指数,665,150.81,0.22,固定收益,,人民币,否,否,无,信用债,2021-01-13
931625,信用债3-5隐含AAA-,中证信用债3-5年隐含评级AAA-指数,2019-05-31,100.0,中证系列指数,493,134.96,0.21,固定收益,,人民币,否,否,无,信用债,2021-01-13
931626,信用债3-5隐含AA+,中证信用债3-5年隐含评级AA+指数,2016-12-31,100.0,中证系列指数,1447,151.86,0.18,固定收益,,人民币,否,否,无,信用债,2021-01-13
931627,信用债3-5隐含AA,中证信用债3-5年隐含评级AA指数,2016-12-31,100.0,中证系列指数,2747,157.70,0.24,固定收益,,人民币,否,否,无,信用债,2021-01-13
931628,信用债3-5隐含投资级,中证信用债3-5年隐含评级投资级指数,2016-12-31,100.0,中证系列指数,5468,152.82,0.21,固定收益,,人民币,否,否,无,信用债,2021-01-13
931629,信用债3-5隐含高收益,中证信用债3-5年隐含评级高收益指数,2016-12-31,100.0,中证系列指数,250,153.51,0.19,固定收益,,人民币,否,否,无,信用债,2021-01-13
931636,新基建主体信用,中证新型基础设施建设主体信用债指数,2013-12-31,100.0,中证系列指数,4244,182.86,0.19,固定收益,,人民币,否,否,无,信用债,2021-01-13
931638,港股互联网,中证香港互联网指数,2016-12-30,1000.0,中证系列指数,30,1040.53,4.60,股票,,港元,否,否,无,主题,2021-01-11
931639,创新药优势成长50,中证创新药优势成长50指数,2014-12-31,1000.0,中证系列指数,50,2301.09,18.97,股票,,人民币,是,否,无,主题,2021-02-19
931640,0-1年国开债L,中证0-1年国开债流动性指数,2013-12-31,100.0,中证系列指数,22,141.55,0.10,固定收益,,人民币,否,否,无,利率债,2021-02-23
931641,1-3年国开债L,中证1-3年国开债流动性指数,2013-12-31,100.0,中证系列指数,24,160.73,0.10,固定收益,,人民币,否,否,无,利率债,2021-02-23
931642,3-5年国开债L,中证3-5年国开债流动性指数,2013-12-31,100.0,中证系列指数,16,176.53,0.11,固定收益,,人民币,否,否,无,利率债,2021-02-23
931644,800红利,中证800红利指数,2013-12-31,1000.0,中证系列指数,100,2526.61,1.45,股票,,人民币,否,否,无,策略,2024-03-15
931645,1000红利,中证1000红利指数,2013-12-31,1000.0,中证系列指数,100,2285.26,-0.43,股票,,人民币,否,否,无,策略,2024-03-15
931646,SHS新消费,中证沪港深新消费指数,2014-12-31,1000.0,中证系列指数,50,1388.26,5.52,股票,,人民币,是,是,无,主题,2021-04-07
931648,500 ESG,中证500 ESG基准指数,2017-06-30,1000.0,中证系列指数,392,1394.44,-13.96,股票,ESG,人民币,否,是,IOSCO,主题,2021-04-12
931649,500 ESG领先,中证500 ESG领先指数,2017-06-30,1000.0,中证系列指数,150,1389.21,-12.58,股票,ESG,人民币,否,否,IOSCO,主题,2021-04-12
931650,800 ESG,中证800 ESG基准指数,2017-06-30,1000.0,中证系列指数,630,1321.04,-8.20,股票,ESG,人民币,否,否,IOSCO,主题,2022-07-08
931651,800 ESG领先,中证800 ESG领先指数,2017-06-30,1000.0,中证系列指数,250,1255.52,-8.54,股票,ESG,人民币,否,否,IOSCO,主题,2021-04-12
931653,转债偏股策略,中证可转换债券偏股策略指数,2016-12-31,100.0,中证系列指数,34,184.99,-8.56,固定收益,,人民币,否,否,无,可转债,2021-03-25
931656,全球算力,中证全球算力主题指数,2018-12-28,1000.0,中证系列指数,54,7888.53,-14.50,股票,,人民币,否,否,无,主题,2025-09-24
931657,精选市场算力,中证精选市场算力主题指数,2018-12-28,1000.0,中证系列指数,50,8629.76,-13.93,股票,,美元,否,否,无,主题,2025-02-27
931660,中证东盟80,中证东盟80指数,2004-12-31,1000.0,中证系列指数,80,2199.16,2.25,股票,,人民币,否,否,无,规模,2011-08-12
931661,500 ESG价值,中证500 ESG价值指数,2017-06-30,1000.0,中证系列指数,150,1523.15,-6.99,股票,ESG,人民币,否,否,无,主题,2021-04-12
931662,800 ESG价值,中证800 ESG价值指数,2017-06-30,1000.0,中证系列指数,250,1268.49,-2.32,股票,ESG,人民币,否,否,无,主题,2021-04-12
931663,SHS消费龙头,中证沪港深消费龙头指数,2014-12-31,1000.0,中证系列指数,50,1721.45,5.06,股票,互联互通,人民币,否,是,无,主题,2015-03-13
931664,动力电池,中证动力电池指数,2014-12-31,1000.0,中证系列指数,30,3308.35,-21.25,股票,,人民币,是,否,无,主题,2021-04-07
931665,CS常州,中证常州指数,2014-12-31,1000.0,中证系列指数,70,1333.51,-22.39,股票,,人民币,是,否,无,主题,2021-04-09
931666,宁波综指,中证宁波综合指数,2010-12-31,1000.0,中证系列指数,112,1517.11,-18.53,股票,,人民币,是,否,无,主题,2021-11-25
931667,800 ESG债券,中证800 ESG债券指数,2017-06-30,100.0,中证系列指数,627,141.34,0.17,固定收益,ESG,人民币,否,否,无,信用债,2021-03-25
931668,800 ESG信用债,中证800 ESG信用债指数,2017-06-30,100.0,中证系列指数,550,143.85,0.21,固定收益,ESG,人民币,否,否,无,信用债,2021-03-25
931669,精选市场生物科技,中证精选市场生物科技指数,2018-12-28,1000.0,中证系列指数,50,2439.20,10.46,股票,,美元,否,否,无,主题,2025-02-27
931670,医疗50,中证医疗优势50指数,2015-12-31,1000.0,中证系列指数,50,703.72,2.54,股票,,人民币,是,否,无,主题,2015-04-08
931671,新能源车优势30,中证新能源汽车优势30指数,2014-12-31,1000.0,中证系列指数,30,3519.17,-24.04,股票,,人民币,是,否,无,主题,2021-04-29
931672,风电产业,中证风电产业指数,2014-12-31,1000.0,中证系列指数,50,1595.98,-17.47,股票,,人民币,否,否,无,主题,2021-04-29
931673,SHS风电产业,中证沪港深风电产业指数,2014-12-31,1000.0,中证系列指数,50,1679.22,-16.70,股票,,人民币,否,否,无,主题,2021-04-29
931674,中票短融0-1AAA,中证中票短融0-1年AAA指数,2016-12-31,100.0,中证系列指数,959,131.38,0.12,固定收益,,人民币,否,否,无,信用债,2021-03-05
931675,中票短融0-1高等级,中证中票短融0-1年高等级指数,2016-12-31,100.0,中证系列指数,2178,132.32,0.12,固定收益,,人民币,否,否,无,信用债,2021-03-05
931676,中票短融0-3AAA,中证中票短融0-3年AAA指数,2016-12-31,100.0,中证系列指数,2092,137.28,0.14,固定收益,,人民币,否,否,无,信用债,2021-03-05
931677,中票短融0-3高等级,中证中票短融0-3年高等级指数,2016-12-31,100.0,中证系列指数,4751,138.53,0.15,固定收益,,人民币,否,否,无,信用债,2021-03-05
931678,目标保守,中证目标风险保守指数,2005-12-30,1000.0,中证系列指数,5,3065.86,-1.29,多资产,,人民币,否,否,无,策略,2021-04-09
931679,目标稳健,中证目标风险稳健指数,2005-12-30,1000.0,中证系列指数,5,3983.32,-2.32,多资产,,人民币,否,否,无,策略,2021-04-09
931680,目标平衡,中证目标风险平衡指数,2005-12-30,1000.0,中证系列指数,5,6301.88,-4.82,多资产,,人民币,否,否,无,策略,2021-04-09
931681,目标积极,中证目标风险积极指数,2005-12-30,1000.0,中证系列指数,5,8705.22,-7.26,多资产,,人民币,否,否,无,策略,2021-04-09
931682,酒主题,中证酒主题指数,2004-12-31,1000.0,中证系列指数,29,20370.53,4.95,股票,,人民币,否,否,无,主题,2009-06-16
931683,SHS酒主题,中证沪港深酒主题指数,2014-12-31,1000.0,中证系列指数,30,2303.64,0.57,股票,,人民币,否,否,无,主题,2012-12-21
931684,300价值策略,中证智选300价值策略指数,2010-12-31,1000.0,中证系列指数,235,1734.25,-0.03,股票,,人民币,是,否,无,策略,2024-05-17
931685,300成长策略,中证智选300成长策略指数,2010-12-31,1000.0,中证系列指数,166,1189.60,-13.20,股票,,人民币,是,否,无,策略,2024-05-17
931686,1000 ESG领先,中证1000 ESG领先指数,2017-06-30,1000.0,中证系列指数,300,1615.94,-20.80,股票,,人民币,否,否,IOSCO,主题,2024-03-28
931688,中证算力,中证算力基础设施主题指数,2019-12-31,1000.0,中证系列指数,50,4188.90,-19.98,股票,,人民币,否,否,无,主题,2022-07-21
931689,2年久期国开债,中证2年恒定久期国开债指数,2007-12-31,100.0,中证系列指数,17,193.18,0.15,固定收益,,人民币,否,否,无,利率债,2021-05-14
931690,3年久期国开债,中证3年恒定久期国开债指数,2007-12-31,100.0,中证系列指数,27,205.47,0.14,固定收益,,人民币,否,否,无,利率债,2021-05-14
931691,7年久期国开债,中证7年恒定久期国开债指数,2007-12-31,100.0,中证系列指数,14,236.05,0.15,固定收益,,人民币,否,否,无,利率债,2021-05-14
931692,2年久期政金债,中证2年恒定久期政策性金融债指数,2007-12-31,100.0,中证系列指数,46,193.04,0.12,固定收益,,人民币,否,否,无,利率债,2021-05-14
931693,3年久期政金债,中证3年恒定久期政策性金融债指数,2007-12-31,100.0,中证系列指数,69,205.61,0.13,固定收益,,人民币,否,否,无,利率债,2021-05-14
931694,7年久期政金债,中证7年恒定久期政策性金融债指数,2007-12-31,100.0,中证系列指数,33,240.27,0.20,固定收益,,人民币,否,否,无,利率债,2021-05-14
931699,信用债隐含AA+以上,中证信用债隐含评级AA+以上指数,2016-12-31,100.0,中证系列指数,4815,149.09,0.27,固定收益,,人民币,否,否,无,信用债,2021-06-01
931700,信用债隐含AA以上,中证信用债隐含评级AA以上指数,2016-12-31,100.0,中证系列指数,9490,149.01,0.24,固定收益,,人民币,否,否,无,信用债,2021-06-01
931701,信用债0-1隐含AA+以上,中证信用债0-1年隐含评级AA+以上指数,2016-12-31,100.0,中证系列指数,1529,131.71,0.12,固定收益,,人民币,否,否,无,信用债,2021-06-01
931702,信用债1-3隐含AA+以上,中证信用债1-3年隐含评级AA+以上指数,2016-12-31,100.0,中证系列指数,2287,142.26,0.16,固定收益,,人民币,否,否,无,信用债,2021-06-01
931703,信用债1-5隐含AA+以上,中证信用债1-5年隐含评级AA+以上指数,2016-12-31,100.0,中证系列指数,3563,144.43,0.18,固定收益,,人民币,否,否,无,信用债,2021-06-01
931704,信用债3-5隐含AA+以上,中证信用债3-5年隐含评级AA+以上指数,2016-12-31,100.0,中证系列指数,1274,149.82,0.21,固定收益,,人民币,否,否,无,信用债,2021-06-01
931705,信用债0-1隐含AA以上,中证信用债0-1年隐含评级AA以上指数,2016-12-31,100.0,中证系列指数,3198,132.49,0.12,固定收益,,人民币,否,否,无,信用债,2021-06-01
931706,信用债1-3隐含AA以上,中证信用债1-3年隐含评级AA以上指数,2016-12-31,100.0,中证系列指数,4867,143.58,0.16,固定收益,,人民币,否,否,无,信用债,2021-06-01
931707,信用债1-5隐含AA以上,中证信用债1-5年隐含评级AA以上指数,2016-12-31,100.0,中证系列指数,7593,145.67,0.17,固定收益,,人民币,否,否,无,信用债,2021-06-01
931708,信用债3-5隐含AA以上,中证信用债3-5年隐含评级AA以上指数,2016-12-31,100.0,中证系列指数,2721,150.50,0.20,固定收益,,人民币,否,否,无,信用债,2021-06-01
931709,信用债0-1隐含AA+以上利差策略,中证信用债0-1年隐含评级AA+以上利差策略指数,2016-12-31,100.0,中证系列指数,618,134.25,0.13,固定收益,,人民币,否,否,无,信用债,2021-07-09
931710,信用债1-3隐含AA+以上利差策略,中证信用债1-3年隐含评级AA+以上利差策略指数,2016-12-31,100.0,中证系列指数,1012,147.26,0.16,固定收益,,人民币,否,否,无,信用债,2021-07-09
931711,信用债1-5隐含AA+以上利差策略,中证信用债1-5年隐含评级AA+以上利差策略指数,2016-12-31,100.0,中证系列指数,1572,149.20,0.18,固定收益,,人民币,否,否,无,信用债,2021-07-09
931712,信用债3-5隐含AA+以上利差策略,中证信用债3-5年隐含评级AA+以上利差策略指数,2016-12-31,100.0,中证系列指数,563,155.92,0.22,固定收益,,人民币,否,否,无,信用债,2021-07-09
931713,信用债0-1隐含AA以上利差策略,中证信用债0-1年隐含评级AA以上利差策略指数,2016-12-31,100.0,中证系列指数,1279,135.23,0.13,固定收益,,人民币,否,否,无,信用债,2021-07-09
931714,信用债1-3隐含AA以上利差策略,中证信用债1-3年隐含评级AA以上利差策略指数,2016-12-31,100.0,中证系列指数,2121,149.57,0.16,固定收益,,人民币,否,否,无,信用债,2021-07-09
931715,信用债1-5隐含AA以上利差策略,中证信用债1-5年隐含评级AA以上利差策略指数,2016-12-31,100.0,中证系列指数,3332,150.88,0.18,固定收益,,人民币,否,否,无,信用债,2021-07-09
931716,信用债3-5隐含AA以上利差策略,中证信用债3-5年隐含评级AA以上利差策略指数,2016-12-31,100.0,中证系列指数,1166,156.19,0.21,固定收益,,人民币,否,否,无,信用债,2021-07-09
931717,宁波制造,中证宁波先进制造优选50指数,2010-12-31,1000.0,中证系列指数,50,1485.82,-22.27,股票,,人民币,是,否,无,主题,2021-11-25
931720,CS武进,中证武进发展指数,2015-12-31,1000.0,中证系列指数,41,1148.75,-18.13,股票,,人民币,是,否,无,主题,2021-08-19
931722,国新港股通央企红利,中证国新港股通央企红利指数,2016-12-30,1000.0,中证系列指数,49,1285.93,-1.28,股票,红利/高股息,港元,是,是,无,策略,2023-09-13
931723,光通信,中证光通信主题指数,2016-12-30,1000.0,中证系列指数,50,11478.67,-24.73,股票,,人民币,否,否,无,主题,2023-10-31
931724,碳中和债,中证碳中和债券指数,2021-02-26,100.0,中证系列指数,241,120.18,0.18,固定收益,,人民币,否,否,无,综合债,2021-08-12
931726,网络安全,中证网络安全指数,2014-12-31,1000.0,中证系列指数,28,904.20,-8.70,股票,,人民币,否,否,无,主题,2021-08-09
931727,SHS食品,中证沪港深食品主题指数,2016-12-30,1000.0,中证系列指数,30,1027.57,0.78,股票,,人民币,否,否,无,主题,2021-08-19
931728,食品主题,中证食品主题指数,2016-12-30,1000.0,中证系列指数,30,1002.67,0.43,股票,,人民币,否,否,无,主题,2021-08-12
931730,SHS光伏30,中证沪港深光伏30主题指数,2016-12-30,1000.0,中证系列指数,30,1416.41,-20.16,股票,,人民币,否,否,无,主题,2021-09-27
931731,SHS太阳能50,中证沪港深太阳能50主题指数,2016-12-30,1000.0,中证系列指数,50,1233.97,-21.77,股票,,人民币,否,否,无,主题,2021-09-27
931733,绿色能源,中证绿色能源指数,2013-12-31,1000.0,中证系列指数,50,4397.64,-15.43,股票,,人民币,是,是,无,主题,2021-08-19
931734,港美上市中美科技,中证香港美国上市中美科技指数,2010-12-31,1000.0,中证系列指数,51,6446.56,-2.18,股票,,美元,是,否,无,主题,2014-07-18
931735,信银ESG优选,中证信银沿海核心经济带ESG优选100指数,2017-06-30,1000.0,中证系列指数,100,1020.48,-5.14,股票,,人民币,是,否,无,主题,2021-08-19
931736,债股利差稳健,中证债股利差稳健指数,2013-12-31,100.0,中证系列指数,3,171.94,0.15,多资产,,人民币,否,否,无,策略,2021-08-24
931737,债股利差平衡,中证债股利差平衡指数,2013-12-31,100.0,中证系列指数,3,178.63,0.14,多资产,,人民币,否,否,无,策略,2021-08-24
931738,债股利差平衡（含转债）,中证债股利差平衡指数（含可转债）,2013-12-31,100.0,中证系列指数,3,177.21,0.14,多资产,,人民币,否,否,无,策略,2021-08-24
931739,债券利差稳健（含转债）,中证债券利差稳健指数（含可转债）,2013-12-31,100.0,中证系列指数,3,170.26,0.15,多资产,,人民币,否,否,无,策略,2021-08-24
931740,中证中诚信城投债1-3隐含AA+及以上,中证中诚信城投债1-3年隐含评级AA+及以上指数,2017-12-29,100.0,中证系列指数,1113,142.51,0.16,固定收益,,人民币,是,否,无,信用债,2021-08-27
931741,中证中诚信胶东国企信用中高等级,中证中诚信胶东经济圈国企信用债中高等级指数,2017-12-29,100.0,中证系列指数,152,145.66,0.15,固定收益,,人民币,是,否,无,信用债,2021-09-27
931742,工银理财碳中和配置,中证工银理财碳中和资产配置指数,2017-12-29,1000.0,中证系列指数,2,1446.39,-0.55,多资产,,人民币,是,否,无,策略,2021-07-12
931743,半导体材料设备,中证半导体材料设备主题指数,2018-12-28,1000.0,中证系列指数,40,8883.77,-13.00,股票,,人民币,否,是,无,主题,2012-12-21
931744,港股物业,中证香港物业管理与服务主题指数,2019-12-31,1000.0,中证系列指数,11,361.49,-0.17,股票,,港元,否,否,无,主题,2021-08-12
931745,SHS物业,中证沪港深物业管理与服务主题指数,2019-12-31,1000.0,中证系列指数,14,295.57,-1.28,股票,,人民币,否,否,无,主题,2021-10-15
931747,中证储能,中证储能主题指数,2013-12-31,1000.0,中证系列指数,30,6624.24,-19.56,股票,,人民币,否,否,无,主题,2021-10-15
931748,中证绿色ABS,中证绿色资产支持证券指数,2016-12-30,100.0,中证系列指数,374,145.42,0.17,固定收益,,人民币,否,否,无,其他固收指数,2021-09-03
931749,交易所绿色ABS,中证交易所绿色资产支持证券指数,2016-12-30,100.0,中证系列指数,278,148.23,0.19,固定收益,,人民币,否,否,无,其他固收指数,2021-09-03
931750,CXO,中证医药研发服务主题指数,2017-12-29,1000.0,中证系列指数,28,2239.09,21.80,股票,,人民币,否,否,无,主题,2021-09-27
931751,SHS CXO,中证沪港深医药研发服务主题指数,2017-12-29,1000.0,中证系列指数,40,2168.73,18.55,股票,,人民币,否,否,无,主题,2021-09-27
931752,工程机械主题,中证工程机械主题指数,2016-06-30,1000.0,中证系列指数,50,2289.72,-10.74,股票,,人民币,否,是,无,主题,2021-09-27
931753,机械优势30,中证机械优势30指数,2016-06-30,1000.0,中证系列指数,30,2590.04,-19.82,股票,,人民币,是,否,无,主题,2012-12-21
931754,中证中诚信央企信用债,中证中诚信央企信用债指数,2017-12-29,100.0,中证系列指数,1962,140.20,0.16,固定收益,,人民币,是,是,无,信用债,2021-08-27
931755,SEEE碳中和,中证上海环交所碳中和指数,2017-06-30,1000.0,中证系列指数,100,1808.46,-12.30,股票,绿色,人民币,是,是,无,主题,2021-10-21
931756,证券公司债,中证证券公司债指数,2016-12-30,100.0,中证系列指数,721,144.75,0.22,固定收益,,人民币,否,否,无,信用债,2021-09-03
931757,证券公司债AAA,中证证券公司债AAA指数,2016-12-30,100.0,中证系列指数,503,144.74,0.23,固定收益,,人民币,否,否,无,信用债,2021-09-03
931758,证券公司债高等级,中证证券公司债高等级指数,2016-12-30,100.0,中证系列指数,690,144.51,0.22,固定收益,,人民币,否,否,无,信用债,2021-09-03
931759,证券公司债0-3AAA,中证证券公司债0-3年AAA指数,2016-12-30,100.0,中证系列指数,682,136.60,0.15,固定收益,,人民币,否,否,无,信用债,2021-09-03
931760,证券公司债0-3高等级,中证证券公司债0-3年高等级指数,2016-12-30,100.0,中证系列指数,1014,136.75,0.15,固定收益,,人民币,否,否,无,信用债,2021-09-03
931761,新生消费,中证新生代消费主题指数,2018-12-28,1000.0,中证系列指数,50,1074.36,-2.67,股票,,人民币,否,否,无,主题,2017-07-21
931762,龙头优势50,中证龙头优势50指数,2016-12-30,1000.0,中证系列指数,50,2047.30,-4.98,股票,,人民币,否,否,无,策略,2022-01-11
931763,SHS龙头优势50,中证沪港深龙头优势50指数,2016-12-30,1000.0,中证系列指数,50,1773.78,-3.50,股票,,人民币,否,否,无,策略,2022-01-11
931765,SHS新生代消费,中证沪港深新生代消费主题指数,2018-12-31,1000.0,中证系列指数,50,1361.66,1.57,股票,,人民币,否,否,无,主题,2021-10-29
931766,交易所政金债,中证交易所政策性金融债指数,2014-12-31,100.0,中证系列指数,10,143.16,0.10,固定收益,,人民币,否,否,无,利率债,2021-10-15
931767,交易所政金债0-3,中证交易所政策性金融债0-3年指数,2014-12-31,100.0,中证系列指数,8,135.86,0.09,固定收益,,人民币,否,否,无,利率债,2021-10-15
931768,交易所政金债0-5,中证交易所政策性金融债0-5年指数,2014-12-31,100.0,中证系列指数,8,139.51,0.09,固定收益,,人民币,否,否,无,利率债,2021-10-15
931769,新经济债,中证新经济债券指数,2016-12-30,100.0,中证系列指数,438,145.71,0.19,固定收益,,人民币,否,否,无,信用债,2021-10-29
931770,0-5年新经济债,中证0-5年新经济债券指数,2016-12-30,100.0,中证系列指数,393,142.22,0.16,固定收益,,人民币,否,否,无,信用债,2021-10-29
931771,华夏银行新经济,中证华夏银行新经济财富指数,2017-12-29,1000.0,中证系列指数,2,1757.18,-1.68,多资产,,人民币,是,否,无,-,2021-10-15
931772,碳中和60,中证碳中和60指数,2017-06-30,1000.0,中证系列指数,60,1552.41,-13.05,股票,绿色,人民币,否,否,无,主题,2021-11-09
931773,北银理财央企能源,中证北银理财央企能源产业指数,2018-12-28,1000.0,中证系列指数,30,2144.44,4.73,股票,,人民币,是,否,无,主题,2025-03-26
931774,沪港深AR/VR,中证沪港深增强现实与虚拟现实主题指数,2014-12-31,1000.0,中证系列指数,46,4666.08,-14.21,股票,,人民币,是,否,无,主题,2012-12-21
931776,生物育种,中证生物育种主题指数,2014-12-31,1000.0,中证系列指数,29,1177.02,0.90,股票,,人民币,否,否,无,主题,2021-11-09
931777,江苏高质量发展,中证江苏高质量发展指数,2014-12-31,1000.0,中证系列指数,50,2366.53,-16.30,股票,区域,人民币,是,否,无,主题,2021-12-02
931778,农牧主题,中证农牧主题指数,2012-06-29,1000.0,中证系列指数,50,1352.12,1.04,股票,,人民币,否,是,无,主题,2017-07-21
931779,中证中诚信广西城投债,中证中诚信广西壮族自治区城投债指数,2017-12-29,100.0,中证系列指数,59,157.70,0.15,固定收益,,人民币,否,否,无,信用债,2022-01-07
931780,SHS医药龙头,中证沪港深医药龙头指数,2014-12-31,1000.0,中证系列指数,50,1389.04,11.41,股票,,人民币,否,否,无,主题,2021-12-02
931782,1000 ESG,中证1000 ESG基准指数,2017-06-30,1000.0,中证系列指数,795,1301.47,-20.71,股票,,人民币,否,否,IOSCO,主题,2024-03-28
931783,智能驾驶,中证智能驾驶主题指数,2016-12-30,1000.0,中证系列指数,50,1221.11,-18.60,股票,,人民币,否,否,无,主题,2022-02-21
931784,SSH智能驾驶,中证沪深港智能驾驶主题指数,2016-12-30,1000.0,中证系列指数,50,1183.97,-10.28,股票,,人民币,否,否,无,主题,2022-02-21
931785,智选沪深港科技50,中证智选沪深港科技50指数,2016-12-30,1000.0,中证系列指数,57,2739.61,-9.40,股票,,人民币,是,是,无,策略,2025-06-27
931786,中信债股优选稳健,中证中信证券量化债股优选稳健策略指数,2017-12-29,1000.0,中证系列指数,5,1406.92,-0.96,多资产,,人民币,是,否,无,策略,2021-10-29
931787,港股创新药,中证香港创新药指数,2017-12-29,1000.0,中证系列指数,42,1236.40,13.06,股票,,港元,否,是,无,主题,2018-08-14
931788,中韩50,中证韩交所中韩50指数,2014-12-31,1000.0,中证系列指数,2,3205.77,-16.05,股票,,人民币,否,否,无,规模,2021-12-20
931789,中韩新能车,中证韩交所中韩新能源车指数,2014-12-31,1000.0,中证系列指数,2,3894.37,-15.82,股票,,人民币,否,否,无,主题,2021-12-20
931790,中韩半导体,中证韩交所中韩半导体指数,2014-12-31,1000.0,中证系列指数,2,10433.33,-18.32,股票,,人民币,否,是,无,主题,2021-12-20
931791,大盘蓝筹25,中证大盘蓝筹25指数,2014-12-31,1000.0,中证系列指数,25,1848.71,-3.62,股票,,人民币,否,否,无,规模,2021-12-13
931792,新能车15,中证新能源车15指数,2014-12-31,1000.0,中证系列指数,15,4470.16,-13.69,股票,,人民币,否,否,无,主题,2021-12-13
931793,半导体15,中证半导体15指数,2014-12-31,1000.0,中证系列指数,15,6843.14,-13.80,股票,,人民币,否,否,无,主题,2021-12-13
931794,消费领先50,中证消费领先50指数,2010-12-31,1000.0,中证系列指数,50,3255.91,4.41,股票,,人民币,否,否,无,策略,2015-08-24
931795,碳中和主题债,中证碳中和主题债券指数,2016-12-30,100.0,中证系列指数,594,143.35,0.16,固定收益,绿色,人民币,否,否,无,综合债,2021-12-13
931796,0-3年碳中和主题债,中证0-3年碳中和主题债券指数,2016-12-30,100.0,中证系列指数,563,138.11,0.12,固定收益,绿色,人民币,否,否,无,综合债,2021-12-13
931797,0-5年碳中和主题债,中证0-5年碳中和主题债券指数,2016-12-30,100.0,中证系列指数,697,139.26,0.13,固定收益,绿色,人民币,否,否,无,综合债,2021-12-13
931798,光伏龙头30,中证光伏龙头30指数,2016-12-30,1000.0,中证系列指数,30,1746.90,-23.64,股票,绿色,人民币,是,是,无,主题,2009-06-16
931801,SSH体育,中证沪深港体育产业指数,2014-12-31,1000.0,中证系列指数,30,1330.15,-3.23,股票,,人民币,否,否,无,主题,2015-05-13
931802,中证龙头,中证龙头企业指数,2016-12-30,1000.0,中证系列指数,50,1834.80,-6.05,股票,,人民币,否,是,无,主题,2010-02-09
931803,龙头核心竞争力50,中证龙头企业核心竞争力50指数,2012-12-31,1000.0,中证系列指数,50,3140.94,-8.59,股票,,人民币,是,否,无,主题,2012-09-27
931804,华夏银行ESG优选债,中证华夏银行ESG优选债券指数,2017-06-30,100.0,中证系列指数,30,144.05,0.23,固定收益,绿色,人民币,是,否,无,信用债,2022-01-07
931805,绿色金融债,中证绿色金融债指数,2016-12-30,100.0,中证系列指数,106,136.73,0.12,固定收益,绿色,人民币,否,否,无,综合债,2021-12-13
931806,0-3年绿色金融债,中证0-3年绿色金融债指数,2016-12-30,100.0,中证系列指数,105,136.95,0.11,固定收益,绿色,人民币,否,否,无,综合债,2021-12-13
931807,商业银行绿色债,中证商业银行绿色金融债指数,2016-12-30,100.0,中证系列指数,59,137.46,0.11,固定收益,绿色,人民币,否,否,无,信用债,2021-12-13
931808,0-3年商业银行绿色债,中证0-3年商业银行绿色金融债指数,2016-12-30,100.0,中证系列指数,58,137.51,0.11,固定收益,绿色,人民币,否,否,无,信用债,2021-12-13
931809,高股息ESG,中证高股息ESG指数,2017-06-30,1000.0,中证系列指数,100,1541.48,2.16,股票,ESG,人民币,否,否,无,策略,2022-01-20
931810,汇丰大盘多因子,汇丰中国A股大盘多因子指数,2010-12-31,1000.0,中证系列指数,47,2403.28,-6.47,股票,Smart Beta,人民币,是,否,IOSCO,策略,2022-04-11
931811,小家电主题,中证小家电主题指数,2018-12-28,1000.0,中证系列指数,31,1208.60,-2.81,股票,,人民币,否,否,无,主题,2022-01-20
931812,兴证财富50,中证兴证财富50基金指数,2018-12-28,1000.0,中证系列指数,50,2687.40,-13.33,基金,,人民币,是,否,无,-,2021-12-02
931813,同业存单6-12个月AAA,中证同业存单6-12个月AAA指数,2014-12-31,100.0,中证系列指数,2553,145.80,0.13,固定收益,,人民币,否,否,无,其他固收指数,2022-02-21
931814,同业存单6-12个月高等级,中证同业存单6-12个月高等级指数,2014-12-31,100.0,中证系列指数,3446,146.32,0.13,固定收益,,人民币,否,否,无,其他固收指数,2022-02-21
931815,同业存单0-6个月AAA,中证同业存单0-6个月AAA指数,2014-12-31,100.0,中证系列指数,5116,139.36,0.12,固定收益,,人民币,否,否,无,其他固收指数,2022-02-21
931816,同业存单0-6个月高等级,中证同业存单0-6个月高等级指数,2014-12-31,100.0,中证系列指数,7068,139.73,0.12,固定收益,,人民币,否,否,无,其他固收指数,2022-02-21
931817,股份制银行同业存单,中证全国股份制商业银行同业存单指数,2014-12-31,100.0,中证系列指数,1712,140.97,0.12,固定收益,,人民币,否,否,无,其他固收指数,2022-02-21
931818,国有大型银行同业存单,中证国有控股大型商业银行同业存单指数,2014-12-31,100.0,中证系列指数,732,139.47,0.12,固定收益,,人民币,否,否,无,其他固收指数,2022-02-21
931819,城农商行同业存单AAA,中证城市商业银行及农村商业银行同业存单AAA指数,2014-12-31,100.0,中证系列指数,4841,142.07,0.12,固定收益,,人民币,否,否,无,其他固收指数,2022-02-21
931820,城农商行同业存单高等级,中证城市商业银行及农村商业银行同业存单高等级指数,2014-12-31,100.0,中证系列指数,6639,142.65,0.12,固定收益,,人民币,否,否,无,其他固收指数,2022-02-21
931821,300金融行业,沪深300金融指数,2007-12-28,1000.0,中证系列指数,51,823.51,5.57,股票,,人民币,否,否,IOSCO,行业,2023-06-12
931822,500金融,中证500金融指数,2017-12-29,1000.0,中证系列指数,34,662.13,4.37,股票,,人民币,否,否,IOSCO,行业,2023-06-12
931823,国资央企50,中证国资央企50指数,2016-12-30,1000.0,中证系列指数,50,1186.18,-2.65,股票,国企改革,人民币,否,是,无,主题,2023-11-09
931824,国企50,中证国有企业50指数,2016-12-30,1000.0,中证系列指数,50,1530.64,1.29,股票,国企改革,人民币,否,否,无,主题,2023-11-09
931825,央企50,中证中央企业50指数,2016-12-30,1000.0,中证系列指数,50,1246.31,2.88,股票,国企改革,人民币,否,否,无,主题,2023-11-09
931826,自主创新,中证科技自主创新指数,2012-12-31,1000.0,中证系列指数,50,5545.55,-11.05,股票,,人民币,是,否,无,主题,2015-07-07
931827,港股通地产C,中证港股通房地产综合指数,2014-11-14,3000.0,中证系列指数,39,1595.46,3.51,股票,,港元,否,否,无,行业,2022-07-21
931828,海外中国地产,中证海外中国内地企业互联互通房地产指数,2014-11-14,1000.0,中证系列指数,31,479.15,0.69,股票,,人民币,否,否,无,行业,2022-07-21
931829,中证回购,中证回购指数,2018-12-28,1000.0,中证系列指数,100,2160.43,-11.21,股票,,人民币,否,否,无,策略,2023-10-17
931830,回购价值策略,中证回购价值策略指数,2018-12-28,1000.0,中证系列指数,50,3286.72,-14.65,股票,,人民币,否,否,无,策略,2023-10-17
931831,回购质量策略,中证回购质量策略指数,2018-12-28,1000.0,中证系列指数,50,2535.41,-15.60,股票,,人民币,否,否,无,策略,2023-10-17
931832,CN80地产,中证海外内地股房地产指数,2012-12-31,1000.0,中证系列指数,3,599.29,7.41,股票,,人民币,否,否,无,行业,2022-07-21
931833,沪深港旅游休闲,中证沪深港旅游休闲指数,2014-12-31,1000.0,中证系列指数,50,608.03,-1.54,股票,,港元,否,否,无,主题,2024-03-07
931835,H100地产,中证香港100房地产指数,2012-12-31,1000.0,中证系列指数,10,630.48,6.95,股票,,港元,否,否,无,行业,2022-07-21
931836,中信银行高等级信用债,中证中信银行高等级信用债指数,2016-12-30,100.0,中证系列指数,2245,137.94,0.14,固定收益,,人民币,是,否,无,信用债,2024-09-20
931838,煤炭产业,中证煤炭产业指数,2010-12-31,1000.0,中证系列指数,50,796.25,2.41,股票,,人民币,否,否,无,主题,2012-04-11
931839,海外中国医药,中证海外中国内地企业互联互通医药卫生指数,2014-11-14,1000.0,中证系列指数,88,986.75,11.95,股票,,人民币,否,否,无,行业,2022-07-21
931844,0-3年银行债及同业存单AAA,中证0-3年银行债及同业存单AAA指数,2014-12-31,100.0,中证系列指数,7537,148.84,0.12,固定收益,,人民币,否,否,无,综合债,2022-04-11
931845,生猪产业,中证生猪产业指数,2015-12-31,1000.0,中证系列指数,29,1095.10,8.48,股票,,人民币,否,否,无,主题,2012-04-11
931846,500 ESG优选,中证500 ESG优选策略指数,2017-06-30,1000.0,中证系列指数,150,1509.00,-13.41,股票,绿色,人民币,是,否,无,策略,2022-03-21
931847,500红利低波,中证500红利低波动指数,2013-12-31,1000.0,中证系列指数,50,3211.73,3.38,股票,,人民币,否,否,无,策略,2024-05-21
931848,800红利低波,中证800红利低波动指数,2013-12-31,1000.0,中证系列指数,100,3179.47,4.35,股票,,人民币,否,是,无,策略,2024-05-21
931849,1000红利低波,中证1000红利低波动指数,2013-12-31,1000.0,中证系列指数,100,2502.27,2.90,股票,,人民币,否,否,无,策略,2024-05-21
931850,中证中诚信山东信用债AAA,中证中诚信山东省信用债AAA指数,2017-12-29,100.0,中证系列指数,758,149.54,0.18,固定收益,,人民币,是,否,无,信用债,2020-07-01
931851,绿色电力50,中证绿色电力50指数,2013-12-31,1000.0,中证系列指数,36,1998.09,1.10,股票,绿色,人民币,否,否,无,主题,2022-05-09
931853,全球中国电动车,中证全球中国电动车指数,2018-12-28,1000.0,中证系列指数,35,2722.50,-7.62,股票,,人民币,否,否,无,主题,2025-04-17
931854,低碳盈利100,中证低碳盈利100指数,2017-06-30,1000.0,中证系列指数,100,1295.84,-7.89,股票,绿色,人民币,否,否,无,策略,2022-07-08
931855,通用航空,中证通用航空主题指数,2020-12-31,1000.0,中证系列指数,50,887.26,-17.06,股票,,人民币,否,是,无,主题,2025-04-02
931856,苏州中高等级信用债,中证苏州中高等级信用债指数,2016-12-30,100.0,中证系列指数,564,145.79,0.17,固定收益,,人民币,否,否,无,信用债,2022-07-04
931857,苏州制造100,中证苏州制造100指数,2014-12-31,1000.0,中证系列指数,100,3671.67,-30.41,股票,,人民币,是,否,无,主题,2022-07-04
931858,苏州综指,中证苏州综合指数,2014-12-31,1000.0,中证系列指数,224,1780.05,-21.32,股票,,人民币,是,否,无,主题,2022-07-04
931859,300碳中和,沪深300碳中和指数,2017-06-30,1000.0,中证系列指数,288,1286.20,-6.68,股票,ESG,人民币,否,否,无,主题,2022-03-07
931860,0-3月国债,中证0-3个月国债指数,2007-12-31,100.0,中证系列指数,18,152.60,0.08,固定收益,,人民币,否,否,无,利率债,2022-03-21
931861,0-6月国债,中证0-6个月国债指数,2007-12-31,100.0,中证系列指数,26,154.50,0.08,固定收益,,人民币,否,否,无,利率债,2022-03-21
931862,0-9月国债,中证0-9个月国债指数,2007-12-31,100.0,中证系列指数,31,155.40,0.09,固定收益,,人民币,否,否,无,利率债,2022-03-21
931863,6-12月国债,中证6-12个月国债指数,2007-12-31,100.0,中证系列指数,12,160.24,0.11,固定收益,,人民币,否,否,无,利率债,2022-03-21
931865,中证半导,中证半导体产业指数,2016-12-30,1000.0,中证系列指数,40,8231.62,-9.74,股票,,人民币,否,是,无,主题,2019-03-20
931866,中证机床,中证机床指数,2016-12-30,1000.0,中证系列指数,50,2074.18,-32.27,股票,,人民币,否,是,无,主题,2022-05-09
931867,SSH高装,中证沪深港高端装备制造指数,2016-12-30,1000.0,中证系列指数,100,2310.16,-15.44,股票,沪港深,人民币,否,否,无,主题,2022-07-18
931868,商业银行债,中证商业银行债指数,2014-12-31,100.0,中证系列指数,881,163.95,0.16,固定收益,,人民币,否,否,无,信用债,2022-07-07
931869,AAA商业银行债,中证AAA商业银行债指数,2014-12-31,100.0,中证系列指数,570,162.68,0.16,固定收益,,人民币,否,否,无,信用债,2022-07-07
931870,高等级商业银行债,中证高等级商业银行债指数,2014-12-31,100.0,中证系列指数,767,163.31,0.16,固定收益,,人民币,否,否,无,信用债,2022-07-07
931871,商业银行债普通债,中证商业银行普通债指数,2014-12-31,100.0,中证系列指数,315,153.05,0.15,固定收益,,人民币,否,否,无,信用债,2022-07-07
931872,AAA商业银行普通债,中证AAA商业银行普通债指数,2014-12-31,100.0,中证系列指数,244,151.80,0.15,固定收益,,人民币,否,否,无,信用债,2022-07-07
931873,高等级商业银行普通债,中证高等级商业银行普通债指数,2014-12-31,100.0,中证系列指数,308,152.54,0.15,固定收益,,人民币,否,否,无,信用债,2022-07-07
931874,商业银行债次级债,中证商业银行次级债指数,2014-12-31,100.0,中证系列指数,566,168.10,0.16,固定收益,,人民币,否,否,无,信用债,2022-07-07
931875,AAA商业银行次级债,中证AAA商业银行次级债指数,2014-12-31,100.0,中证系列指数,326,166.88,0.16,固定收益,,人民币,否,否,无,信用债,2022-07-07
931876,高等级商业银行次级债,中证高等级商业银行次级债指数,2014-12-31,100.0,中证系列指数,459,167.40,0.16,固定收益,,人民币,否,否,无,信用债,2022-07-07
931878,AAA银行债,中证AAA银行债指数,2014-12-31,100.0,中证系列指数,960,157.34,0.15,固定收益,,人民币,否,否,无,综合债,2022-07-07
931879,高等级银行债,中证高等级银行债指数,2014-12-31,100.0,中证系列指数,1204,157.55,0.15,固定收益,,人民币,否,否,无,综合债,2022-07-07
931880,0-1年银行债,中证0-1年银行债指数,2014-12-31,100.0,中证系列指数,268,135.80,0.10,固定收益,,人民币,否,否,无,综合债,2022-07-07
931881,0-1年AAA银行债,中证0-1年AAA银行债指数,2014-12-31,100.0,中证系列指数,204,135.62,0.10,固定收益,,人民币,否,否,无,综合债,2022-07-07
931882,0-1年高等级银行债,中证0-1年高等级银行债指数,2014-12-31,100.0,中证系列指数,251,135.72,0.10,固定收益,,人民币,否,否,无,综合债,2022-07-07
931883,0-3年银行债,中证0-3年银行债指数,2014-12-31,100.0,中证系列指数,666,145.00,0.11,固定收益,,人民币,否,否,无,综合债,2022-07-07
931884,0-3年AAA银行债,中证0-3年AAA银行债指数,2014-12-31,100.0,中证系列指数,499,144.68,0.11,固定收益,,人民币,否,否,无,综合债,2022-07-07
931885,0-3年高等级银行债,中证0-3年高等级银行债指数,2014-12-31,100.0,中证系列指数,628,144.87,0.11,固定收益,,人民币,否,否,无,综合债,2022-07-07
931886,0-5年银行债,中证0-5年银行债指数,2014-12-31,100.0,中证系列指数,916,149.67,0.13,固定收益,,人民币,否,否,无,综合债,2022-07-07
931887,0-5年AAA银行债,中证0-5年AAA银行债指数,2014-12-31,100.0,中证系列指数,674,149.35,0.12,固定收益,,人民币,否,否,无,综合债,2022-07-07
931888,0-5年高等级银行债,中证0-5年高等级银行债指数,2014-12-31,100.0,中证系列指数,851,149.54,0.13,固定收益,,人民币,否,否,无,综合债,2022-07-07
931889,央视财经基金100,中证央视财经基金100指数,2013-12-31,1000.0,中证系列指数,100,2833.51,-9.22,基金,,人民币,是,否,无,-,2022-04-19
931891,ESG 300成长优选,中证ESG 300成长优选指数,2017-12-29,1000.0,中证系列指数,50,1329.35,-9.08,股票,ESG,人民币,否,否,无,策略,2022-07-18
931892,有色矿业,中证有色金属矿业主题指数,2013-12-31,1000.0,中证系列指数,38,3392.90,-20.21,股票,,人民币,否,是,无,主题,2013-07-15
931893,银发经济,中证银发经济主题指数,2014-06-30,1000.0,中证系列指数,42,2850.49,11.52,股票,,人民币,否,否,无,主题,2022-10-31
931894,北银理财央企能源股债,中证北银理财央企能源产业股债恒定比例指数,2018-12-28,1000.0,中证系列指数,2,1737.50,0.50,多资产,,人民币,是,否,无,主题,2025-03-26
931895,中证银保,中证银行保险指数,2013-12-31,1000.0,中证系列指数,47,2078.79,5.10,股票,,人民币,否,否,无,主题,2022-09-01
931896,300银保,沪深300银行保险指数,2013-12-31,1000.0,中证系列指数,29,2127.50,5.23,股票,,人民币,否,否,无,主题,2022-07-06
931897,绿色电力,中证绿色电力指数,2017-06-30,1000.0,中证系列指数,50,1150.43,-2.69,股票,,人民币,否,是,无,行业,2012-12-21
931898,全球智能汽车,中证全球智能汽车主题指数,2016-12-30,1000.0,中证系列指数,50,7485.04,-12.07,股票,,人民币,否,否,无,主题,2022-07-06
931899,全球智能驾驶,中证全球智能驾驶主题指数,2016-12-30,1000.0,中证系列指数,50,7671.06,-12.42,股票,,人民币,否,否,无,主题,2022-07-12
931900,港美智能汽车,中证港美上市全球智能汽车主题指数,2016-12-30,1000.0,中证系列指数,46,8348.66,-11.94,股票,,人民币,否,否,无,主题,2022-07-06
931901,港美智能驾驶,中证港美上市全球智能驾驶主题指数,2016-12-30,1000.0,中证系列指数,45,9333.19,-11.93,股票,,人民币,否,否,无,主题,2022-07-12
931902,长江信用债,中证长江经济带信用债指数,2014-12-31,100.0,中证系列指数,3005,171.30,0.19,固定收益,,人民币,否,否,无,信用债,2022-07-22
931903,黄河信用债,中证黄河流域信用债指数,2014-12-31,100.0,中证系列指数,1433,176.78,0.22,固定收益,,人民币,否,否,无,信用债,2022-07-22
931904,安徽信用债,中证安徽省信用债指数,2014-12-31,100.0,中证系列指数,136,176.65,0.18,固定收益,,人民币,否,否,无,信用债,2022-07-22
931905,重庆信用债,中证重庆市信用债指数,2014-12-31,100.0,中证系列指数,142,173.61,0.21,固定收益,,人民币,否,否,无,信用债,2022-07-22
931906,河北信用债,中证河北省信用债指数,2014-12-31,100.0,中证系列指数,362,172.67,0.26,固定收益,,人民币,否,否,无,信用债,2022-07-22
931907,河南信用债,中证河南省信用债指数,2014-12-31,100.0,中证系列指数,132,172.34,0.20,固定收益,,人民币,否,否,无,信用债,2022-07-22
931908,湖南信用债,中证湖南省信用债指数,2014-12-31,100.0,中证系列指数,204,180.87,0.19,固定收益,,人民币,否,否,无,信用债,2022-07-22
931909,江西信用债,中证江西省信用债指数,2014-12-31,100.0,中证系列指数,210,179.65,0.22,固定收益,,人民币,否,否,无,信用债,2022-07-22
931910,山东信用债,中证山东省信用债指数,2014-12-31,100.0,中证系列指数,1456,176.09,0.20,固定收益,,人民币,否,否,无,信用债,2022-07-22
931911,山西信用债,中证山西省信用债指数,2014-12-31,100.0,中证系列指数,50,181.83,0.23,固定收益,,人民币,否,否,无,信用债,2022-07-22
931912,陕西信用债,中证陕西省信用债指数,2014-12-31,100.0,中证系列指数,231,179.11,0.22,固定收益,,人民币,否,否,无,信用债,2022-07-22
931913,云南信用债,中证云南省信用债指数,2014-12-31,100.0,中证系列指数,38,179.49,0.17,固定收益,,人民币,否,否,无,信用债,2022-07-22
931914,AAA企业永续债,中证AAA企业永续债指数,2016-12-30,100.0,中证系列指数,1042,146.18,0.18,固定收益,,人民币,否,否,无,信用债,2022-07-18
931915,高等级企业永续债,中证高等级企业永续债指数,2016-12-30,100.0,中证系列指数,2055,148.18,0.18,固定收益,,人民币,否,否,无,信用债,2022-07-18
931916,AAA商业银行永续债,中证AAA商业银行永续债指数,2020-12-31,100.0,中证系列指数,36,126.34,0.21,固定收益,,人民币,否,否,无,信用债,2022-07-18
931917,高等级商业银行永续债,中证高等级商业银行永续债指数,2020-12-31,100.0,中证系列指数,88,126.57,0.22,固定收益,,人民币,否,否,无,信用债,2022-07-18
931918,华夏银行新经济债,中证华夏银行新经济债券指数,2016-12-30,100.0,中证系列指数,318,147.77,0.19,固定收益,,人民币,是,否,无,信用债,2022-07-12
931919,800银保,中证800银行保险指数,2013-12-31,1000.0,中证系列指数,34,2088.04,5.13,股票,,人民币,否,否,无,主题,2022-07-06
931920,沪深港银保,中证沪深港银行保险指数,2014-12-31,1000.0,中证系列指数,43,1473.51,1.50,股票,,人民币,否,否,无,主题,2022-09-01
931921,精选市场电动车,中证精选市场电动车指数,2018-12-28,1000.0,中证系列指数,30,1048.81,-2.54,股票,,美元,否,否,无,主题,2025-02-27
931922,新能源金属50,中证新能源金属50指数,2011-12-30,1000.0,中证系列指数,50,2437.52,-29.87,股票,,人民币,是,否,无,主题,2022-09-01
931923,广西信用债,中证广西壮族自治区信用债指数,2014-12-31,100.0,中证系列指数,84,181.33,0.26,固定收益,,人民币,否,否,无,信用债,2022-07-22
931924,贵州信用债,中证贵州省信用债指数,2014-12-31,100.0,中证系列指数,69,190.12,0.23,固定收益,,人民币,否,否,无,信用债,2022-07-22
931925,辽宁信用债,中证辽宁省信用债指数,2014-12-31,100.0,中证系列指数,48,174.07,-0.31,固定收益,,人民币,否,否,无,信用债,2022-07-22
931926,吉林信用债,中证吉林省信用债指数,2014-12-31,100.0,中证系列指数,59,180.70,0.20,固定收益,,人民币,否,否,无,信用债,2022-07-22
931927,黑龙江信用债,中证黑龙江省信用债指数,2014-12-31,100.0,中证系列指数,1,186.64,0.28,固定收益,,人民币,否,否,无,信用债,2022-07-22
931928,新疆信用债,中证新疆维吾尔自治区信用债指数,2014-12-31,100.0,中证系列指数,36,177.38,0.16,固定收益,,人民币,否,否,无,信用债,2022-07-22
931929,内蒙古信用债,中证内蒙古自治区信用债指数,2014-12-31,100.0,中证系列指数,7,181.44,0.29,固定收益,,人民币,否,否,无,信用债,2022-07-22
931931,建筑装饰,中证全指建筑装饰指数,2021-12-31,1000.0,中证系列指数,128,689.97,-10.38,股票,,人民币,否,否,IOSCO,行业,2022-07-21
931932,电力设备,中证全指电力设备指数,2021-12-31,1000.0,中证系列指数,273,586.26,-23.53,股票,,人民币,否,否,IOSCO,行业,2022-07-21
931933,全指环保,中证全指环保指数,2021-12-31,1000.0,中证系列指数,104,701.27,-16.76,股票,,人民币,否,否,IOSCO,行业,2022-07-21
931934,非金属材料,中证全指非金属材料指数,2021-12-31,1000.0,中证系列指数,54,938.10,-28.99,股票,,人民币,否,否,IOSCO,行业,2022-07-21
931935,全指钢铁,中证全指钢铁指数,2021-12-31,1000.0,中证系列指数,49,689.42,-8.61,股票,,人民币,否,否,IOSCO,行业,2022-07-21
931936,全指有色,中证全指有色金属指数,2021-12-31,1000.0,中证系列指数,101,1276.10,-21.04,股票,,人民币,否,否,IOSCO,行业,2022-07-21
931937,造纸与包装,中证全指造纸与包装指数,2021-12-31,1000.0,中证系列指数,55,710.31,-16.84,股票,,人民币,否,否,IOSCO,行业,2022-07-21
931938,服装珠宝,中证全指纺织服装与珠宝指数,2021-12-31,1000.0,中证系列指数,71,748.80,-6.06,股票,,人民币,否,否,IOSCO,行业,2022-07-21
931939,家庭用品,中证全指家庭与个人用品指数,2021-12-31,1000.0,中证系列指数,32,476.30,-2.26,股票,,人民币,否,否,IOSCO,行业,2022-07-21
931940,全指医疗,中证全指医疗指数,2021-12-31,1000.0,中证系列指数,138,510.11,1.59,股票,,人民币,否,否,IOSCO,行业,2022-07-21
931941,其他金融,中证全指其他金融指数,2021-12-31,1000.0,中证系列指数,11,882.66,-0.94,股票,,人民币,否,否,IOSCO,行业,2022-07-21
931945,汽车半导,中证汽车半导体产业指数,2016-12-30,1000.0,中证系列指数,50,5471.33,-14.39,股票,,人民币,否,否,无,主题,2022-09-01
931946,畜牧养殖,中证畜牧养殖产业指数,2021-12-31,1000.0,中证系列指数,50,637.21,10.03,股票,,人民币,否,是,无,主题,2023-07-28
931947,港股通有色,中证港股通有色金属综合指数,2021-12-31,3000.0,中证系列指数,21,6058.50,-13.00,股票,,港元,否,否,无,行业,2022-07-21
931948,港股通机械,中证港股通机械制造综合指数,2021-12-31,3000.0,中证系列指数,32,3349.39,-10.76,股票,,港元,否,否,无,行业,2022-07-21
931949,港股通运输,中证港股通交通运输综合指数,2021-12-31,3000.0,中证系列指数,32,2662.45,4.74,股票,,港元,否,否,无,行业,2022-07-21
931951,港股通纺织服装,中证港股通纺织服装与珠宝综合指数,2021-12-31,3000.0,中证系列指数,16,1581.93,-0.74,股票,,港元,否,否,无,行业,2022-07-21
931952,港股通服务,中证港股通消费者服务综合指数,2021-12-31,3000.0,中证系列指数,27,1790.26,3.28,股票,,港元,否,否,无,行业,2022-07-21
931953,港股通食品饮料,中证港股通食品饮料综合指数,2021-12-31,3000.0,中证系列指数,32,1718.08,3.39,股票,,港元,否,否,无,行业,2022-07-21
931955,港股通制药,中证港股通医药综合指数,2021-12-31,3000.0,中证系列指数,63,2431.89,12.92,股票,,港元,否,否,无,行业,2022-07-21
931956,港股通银行,中证港股通银行综合指数,2021-12-31,3000.0,中证系列指数,22,5355.47,0.21,股票,,港元,否,否,无,行业,2022-07-21
931957,港股通资本市场,中证港股通资本市场综合指数,2021-12-31,3000.0,中证系列指数,23,2690.91,-1.66,股票,,港元,否,否,无,行业,2022-07-21
931958,港股通电子,中证港股通电子综合指数,2021-12-31,3000.0,中证系列指数,21,3732.49,-29.99,股票,,港元,否,否,无,行业,2022-07-21
931959,港股通传媒,中证港股通传媒综合指数,2021-12-31,3000.0,中证系列指数,15,1824.97,-3.52,股票,,港元,否,否,无,行业,2022-07-21
931960,港股通运输业,中证港股通运输业综合指数,2021-12-31,3000.0,中证系列指数,20,2728.23,5.41,股票,,港元,否,否,无,行业,2022-07-21
931961,港股通交通设施,中证港股通交通基本设施综合指数,2021-12-31,3000.0,中证系列指数,12,2918.75,0.43,股票,,港元,否,否,无,行业,2022-07-21
931962,港股通休闲,中证港股通休闲服务综合指数,2021-12-31,3000.0,中证系列指数,23,1838.69,2.83,股票,,港元,否,否,无,行业,2022-07-21
931963,港股通教育,中证港股通教育服务综合指数,2021-12-31,3000.0,中证系列指数,4,1322.12,19.90,股票,,港元,否,否,无,行业,2022-07-21
931965,港股通食品,中证港股通食品综合指数,2021-12-31,3000.0,中证系列指数,16,1983.84,6.45,股票,,港元,否,否,无,行业,2022-07-21
931966,港股通医疗商业,中证港股通医疗商业与服务综合指数,2021-12-31,3000.0,中证系列指数,13,1057.46,3.55,股票,,港元,否,否,无,行业,2022-07-21
931967,港股通化学药,中证港股通化学药综合指数,2021-12-31,3000.0,中证系列指数,27,2574.89,10.25,股票,,港元,否,否,无,行业,2022-07-21
931968,港股通制药生物,中证港股通制药与生物科技服务综合指数,2021-12-31,3000.0,中证系列指数,11,1201.35,18.49,股票,,港元,否,否,无,行业,2022-07-21
931969,港股通商业银行,中证港股通商业银行综合指数,2021-12-31,3000.0,中证系列指数,22,5358.72,0.21,股票,,港元,否,否,无,行业,2022-07-21
931970,港股通文化娱乐,中证港股通文化娱乐综合指数,2021-12-31,3000.0,中证系列指数,5,1360.96,-6.46,股票,,港元,否,否,无,行业,2022-07-21
931971,港股通电力电网,中证港股通电力及电网综合指数,2021-12-31,3000.0,中证系列指数,13,2589.72,0.21,股票,,港元,否,否,无,行业,2022-07-21
931972,港股通地产开发,中证港股通房地产开发与园区综合指数,2021-12-31,3000.0,中证系列指数,25,1685.79,0.09,股票,,港元,否,否,无,行业,2022-07-21
931973,港股通地产管理,中证港股通房地产管理与服务综合指数,2021-12-31,3000.0,中证系列指数,14,1338.71,5.31,股票,,港元,否,否,无,行业,2022-07-21
931975,H300服务,中证香港300消费者服务指数,2021-12-31,1000.0,中证系列指数,14,862.39,3.62,股票,,港元,否,否,无,行业,2022-07-21
931976,H300食品饮料,中证香港300食品饮料指数,2021-12-31,1000.0,中证系列指数,16,555.40,4.15,股票,,港元,否,否,无,行业,2022-07-21
931977,H300医疗,中证香港300医疗指数,2021-12-31,1000.0,中证系列指数,8,442.18,3.10,股票,,港元,否,否,无,行业,2022-07-21
931978,H300制药,中证香港300医药指数,2021-12-31,1000.0,中证系列指数,27,780.23,13.82,股票,,港元,否,否,无,行业,2022-07-21
931979,H300资本市场,中证香港300资本市场指数,2021-12-31,1000.0,中证系列指数,13,1002.52,-1.22,股票,,港元,否,否,无,行业,2022-07-21
931980,H300传媒,中证香港300传媒指数,2021-12-31,1000.0,中证系列指数,11,702.59,-1.01,股票,,港元,否,否,无,行业,2022-07-21
931981,H300休闲服务,中证香港300休闲服务指数,2021-12-31,1000.0,中证系列指数,13,816.45,1.81,股票,,港元,否,否,无,行业,2022-07-21
931982,H300医疗器械,中证香港300医疗器械指数,2021-12-31,1000.0,中证系列指数,3,386.80,-2.76,股票,,港元,否,否,无,行业,2022-07-21
931983,H300化学药,中证香港300化学药指数,2021-12-31,1000.0,中证系列指数,13,904.78,12.25,股票,,港元,否,否,无,行业,2022-07-21
931984,H300商业银行,中证香港300商业银行指数,2021-12-31,1000.0,中证系列指数,12,2052.80,1.47,股票,,港元,否,否,无,行业,2022-07-21
931985,H300地产开发,中证香港300房地产开发与园区指数,2021-12-31,1000.0,中证系列指数,14,682.56,3.76,股票,,港元,否,否,无,行业,2022-07-21
931986,H300地产管理,中证香港300房地产管理与服务指数,2021-12-31,1000.0,中证系列指数,8,386.66,9.35,股票,,港元,否,否,无,行业,2022-07-21
931987,国企ESG 50,中证国企ESG 50指数,2017-06-30,1000.0,中证系列指数,50,1300.00,-2.75,股票,ESG,人民币,否,否,无,主题,2025-04-02
931988,高端装备央企信用债,中证高端装备央企信用债指数,2013-12-31,100.0,中证系列指数,57,171.06,0.20,固定收益,,人民币,是,否,无,信用债,2022-12-14
931989,渝农商理财成渝经济圈发展,中证渝农商理财成渝地区双城经济圈发展指数,2015-12-31,1000.0,中证系列指数,100,1275.97,-9.51,股票,区域,人民币,是,否,无,主题,2022-07-12
931990,渝农商理财成渝经济圈消费,中证渝农商理财成渝地区双城经济圈消费指数,2015-12-31,1000.0,中证系列指数,30,1399.86,-4.21,股票,区域,人民币,是,否,无,主题,2022-07-12
931991,渝农商理财成渝经济圈先进制造,中证渝农商理财成渝地区双城经济圈先进制造指数,2015-12-31,1000.0,中证系列指数,50,1216.50,-13.21,股票,区域,人民币,是,否,无,主题,2022-07-12
931992,疫苗生物,中证疫苗与生物技术指数,2017-12-29,1000.0,中证系列指数,42,1105.00,6.26,股票,,人民币,否,是,无,主题,2013-07-15
931993,银行债,中证银行债指数,2014-12-31,100.0,中证系列指数,1335,157.76,0.15,固定收益,,人民币,否,否,无,综合债,2022-07-07
931994,电网设备主题,中证电网设备主题指数,2014-06-30,1000.0,中证系列指数,80,2642.24,-27.80,股票,,人民币,否,是,无,主题,2022-10-11
931995,国泰海通大类资产配置,中证国泰海通大类资产动态配置策略指数,2017-12-29,1000.0,中证系列指数,4,1959.75,-3.39,多资产,,人民币,是,否,无,策略,2022-07-15
931996,新能源金属,中证新能源金属主题指数,2013-12-31,1000.0,中证系列指数,50,2632.20,-22.32,股票,绿色,人民币,否,否,无,主题,2022-11-14
931997,1000股息点,中证1000股息点指数,2004-12-31,0.0,中证系列指数,1000,56.99,37.95,股票,红利/高股息,人民币,否,否,无,-,2025-03-19
931998,全球半导体,中证全球半导体产业指数,2016-12-30,1000.0,中证系列指数,50,11646.61,-14.36,股票,,人民币,否,否,无,主题,2022-11-04
931999,全球半导体材料设备,中证全球半导体材料设备指数,2016-12-30,1000.0,中证系列指数,50,13937.43,-15.01,股票,,人民币,否,否,无,主题,2022-11-04
932001,中证央企债,中证央企信用债指数,2013-12-31,100.0,中证系列指数,1140,174.20,0.21,固定收益,,人民币,否,否,无,信用债,2022-09-23
932002,中证0-3年央企债,中证0-3年央企信用债指数,2013-12-31,100.0,中证系列指数,623,161.54,0.14,固定收益,,人民币,否,否,无,信用债,2022-09-23
932003,中证0-5年央企债,中证0-5年央企信用债指数,2013-12-31,100.0,中证系列指数,883,169.17,0.15,固定收益,,人民币,否,否,无,信用债,2022-09-23
932004,国新央企综指,中证国新央企综合指数,2011-12-30,1000.0,中证系列指数,394,1726.10,-9.11,股票,国企改革,人民币,是,否,无,主题,2022-10-11
932005,民生银行科创债,中证民生银行ESG科技创新债券指数,2022-12-30,100.0,中证系列指数,591,116.68,0.20,固定收益,,人民币,是,否,无,信用债,2025-10-29
932006,中证REITs（收盘）,中证REITs（收盘）指数,2021-09-30,1000.0,中证系列指数,51,723.20,-0.51,基金,,人民币,否,否,IOSCO,-,2022-12-15
932011,蒙商银行内蒙古中高等级债券,中证蒙商银行内蒙古自治区中高等级债券指数,2016-12-30,100.0,中证系列指数,78,144.33,0.13,固定收益,,人民币,是,否,无,信用债,2023-04-25
932012,创新主题信用债,中证创新主题信用债指数,2016-12-30,100.0,中证系列指数,2885,147.04,0.20,固定收益,,人民币,否,否,无,信用债,2022-11-02
932013,科技创新债券,中证科技创新债券指数,2022-06-30,100.0,中证系列指数,2850,116.32,0.20,固定收益,,人民币,否,否,无,信用债,2022-11-02
932014,乡村振兴债,中证乡村振兴债指数,2018-12-31,100.0,中证系列指数,268,137.00,0.22,固定收益,,人民币,否,否,无,综合债,2022-11-02
932015,乡村振兴地方债,中证乡村振兴地方政府债指数,2018-12-31,100.0,中证系列指数,69,142.99,0.27,固定收益,,人民币,否,否,无,利率债,2022-11-02
932016,乡村振兴信用债,中证乡村振兴信用债指数,2021-12-31,100.0,中证系列指数,199,116.26,0.18,固定收益,,人民币,否,否,无,信用债,2022-11-02
932017,800红利增长,中证800红利增长指数,2013-12-31,1000.0,中证系列指数,50,3070.91,3.30,股票,,人民币,否,否,无,策略,2022-11-25
932018,300红利增长,沪深300红利增长指数,2013-12-31,1000.0,中证系列指数,50,3086.46,3.49,股票,,人民币,否,否,无,策略,2022-11-25
932019,500红利增长,中证500红利增长指数,2013-12-31,1000.0,中证系列指数,50,3077.72,-4.29,股票,,人民币,否,否,无,策略,2022-11-25
932020,1000红利增长,中证1000红利增长指数,2013-12-31,1000.0,中证系列指数,100,1836.00,-4.55,股票,,人民币,否,否,无,策略,2022-11-25
932026,SSH高端造,中证沪深港高端制造指数,2016-12-30,1000.0,中证系列指数,100,2187.77,-12.92,股票,沪港深,人民币,否,否,无,主题,2023-03-13
932027,500趋势成长,中证智选500趋势成长指数,2016-12-30,1000.0,中证系列指数,50,2495.18,-17.61,股票,Smart Beta,人民币,是,否,无,策略,2023-06-30
932028,数据要素,中证数据要素主题指数,2021-12-31,1000.0,中证系列指数,50,775.81,-8.23,股票,,人民币,否,否,无,主题,2023-08-30
932029,AAA综合债,中证AAA综合债指数,2014-12-31,100.0,中证系列指数,33875,161.10,0.21,固定收益,,人民币,否,否,无,综合债,2022-12-02
932030,短期AAA综合债,中证短期AAA综合债指数,2014-12-31,100.0,中证系列指数,6061,137.25,0.11,固定收益,,人民币,否,否,无,综合债,2022-12-02
932031,0-3年AAA综合债,中证0-3年AAA综合债指数,2014-12-31,100.0,中证系列指数,15292,144.68,0.12,固定收益,,人民币,否,否,无,综合债,2022-12-02
932032,0-5年AAA综合债,中证0-5年AAA综合债指数,2014-12-31,100.0,中证系列指数,21468,149.04,0.14,固定收益,,人民币,否,否,无,综合债,2022-12-02
932033,3-5年AAA综合债,中证3-5年AAA综合债指数,2014-12-31,100.0,中证系列指数,6176,158.90,0.19,固定收益,,人民币,否,否,无,综合债,2022-12-02
932034,5-7年AAA综合债,中证5-7年AAA综合债指数,2014-12-31,100.0,中证系列指数,2321,166.29,0.24,固定收益,,人民币,否,否,无,综合债,2022-12-02
932035,7-10年AAA综合债,中证7-10年AAA综合债指数,2014-12-31,100.0,中证系列指数,3762,170.22,0.29,固定收益,,人民币,否,否,无,综合债,2022-12-02
932036,10年+AAA综合债,中证10年以上AAA综合债指数,2014-12-31,100.0,中证系列指数,6367,205.35,0.29,固定收益,,人民币,否,否,无,综合债,2022-12-02
932040,芯片设计,中证芯片设计主题指数,2018-12-28,1000.0,中证系列指数,78,6089.35,-21.76,股票,,人民币,否,否,无,主题,2021-08-25
932042,智选航空科技,中证智选沪深港航空科技指数,2014-12-31,1000.0,中证系列指数,50,1383.42,-9.81,股票,,人民币,是,否,无,主题,2023-10-18
932044,高端装备科技,中证智选高端装备细分科技主题指数,2016-12-30,1000.0,中证系列指数,45,1157.69,-21.69,股票,,人民币,是,否,无,主题,2024-03-20
932045,浦东绿色主题信用债,中证浦东新区绿色主题信用债指数,2015-12-31,100.0,中证系列指数,396,141.55,0.18,固定收益,,人民币,否,否,无,信用债,2023-05-08
932048,民企高端装备,中证智选民企高端装备细分科技主题指数,2016-12-30,1000.0,中证系列指数,40,1017.06,-26.66,股票,,人民币,是,否,无,主题,2024-03-20
932050,浦东绿色50 ESG,中证浦东新区绿色50 ESG指数,2018-12-28,1000.0,中证系列指数,50,1662.62,-5.95,股票,ESG,人民币,否,否,无,主题,2023-05-08
932051,短期AAA信用债,中证短期AAA信用债指数,2018-12-31,100.0,中证系列指数,4362,122.97,0.13,固定收益,,人民币,否,否,无,信用债,2023-02-03
932052,央企科技创新,中证诚通央企科技创新指数,2019-12-31,1000.0,中证系列指数,50,1639.35,-13.01,股票,,人民币,是,是,无,主题,2023-10-10
932053,1000价值策略,中证智选1000价值策略指数,2016-12-30,1000.0,中证系列指数,100,1154.35,-4.57,股票,Smart Beta,人民币,是,否,无,策略,2023-03-13
932055,主动偏股,中证主动偏股型基金指数,2007-12-31,1000.0,中证系列指数,5353,2075.26,-12.43,基金,,人民币,否,否,无,-,2023-11-06
932057,苏州创新50,中证苏州创新50指数,2014-12-31,1000.0,中证系列指数,50,3572.82,-30.66,股票,区域,人民币,是,否,无,主题,2023-01-09
932058,300价值领先,中证智选300价值领先指数,2012-12-28,1000.0,中证系列指数,150,2912.42,-9.07,股票,,人民币,是,否,无,策略,2023-11-22
932059,500价值领先,中证智选500价值领先指数,2012-12-28,1000.0,中证系列指数,250,3950.66,-14.08,股票,,人民币,是,否,无,策略,2023-11-22
932060,1000价值领先,中证智选1000价值领先指数,2012-12-28,1000.0,中证系列指数,500,4870.86,-21.63,股票,,人民币,是,否,无,策略,2023-11-22
932061,均衡配置,中证智选均衡配置指数,2012-12-28,1000.0,中证系列指数,900,4019.59,-15.10,股票,,人民币,是,是,无,策略,2023-11-22
932062,市场龙头50,中证市场龙头50指数,2017-06-30,1000.0,中证系列指数,50,1621.52,-3.12,股票,,人民币,否,否,无,主题,2024-01-16
932063,1000成长策略,中证智选1000成长策略指数,2016-12-30,1000.0,中证系列指数,100,2622.42,-21.79,股票,Smart Beta,人民币,是,否,无,策略,2023-03-13
932065,通信设备及电信运营服务行业精选,中证通信设备及电信运营服务行业精选指数,2014-12-31,1000.0,中证系列指数,50,6322.36,-29.22,股票,,人民币,是,否,无,主题,2023-11-10
932066,半导体行业精选,中证半导体行业精选指数,2014-12-31,1000.0,中证系列指数,50,5724.06,-13.38,股票,,人民币,是,是,无,主题,2023-11-10
932067,计算机行业精选,中证计算机行业精选指数,2014-12-31,1000.0,中证系列指数,50,892.33,-6.81,股票,,人民币,是,否,无,主题,2023-11-10
932068,长寿经济,中证长寿经济主题指数,2016-12-30,1000.0,中证系列指数,50,2441.08,6.24,股票,,人民币,是,否,无,主题,2023-04-03
932069,港股通医疗主题,中证港股通医疗主题指数,2018-12-31,1000.0,中证系列指数,50,934.04,11.21,股票,,港元,否,是,无,主题,2022-07-21
932070,北银理财北京科技领先,中证北银理财北京科技领先指数,2018-12-28,1000.0,中证系列指数,50,2265.80,-9.41,股票,,人民币,是,否,无,策略,2023-02-03
932071,SSH煤炭,中证沪深港煤炭指数,2014-12-31,1000.0,中证系列指数,37,1389.90,-2.96,股票,,港元,否,否,无,主题,2012-12-21
932072,红利增长50,中证智选红利增长50指数,2013-12-31,1000.0,中证系列指数,50,3584.77,2.90,股票,,人民币,是,否,无,策略,2023-02-03
932073,佛山制造,中证佛山制造指数,2014-12-31,1000.0,中证系列指数,43,1912.49,-15.12,股票,,人民币,否,否,无,主题,2023-12-11
932074,金司南气候友好,中证金司南气候友好主题指数,2017-06-30,1000.0,中证系列指数,100,876.76,-15.03,股票,绿色,人民币,是,否,无,主题,2023-01-09
932087,集成电路,中证全指集成电路指数,2021-12-31,1000.0,中证系列指数,80,1488.60,-18.13,股票,,人民币,否,是,IOSCO,行业,2023-03-29
932088,全指航空,中证全指航空航天指数,2021-12-31,1000.0,中证系列指数,50,653.32,-15.52,股票,,人民币,否,是,IOSCO,行业,2023-03-23
932089,全指节能,中证全指节能与生态修复指数,2021-12-31,1000.0,中证系列指数,44,807.70,-24.92,股票,,人民币,否,否,IOSCO,行业,2023-03-23
932090,储能设备,中证全指储能设备指数,2021-12-31,1000.0,中证系列指数,80,538.43,-26.57,股票,,人民币,否,否,IOSCO,行业,2023-03-23
932091,全指种植,中证全指种植指数,2021-12-31,1000.0,中证系列指数,29,680.59,-9.67,股票,,人民币,否,否,IOSCO,行业,2023-03-23
932092,数据中心,中证全指数据中心指数,2021-12-31,1000.0,中证系列指数,19,1486.66,-3.32,股票,,人民币,否,否,IOSCO,行业,2023-03-29
932093,通用机械,中证全指通用机械指数,2021-12-31,1000.0,中证系列指数,268,1030.04,-25.42,股票,,人民币,否,否,IOSCO,行业,2023-03-29
932094,软件开发,中证全指软件开发指数,2021-12-31,1000.0,中证系列指数,107,670.91,-9.24,股票,,人民币,否,是,IOSCO,行业,2023-03-29
932097,交易所国企债,中证交易所国企信用债指数,2013-12-31,100.0,中证系列指数,7971,190.04,0.24,固定收益,,人民币,否,否,无,信用债,2023-02-03
932098,交易所0-3国企债,中证交易所0-3年国企信用债指数,2013-12-31,100.0,中证系列指数,4911,172.91,0.15,固定收益,,人民币,否,否,无,信用债,2023-02-03
932099,交易所0-5国企债,中证交易所0-5年国企信用债指数,2013-12-31,100.0,中证系列指数,6971,180.55,0.17,固定收益,,人民币,否,否,无,信用债,2023-02-03
932100,交易所AAA国企债,中证交易所AAA国企信用债指数,2016-12-30,100.0,中证系列指数,2865,147.30,0.28,固定收益,,人民币,否,否,无,信用债,2023-02-03
932101,交易所短期AAA国企债,中证交易所短期AAA国企信用债指数,2016-12-30,100.0,中证系列指数,553,133.15,0.12,固定收益,,人民币,否,否,无,信用债,2023-02-03
932102,交易所0-3 AAA国企债,中证交易所0-3年AAA国企信用债指数,2016-12-30,100.0,中证系列指数,1589,139.49,0.15,固定收益,,人民币,否,否,无,信用债,2023-02-03
932103,交易所0-5 AAA国企债,中证交易所0-5年AAA国企信用债指数,2016-12-30,100.0,中证系列指数,2230,141.60,0.18,固定收益,,人民币,否,否,无,信用债,2023-02-03
932104,短期AAA央企债,中证短期AAA央企信用债指数,2016-12-30,100.0,中证系列指数,817,131.66,0.12,固定收益,,人民币,否,否,无,信用债,2023-05-08
932105,交易所短期AAA央企债,中证交易所短期AAA央企信用债指数,2016-12-30,100.0,中证系列指数,282,132.96,0.12,固定收益,,人民币,否,否,无,信用债,2023-05-08
932106,短期高等级信用债,中证短期高等级信用债指数,2016-12-30,100.0,中证系列指数,3502,132.66,0.12,固定收益,,人民币,否,否,无,信用债,2023-05-08
932107,交易所短期高等级信用债,中证交易所短期高等级信用债指数,2016-12-30,100.0,中证系列指数,1064,133.96,0.13,固定收益,,人民币,否,否,无,信用债,2023-05-08
932108,短期AAA国企债,中证短期AAA国企信用债指数,2016-12-30,100.0,中证系列指数,1627,131.83,0.12,固定收益,,人民币,否,否,无,信用债,2023-05-08
932109,交易所短期信用债,中证交易所短期信用债指数,2011-12-30,100.0,中证系列指数,1653,170.60,0.13,固定收益,,人民币,否,否,无,信用债,2023-05-08
932110,交易所短期AAA信用债,中证交易所短期AAA信用债指数,2011-12-30,100.0,中证系列指数,1253,166.63,0.13,固定收益,,人民币,否,否,无,信用债,2023-05-08
932111,化工行业,中证全指化工行业指数,2021-12-31,1000.0,中证系列指数,101,729.65,-10.91,股票,,人民币,否,否,IOSCO,行业,2023-07-14
932112,有色金属行业,中证全指有色金属行业指数,2021-12-31,1000.0,中证系列指数,50,1259.98,-18.51,股票,,人民币,否,否,IOSCO,行业,2023-07-14
932113,钢铁行业,中证全指钢铁行业指数,2021-12-31,1000.0,中证系列指数,49,689.42,-8.61,股票,,人民币,否,否,IOSCO,行业,2023-07-21
932114,非金属材料行业,中证全指非金属材料行业指数,2021-12-31,1000.0,中证系列指数,50,932.19,-28.87,股票,,人民币,否,否,IOSCO,行业,2023-07-21
932115,造纸与包装行业,中证全指造纸与包装行业指数,2021-12-31,1000.0,中证系列指数,50,689.37,-16.98,股票,,人民币,否,否,IOSCO,行业,2023-07-21
932116,航空航天与国防行业,中证全指航空航天与国防行业指数,2021-12-31,1000.0,中证系列指数,50,684.09,-16.16,股票,,人民币,否,否,IOSCO,行业,2023-07-14
932117,建筑装饰行业,中证全指建筑装饰行业指数,2021-12-31,1000.0,中证系列指数,50,669.69,-7.79,股票,,人民币,否,否,IOSCO,行业,2023-07-21
932118,电力设备行业,中证全指电力设备行业指数,2021-12-31,1000.0,中证系列指数,71,547.63,-20.28,股票,,人民币,否,否,IOSCO,行业,2023-07-21
932119,机械制造行业,中证全指机械制造行业指数,2021-12-31,1000.0,中证系列指数,170,994.17,-18.25,股票,,人民币,否,否,IOSCO,行业,2023-07-21
932120,环保行业,中证全指环保行业指数,2021-12-31,1000.0,中证系列指数,50,689.98,-15.02,股票,,人民币,否,否,IOSCO,行业,2023-07-21
932121,商业服务行业,中证全指商业服务与用品行业指数,2021-12-31,1000.0,中证系列指数,50,911.30,-22.65,股票,,人民币,否,否,IOSCO,行业,2023-07-21
932122,交通运输行业,中证全指交通运输行业指数,2021-12-31,1000.0,中证系列指数,50,800.56,0.57,股票,,人民币,否,否,IOSCO,行业,2023-07-21
932123,汽车汽配行业,中证全指乘用车及零部件行业指数,2021-12-31,1000.0,中证系列指数,59,802.92,-8.67,股票,,人民币,否,否,IOSCO,行业,2023-07-21
932124,耐用消费品行业,中证全指耐用消费品行业指数,2021-12-31,1000.0,中证系列指数,50,859.27,-5.58,股票,,人民币,否,否,IOSCO,行业,2023-07-28
932125,服装珠宝行业,中证全指纺织服装与珠宝行业指数,2021-12-31,1000.0,中证系列指数,50,721.11,-4.76,股票,,人民币,否,否,IOSCO,行业,2023-07-28
932126,消费者服务行业,中证全指消费者服务行业指数,2021-12-31,1000.0,中证系列指数,42,569.34,-5.31,股票,,人民币,否,否,IOSCO,行业,2023-07-28
932127,零售行业,中证全指零售业行业指数,2021-12-31,1000.0,中证系列指数,50,603.65,-2.58,股票,,人民币,否,否,IOSCO,行业,2023-07-28
932128,食品饮料烟草行业,中证全指食品、饮料与烟草行业指数,2021-12-31,1000.0,中证系列指数,50,468.54,5.53,股票,,人民币,否,否,IOSCO,行业,2023-07-28
932130,家庭用品行业,中证全指家庭与个人用品行业指数,2021-12-31,1000.0,中证系列指数,32,481.88,-2.26,股票,,人民币,否,否,IOSCO,行业,2023-07-28
932131,医疗行业,中证全指医疗行业指数,2021-12-31,1000.0,中证系列指数,51,451.81,5.03,股票,,人民币,否,否,IOSCO,行业,2023-07-28
932132,医药行业,中证全指医药行业指数,2021-12-31,1000.0,中证系列指数,69,670.64,16.52,股票,,人民币,否,否,IOSCO,行业,2023-07-28
932133,银行行业,中证全指银行行业指数,2021-12-31,1000.0,中证系列指数,42,1156.77,4.14,股票,,人民币,否,否,IOSCO,行业,2023-07-28
932134,其他金融行业,中证全指其他金融行业指数,2021-12-31,1000.0,中证系列指数,11,881.72,-1.03,股票,,人民币,否,否,IOSCO,行业,2023-08-30
932135,资本市场行业,中证全指资本市场行业指数,2021-12-31,1000.0,中证系列指数,50,898.40,6.07,股票,,人民币,否,否,IOSCO,行业,2023-08-30
932136,保险行业,中证全指保险行业指数,2021-12-31,1000.0,中证系列指数,5,1124.91,8.90,股票,,人民币,否,否,IOSCO,行业,2023-08-30
932138,电子行业,中证全指电子行业指数,2021-12-31,1000.0,中证系列指数,57,1326.97,-23.75,股票,,人民币,否,是,IOSCO,行业,2023-08-30
932139,半导体行业,中证全指半导体行业指数,2021-12-31,1000.0,中证系列指数,50,1611.07,-13.55,股票,,人民币,否,否,IOSCO,行业,2023-08-15
932140,电信服务行业,中证全指电信服务行业指数,2021-12-31,1000.0,中证系列指数,13,1286.34,-7.90,股票,,人民币,否,否,IOSCO,行业,2023-07-14
932141,通信设服行业,中证全指通信设备及技术服务行业指数,2021-12-31,1000.0,中证系列指数,50,3602.81,-27.06,股票,,人民币,否,否,IOSCO,行业,2023-07-14
932142,传媒行业,中证全指传媒行业指数,2021-12-31,1000.0,中证系列指数,50,878.94,-4.58,股票,,人民币,否,否,IOSCO,行业,2023-08-30
932143,航空航天,中证全指航空航天与国防指数,2021-12-31,1000.0,中证系列指数,83,700.79,-18.70,股票,,人民币,否,否,IOSCO,行业,2023-10-18
932144,电信服务,中证全指电信服务指数,2021-12-31,1000.0,中证系列指数,13,1256.71,-7.90,股票,,人民币,否,否,IOSCO,行业,2023-10-18
932145,通信设服,中证全指通信设备及技术服务指数,2021-12-31,1000.0,中证系列指数,102,3093.08,-27.77,股票,,人民币,否,否,IOSCO,行业,2023-10-18
932149,工业转债及可交换债,中证工业可转债及可交换债指数,2019-12-31,100.0,中证系列指数,39,146.18,-5.13,固定收益,,人民币,否,否,无,可转债,2025-04-01
932150,原材料转债及可交换债,中证原材料可转债及可交换债指数,2019-12-31,100.0,中证系列指数,21,162.06,-6.11,固定收益,,人民币,否,否,无,可转债,2025-04-01
932151,可选消费转债及可交换债,中证可选消费可转债及可交换债指数,2019-12-31,100.0,中证系列指数,18,126.43,-2.11,固定收益,,人民币,否,否,无,可转债,2025-04-01
932152,港股通成长策略,中证港股通成长策略指数,2014-12-31,1000.0,中证系列指数,391,1110.92,0.89,股票,,港元,否,否,无,策略,2025-04-30
932153,港股通价值策略,中证港股通价值策略指数,2014-12-31,1000.0,中证系列指数,418,1075.58,-0.93,股票,,港元,否,否,无,策略,2025-04-30
932154,A500红利,中证A500红利指数,2013-12-31,1000.0,中证系列指数,50,2454.71,3.30,股票,红利/高股息,人民币,否,否,无,策略,2025-04-09
932155,全球电动车,中证全球电动车指数,2018-12-28,1000.0,中证系列指数,55,3450.90,-5.64,股票,,人民币,否,否,无,主题,2025-04-17
932156,智选银行AW,中证智选银行总资产加权指数,2016-12-30,1000.0,中证系列指数,42,1514.91,4.82,股票,,人民币,是,否,无,主题,2025-10-17
932157,上海科技领先,中证上海科技领先指数,2018-12-28,1000.0,中证系列指数,50,2241.48,-7.16,股票,区域,人民币,否,否,无,主题,2025-04-21
932158,科创债,中证科技创新公司债指数,2022-06-30,100.0,中证系列指数,1584,116.88,0.21,固定收益,,人民币,否,否,无,信用债,2023-08-24
932159,高等级科创债,中证高等级科技创新公司债指数,2022-06-30,100.0,中证系列指数,1394,116.91,0.21,固定收益,,人民币,否,否,无,信用债,2023-08-24
932160,AAA科创债,中证AAA科技创新公司债指数,2022-06-30,100.0,中证系列指数,1368,116.96,0.21,固定收益,,人民币,否,是,无,信用债,2023-08-24
932161,0-3AAA科创债,中证0-3年AAA科技创新公司债指数,2022-06-30,100.0,中证系列指数,728,113.97,0.15,固定收益,,人民币,否,否,无,信用债,2023-08-24
932162,0-5AAA科创债,中证0-5年AAA科技创新公司债指数,2022-06-30,100.0,中证系列指数,1134,115.59,0.17,固定收益,,人民币,否,否,无,信用债,2023-08-24
932163,AAA国企科创债,中证AAA国企科技创新公司债指数,2022-06-30,100.0,中证系列指数,1342,117.00,0.21,固定收益,,人民币,否,否,无,信用债,2023-08-24
932165,0-3AAA国企科创债,中证0-3年AAA国企科技创新公司债指数,2022-06-30,100.0,中证系列指数,709,113.98,0.15,固定收益,,人民币,否,否,无,信用债,2023-08-24
932166,0-5AAA国企科创债,中证0-5年AAA国企科技创新公司债指数,2022-06-30,100.0,中证系列指数,1108,115.61,0.17,固定收益,,人民币,否,否,无,信用债,2023-08-24
932167,交易所地企债,中证交易所地方国企信用债指数,2013-12-31,100.0,中证系列指数,5936,191.21,0.20,固定收益,,人民币,否,否,无,信用债,2023-09-06
932168,交易所0-3地企债,中证交易所0-3年地方国企信用债指数,2013-12-31,100.0,中证系列指数,3600,177.28,0.15,固定收益,,人民币,否,否,无,信用债,2023-09-06
932169,交易所0-5地企债,中证交易所0-5年地方国企信用债指数,2013-12-31,100.0,中证系列指数,5259,185.11,0.17,固定收益,,人民币,否,否,无,信用债,2023-09-06
932170,交易所AAA地企债,中证交易所AAA地方国企信用债指数,2016-12-30,100.0,中证系列指数,1492,144.72,0.22,固定收益,,人民币,否,否,无,信用债,2023-09-06
932171,交易所短期AAA地企债,中证交易所短期AAA地方国企信用债指数,2016-12-30,100.0,中证系列指数,275,133.95,0.13,固定收益,,人民币,否,否,无,信用债,2023-09-06
932172,交易所0-3 AAA地企债,中证交易所0-3年AAA地方国企信用债指数,2016-12-30,100.0,中证系列指数,799,139.80,0.15,固定收益,,人民币,否,否,无,信用债,2023-09-06
932173,交易所0-5 AAA地企债,中证交易所0-5年AAA地方国企信用债指数,2016-12-30,100.0,中证系列指数,1165,142.12,0.17,固定收益,,人民币,否,否,无,信用债,2023-09-06
932186,交银财富指数,交银中国财富景气总指数,2013-12-31,1000.0,中证系列指数,8,1821.50,-1.62,多资产,,人民币,是,否,无,策略,2023-09-25
932187,交银财富进取,交银中国财富景气进取指数,2013-12-31,1000.0,中证系列指数,8,1948.18,-2.51,多资产,,人民币,是,否,无,策略,2023-09-25
932188,交银财富平衡,交银中国财富景气平衡指数,2013-12-31,1000.0,中证系列指数,8,1763.57,-1.32,多资产,,人民币,是,否,无,策略,2023-09-25
932189,交银财富稳健,交银中国财富景气稳健指数,2013-12-31,1000.0,中证系列指数,8,1687.04,-0.86,多资产,,人民币,是,否,无,策略,2023-09-25
932190,交银优选公募理财,交银中国优选公募理财指数,2019-02-28,1000.0,中证系列指数,5574,1247.88,0.18,多资产,,人民币,是,否,无,策略,2023-09-25
932191,政金债0-2,中证政策性金融债0-2年指数,2007-12-31,100.0,中证系列指数,114,181.07,0.10,固定收益,,人民币,否,否,无,利率债,2023-10-10
932192,政金债0-3,中证政策性金融债0-3年指数,2007-12-31,100.0,中证系列指数,140,188.00,0.10,固定收益,,人民币,否,否,无,利率债,2023-10-10
932193,国开债 0-2,中证国开债0-2年指数,2007-12-31,100.0,中证系列指数,47,181.01,0.10,固定收益,,人民币,否,否,无,利率债,2023-10-10
932194,国开债 0-3,中证国开债0-3年指数,2007-12-31,100.0,中证系列指数,59,189.17,0.10,固定收益,,人民币,否,否,无,利率债,2023-10-10
932195,农发债0-2,中证农发债0-2 年指数,2007-12-31,100.0,中证系列指数,34,181.44,0.10,固定收益,,人民币,否,否,无,利率债,2023-10-10
932196,农发债0-3,中证农发债0-3 年指数,2007-12-31,100.0,中证系列指数,43,187.14,0.09,固定收益,,人民币,否,否,无,利率债,2023-10-10
932197,进出口债0-2,中证进出口债0-2年指数,2007-12-31,100.0,中证系列指数,33,179.85,0.10,固定收益,,人民币,否,否,无,利率债,2023-10-10
932198,进出口债0-3,中证进出口债0-3年指数,2007-12-31,100.0,中证系列指数,38,186.37,0.10,固定收益,,人民币,否,否,无,利率债,2023-10-10
932199,国债及政金债0-2,中证国债及政策性金融债0-2年指数,2007-12-31,100.0,中证系列指数,171,173.46,0.11,固定收益,,人民币,否,否,无,利率债,2023-10-10
932200,国债及政金债0-3,中证国债及政策性金融债0-3年指数,2007-12-31,100.0,中证系列指数,214,179.90,0.11,固定收益,,人民币,否,是,无,利率债,2023-10-10
932201,0-2年国债,中证0-2年国债指数,2007-12-31,100.0,中证系列指数,57,165.00,0.11,固定收益,,人民币,否,否,无,利率债,2023-10-10
932202,0-3年国债,中证0-3年国债指数,2007-12-31,100.0,中证系列指数,74,170.91,0.12,固定收益,,人民币,否,否,无,利率债,2023-10-10
932203,2027信用债,中证2027到期信用债指数,2017-12-29,100.0,中证系列指数,1659,157.44,0.12,固定收益,,人民币,否,否,无,信用债,2023-11-02
932204,2028信用债,中证2028到期信用债指数,2017-12-29,100.0,中证系列指数,1398,163.83,0.17,固定收益,,人民币,否,否,无,信用债,2023-11-02
932205,2029信用债,中证2029到期信用债指数,2017-12-29,100.0,中证系列指数,1383,168.98,0.20,固定收益,,人民币,否,否,无,信用债,2023-11-02
932206,2030信用债,中证2030到期信用债指数,2017-12-29,100.0,中证系列指数,784,175.18,0.17,固定收益,,人民币,否,否,无,信用债,2023-11-02
932207,2031信用债,中证2031到期信用债指数,2017-12-29,100.0,中证系列指数,516,179.50,0.22,固定收益,,人民币,否,否,无,信用债,2023-11-02
932208,2032信用债,中证2032到期信用债指数,2017-12-29,100.0,中证系列指数,116,171.67,0.36,固定收益,,人民币,否,否,无,信用债,2023-11-02
932209,2027政金债,中证2027到期政策性金融债指数,2017-12-29,100.0,中证系列指数,49,151.19,0.10,固定收益,,人民币,否,否,无,利率债,2023-11-02
932210,2028政金债,中证2028到期政策性金融债指数,2017-12-29,100.0,中证系列指数,36,153.56,0.10,固定收益,,人民币,否,否,无,利率债,2023-11-02
932211,2029政金债,中证2029到期政策性金融债指数,2017-12-29,100.0,中证系列指数,27,158.96,0.09,固定收益,,人民币,否,否,无,利率债,2023-11-02
932212,2030政金债,中证2030到期政策性金融债指数,2017-12-29,100.0,中证系列指数,19,163.50,0.12,固定收益,,人民币,否,否,无,利率债,2023-11-02
932213,2031政金债,中证2031到期政策性金融债指数,2017-12-29,100.0,中证系列指数,16,167.35,0.16,固定收益,,人民币,否,否,无,利率债,2023-11-02
932214,2032政金债,中证2032到期政策性金融债指数,2017-12-29,100.0,中证系列指数,14,171.40,0.21,固定收益,,人民币,否,否,无,利率债,2023-11-02
932215,SSH新能车主题,中证沪深港新能源汽车主题指数,2014-12-31,1000.0,中证系列指数,140,3425.65,-17.04,股票,,人民币,否,否,无,主题,2024-02-08
932217,制药指数,中证制药指数,2011-12-30,1000.0,中证系列指数,50,2109.62,15.18,股票,,人民币,否,是,无,主题,2013-07-15
932218,中证ABS,中证资产支持证券指数,2016-12-30,100.0,中证系列指数,5468,144.12,0.18,固定收益,,人民币,否,否,无,其他固收指数,2024-02-02
932219,优先级ABS,中证优先级资产支持证券指数,2016-12-30,100.0,中证系列指数,4340,143.82,0.18,固定收益,,人民币,否,否,无,其他固收指数,2024-02-02
932220,交易所ABS,中证交易所资产支持证券指数,2016-12-30,100.0,中证系列指数,3941,145.06,0.19,固定收益,,人民币,否,否,无,其他固收指数,2024-02-02
932221,交易所优先级ABS,中证交易所优先级资产支持证券指数,2016-12-30,100.0,中证系列指数,3089,144.80,0.19,固定收益,,人民币,否,否,无,其他固收指数,2024-02-02
932223,长三角绿色50,中证长三角绿色产业50指数,2018-12-28,1000.0,中证系列指数,50,1916.39,-24.43,股票,绿色,人民币,否,否,无,主题,2023-10-25
932224,SSH新能车50,中证沪深港新能源汽车50指数,2014-12-31,1000.0,中证系列指数,50,3068.34,-16.29,股票,,人民币,否,否,无,主题,2024-02-08
932225,能源信用债,中证能源信用债指数,2016-12-30,100.0,中证系列指数,740,145.33,0.20,固定收益,,人民币,否,否,无,信用债,2023-12-14
932226,原材料信用债,中证原材料信用债指数,2016-12-30,100.0,中证系列指数,1313,145.34,0.18,固定收益,,人民币,否,否,无,信用债,2023-12-14
932227,工业信用债,中证工业信用债指数,2016-12-30,100.0,中证系列指数,4706,145.57,0.20,固定收益,,人民币,否,否,无,信用债,2023-12-14
932228,可选消费信用债,中证可选消费信用债指数,2016-12-30,100.0,中证系列指数,368,143.64,0.19,固定收益,,人民币,否,否,无,信用债,2023-12-14
932229,主要消费信用债,中证主要消费信用债指数,2016-12-30,100.0,中证系列指数,282,143.18,0.17,固定收益,,人民币,否,否,无,信用债,2023-12-14
932230,医药卫生信用债,中证医药卫生信用债指数,2016-12-30,100.0,中证系列指数,229,144.04,0.22,固定收益,,人民币,否,否,无,信用债,2023-12-14
932231,信息技术信用债,中证信息技术信用债指数,2016-12-30,100.0,中证系列指数,220,143.02,0.19,固定收益,,人民币,否,否,无,信用债,2023-12-14
932232,通信服务信用债,中证通信服务信用债指数,2016-12-30,100.0,中证系列指数,136,139.30,0.18,固定收益,,人民币,否,否,无,信用债,2023-12-14
932233,公用事业信用债,中证公用事业信用债指数,2016-12-30,100.0,中证系列指数,2362,142.04,0.20,固定收益,,人民币,否,否,无,信用债,2023-12-14
932234,房地产信用债,中证房地产信用债指数,2016-12-30,100.0,中证系列指数,1235,141.97,0.19,固定收益,,人民币,否,否,无,信用债,2023-12-14
932235,交易所能源信用债,中证交易所能源信用债指数,2016-12-30,100.0,中证系列指数,186,145.98,0.23,固定收益,,人民币,否,否,无,信用债,2023-12-11
932236,交易所原材料信用债,中证交易所原材料信用债指数,2016-12-30,100.0,中证系列指数,343,145.89,0.19,固定收益,,人民币,否,否,无,信用债,2023-12-11
932237,交易所工业信用债,中证交易所工业信用债指数,2016-12-30,100.0,中证系列指数,1506,146.49,0.21,固定收益,,人民币,否,否,无,信用债,2023-12-11
932238,交易所可选消费信用债,中证交易所可选消费信用债指数,2016-12-30,100.0,中证系列指数,60,144.44,0.19,固定收益,,人民币,否,否,无,信用债,2023-12-11
932239,交易所主要消费信用债,中证交易所主要消费信用债指数,2016-12-30,100.0,中证系列指数,62,146.53,0.19,固定收益,,人民币,否,否,无,信用债,2023-12-11
932240,交易所医药卫生信用债,中证交易所医药卫生信用债指数,2016-12-30,100.0,中证系列指数,67,146.21,0.21,固定收益,,人民币,否,否,无,信用债,2023-12-11
932241,交易所信息技术信用债,中证交易所信息技术信用债指数,2016-12-30,100.0,中证系列指数,100,142.72,0.21,固定收益,,人民币,否,否,无,信用债,2023-12-11
932242,交易所通信服务信用债,中证交易所通信服务信用债指数,2016-12-30,100.0,中证系列指数,19,141.85,0.20,固定收益,,人民币,否,否,无,信用债,2023-12-11
932243,交易所公用事业信用债,中证交易所公用事业信用债指数,2016-12-30,100.0,中证系列指数,641,144.97,0.21,固定收益,,人民币,否,否,无,信用债,2023-12-11
932244,交易所房地产信用债,中证交易所房地产信用债指数,2016-12-30,100.0,中证系列指数,449,141.39,0.17,固定收益,,人民币,否,否,无,信用债,2023-12-11
932245,沪深港生物科技主题,中证沪深港生物科技主题指数,2018-12-28,1000.0,中证系列指数,62,1490.08,13.23,股票,沪港深,港元,否,否,无,主题,2025-01-17
932246,储能电池,中证储能电池主题指数,2014-12-31,1000.0,中证系列指数,50,3828.70,-25.29,股票,,人民币,否,否,无,主题,2022-07-08
932247,AAA绿债,中证AAA绿色债券指数,2016-12-30,100.0,中证系列指数,659,139.64,0.14,固定收益,,人民币,否,否,无,综合债,2024-06-28
932248,高等级绿债,中证高等级绿色债券指数,2016-12-30,100.0,中证系列指数,1001,140.56,0.15,固定收益,,人民币,否,否,无,综合债,2024-06-28
932250,北银理财央企应收账款ABS,中证北银理财央企应收账款资产支持证券指数,2017-12-29,100.0,中证系列指数,284,142.00,0.18,固定收益,,人民币,是,否,无,其他固收指数,2024-04-26
932251,智选价值领先50,中证智选价值领先50指数,2014-12-31,1000.0,中证系列指数,50,1833.05,3.00,股票,,人民币,是,否,无,策略,2025-07-31
932253,港股通生物科技,中证港股通生物科技主题指数,2018-12-28,1000.0,中证系列指数,44,1642.16,13.29,股票,,港元,否,否,无,主题,2024-06-06
932254,质量红利50,中证智选质量红利50指数,2016-12-30,1000.0,中证系列指数,50,1772.49,5.99,股票,,人民币,是,否,无,策略,2024-04-01
932255,A500红利增长,中证A500红利增长指数,2013-12-31,1000.0,中证系列指数,50,2946.27,2.58,股票,红利/高股息,人民币,否,否,无,策略,2025-04-09
932256,工业金属50,中证工业金属50指数,2014-12-31,1000.0,中证系列指数,50,2069.98,-17.91,股票,,人民币,否,否,无,主题,2024-01-12
932259,智选1000质量均衡,中证智选1000质量均衡策略指数,2014-12-31,1000.0,中证系列指数,150,2619.07,-5.28,股票,,人民币,是,否,无,策略,2024-12-10
932260,港股生物科技,中证香港生物科技主题指数,2018-12-28,1000.0,中证系列指数,50,1769.60,12.30,股票,,港元,否,否,无,主题,2024-06-06
932262,中信银行生物多样性信用债,中证中信银行生物多样性优选信用债指数,2020-12-31,100.0,中证系列指数,1481,121.30,0.22,固定收益,,人民币,是,否,无,信用债,2024-09-20
932265,黄金股票,中证黄金产业股票指数,2014-12-31,1000.0,中证系列指数,34,2593.17,-11.80,股票,,人民币,否,否,无,主题,2024-01-12
932268,港股通电力设备,中证港股通电力设备综合指数,2021-12-31,3000.0,中证系列指数,24,1122.12,-17.60,股票,,港元,否,否,无,行业,2024-03-08
932269,港股通汽车汽配,中证港股通乘用车及零部件综合指数,2021-12-31,3000.0,中证系列指数,30,1614.25,-2.07,股票,,港元,否,否,无,行业,2024-03-08
932270,港股通零售业,中证港股通零售业综合指数,2021-12-31,3000.0,中证系列指数,12,720.29,0.66,股票,,港元,否,否,无,行业,2024-03-08
932271,港股通医疗,中证港股通医疗综合指数,2021-12-31,3000.0,中证系列指数,27,1142.51,2.19,股票,,港元,否,否,无,行业,2024-03-08
932272,港股通计算机,中证港股通计算机综合指数,2021-12-31,3000.0,中证系列指数,26,1016.48,-12.04,股票,,港元,否,否,无,行业,2024-03-08
932273,港股通医疗器械,中证港股通医疗器械综合指数,2021-12-31,3000.0,中证系列指数,14,1155.32,-1.31,股票,,港元,否,否,无,行业,2024-03-08
932274,港股通生物药品,中证港股通生物药品综合指数,2021-12-31,3000.0,中证系列指数,20,2512.48,12.31,股票,,港元,否,否,无,行业,2024-03-08
932275,港股通信息服务,中证港股通信息技术服务综合指数,2021-12-31,3000.0,中证系列指数,9,1002.75,-3.61,股票,,港元,否,否,无,行业,2024-03-08
932276,H300医药,中证香港300医药卫生指数,2004-12-31,1000.0,中证系列指数,35,2726.71,12.57,股票,,港元,否,否,无,行业,2024-03-08
932277,H300汽车汽配,中证香港300乘用车及零部件指数,2021-12-31,1000.0,中证系列指数,21,513.95,0.34,股票,,港元,否,否,无,行业,2024-03-08
932278,H300计算机,中证香港300计算机指数,2021-12-31,1000.0,中证系列指数,8,279.51,-8.82,股票,,港元,否,否,无,行业,2024-03-08
932279,H300电子,中证香港300电子指数,2021-12-31,1000.0,中证系列指数,10,1409.52,-30.82,股票,,港元,否,否,无,行业,2024-03-08
932280,H300医疗商业,中证香港300医疗商业与服务指数,2021-12-31,1000.0,中证系列指数,5,433.03,3.25,股票,,港元,否,否,无,行业,2024-03-08
932281,H300生物药品,中证香港300生物药品指数,2021-12-31,1000.0,中证系列指数,8,1127.89,12.83,股票,,港元,否,否,无,行业,2024-03-08
932282,投资级公司信用债,中证投资级公司信用债指数,2017-12-29,100.0,中证系列指数,6029,141.96,0.19,固定收益,,人民币,否,否,无,信用债,2024-04-08
932283,投资级公司AAA信用债,中证投资级公司AAA信用债指数,2017-12-29,100.0,中证系列指数,4452,140.96,0.20,固定收益,,人民币,否,否,无,信用债,2024-04-08
932284,短期投资级公司AAA信用债,中证短期投资级公司AAA信用债指数,2017-12-29,100.0,中证系列指数,1121,127.76,0.12,固定收益,,人民币,否,否,无,信用债,2024-04-08
932285,0-3投资级公司AAA信用债,中证0-3年投资级公司AAA信用债指数,2017-12-29,100.0,中证系列指数,2722,134.97,0.14,固定收益,,人民币,否,否,无,信用债,2024-04-08
932286,0-5投资级公司AAA信用债,中证0-5年投资级公司AAA信用债指数,2017-12-29,100.0,中证系列指数,3754,138.35,0.15,固定收益,,人民币,否,否,无,信用债,2024-04-08
932287,投资级公司产业债,中证投资级公司产业债指数,2017-12-29,100.0,中证系列指数,4171,140.67,0.19,固定收益,,人民币,否,否,无,信用债,2024-04-08
932288,投资级公司AAA产业债,中证投资级公司AAA产业债指数,2017-12-29,100.0,中证系列指数,3331,140.02,0.19,固定收益,,人民币,否,否,无,信用债,2024-04-08
932289,短期投资级公司AAA产业债,中证短期投资级公司AAA产业债指数,2017-12-29,100.0,中证系列指数,858,127.60,0.12,固定收益,,人民币,否,否,无,信用债,2024-04-08
932290,0-3投资级公司AAA产业债,中证0-3年投资级公司AAA产业债指数,2017-12-29,100.0,中证系列指数,2086,134.52,0.14,固定收益,,人民币,否,否,无,信用债,2024-04-08
932291,0-5投资级公司AAA产业债,中证0-5年投资级公司AAA产业债指数,2017-12-29,100.0,中证系列指数,2844,137.64,0.15,固定收益,,人民币,否,否,无,信用债,2024-04-08
932292,太保主动偏股价值基金,中证太保主动偏股价值基金指数,2015-12-31,1000.0,中证系列指数,120,1873.38,-4.74,基金,,人民币,是,否,无,风格,2024-05-24
932293,太保主动偏股均衡基金,中证太保主动偏股均衡基金指数,2015-12-31,1000.0,中证系列指数,536,1635.28,-10.71,基金,,人民币,是,否,无,风格,2024-05-24
932294,太保主动偏股成长基金,中证太保主动偏股成长基金指数,2015-12-31,1000.0,中证系列指数,724,1670.65,-16.20,基金,,人民币,是,否,无,风格,2024-05-24
932295,太保主动偏股价值40分位,中证太保主动偏股价值基金40分位累积收益率,2015-12-31,1000.0,中证系列指数,1,2645.11,-1.34,基金,,人民币,是,否,无,风格,2024-05-24
932296,太保主动偏股价值50分位,中证太保主动偏股价值基金50分位累积收益率,2015-12-31,1000.0,中证系列指数,1,1771.18,-3.62,基金,,人民币,是,否,无,风格,2024-05-24
932297,太保主动偏股价值60分位,中证太保主动偏股价值基金60分位累积收益率,2015-12-31,1000.0,中证系列指数,1,1234.72,-4.50,基金,,人民币,是,否,无,风格,2024-05-24
932298,太保主动偏股均衡40分位,中证太保主动偏股均衡基金40分位累积收益率,2015-12-31,1000.0,中证系列指数,1,2603.30,-8.37,基金,,人民币,是,否,无,风格,2024-05-24
932299,太保主动偏股均衡50分位,中证太保主动偏股均衡基金50分位累积收益率,2015-12-31,1000.0,中证系列指数,1,1793.13,-9.82,基金,,人民币,是,否,无,风格,2024-05-24
932300,太保主动偏股均衡60分位,中证太保主动偏股均衡基金60分位累积收益率,2015-12-31,1000.0,中证系列指数,1,1232.29,-11.17,基金,,人民币,是,否,无,风格,2024-05-24
932301,太保主动偏股成长40分位,中证太保主动偏股成长基金40分位累积收益率,2015-12-31,1000.0,中证系列指数,1,2814.49,-16.46,基金,,人民币,是,否,无,风格,2024-05-24
932302,太保主动偏股成长50分位,中证太保主动偏股成长基金50分位累积收益率,2015-12-31,1000.0,中证系列指数,1,1763.96,-16.09,基金,,人民币,是,否,无,风格,2024-05-24
932303,太保主动偏股成长60分位,中证太保主动偏股成长基金60分位累积收益率,2015-12-31,1000.0,中证系列指数,1,1105.57,-17.10,基金,,人民币,是,否,无,风格,2024-05-24
932305,智选高股息,中证智选高股息策略指数,2005-12-30,1000.0,中证系列指数,50,11300.90,1.22,股票,红利/高股息,人民币,是,是,无,策略,2024-09-30
932309,红利增长,中证红利增长指数,2013-12-31,1000.0,中证系列指数,50,2816.67,1.64,股票,,人民币,否,否,无,策略,2017-12-11
932310,国债及政金债7-20,中证7-20年国债及政策性金融债指数,2007-12-31,100.0,中证系列指数,85,250.33,0.24,固定收益,,人民币,否,否,无,利率债,2024-09-09
932311,国债及政金债7-30,中证7-30年国债及政策性金融债指数,2007-12-31,100.0,中证系列指数,115,259.40,0.21,固定收益,,人民币,否,否,无,利率债,2024-09-09
932312,国债及政金债17-30,中证17-30年国债及政策性金融债指数,2007-12-31,100.0,中证系列指数,43,302.72,0.16,固定收益,,人民币,否,否,无,利率债,2024-09-09
932313,国债及政金债17-50,中证17-50年国债及政策性金融债指数,2007-12-31,100.0,中证系列指数,72,314.53,0.22,固定收益,,人民币,否,否,无,利率债,2024-09-09
932314,国债及政金债27-50,中证27-50年国债及政策性金融债指数,2007-12-31,100.0,中证系列指数,41,317.83,0.18,固定收益,,人民币,否,否,无,利率债,2024-09-09
932315,中证红利质量,中证全指红利质量指数,2013-12-31,1000.0,中证系列指数,50,4202.87,2.37,股票,红利/高股息,人民币,否,是,无,策略,2024-07-08
932316,300红利质量,沪深300红利质量指数,2013-12-31,1000.0,中证系列指数,50,3719.33,4.22,股票,红利/高股息,人民币,否,否,无,策略,2024-07-08
932317,500红利质量,中证500红利质量指数,2013-12-31,1000.0,中证系列指数,50,3470.45,-3.44,股票,红利/高股息,人民币,否,否,无,策略,2024-07-08
932318,800红利质量,中证800红利质量指数,2013-12-31,1000.0,中证系列指数,100,3682.80,0.23,股票,红利/高股息,人民币,否,否,无,策略,2024-07-08
932319,1000红利质量,中证1000红利质量指数,2013-12-31,1000.0,中证系列指数,100,3127.46,-5.67,股票,红利/高股息,人民币,否,否,无,策略,2024-07-08
932320,港股国企50,中证香港上市国有企业50指数,2016-12-30,1000.0,中证系列指数,50,1326.46,-2.54,股票,,港元,否,否,无,主题,2024-07-11
932321,港股国企综指,中证香港上市国有企业综合指数,2016-12-30,1000.0,中证系列指数,228,1308.06,-3.86,股票,,港元,否,否,无,主题,2024-07-30
932322,港股内地民企50,中证香港上市内地民营企业50指数,2016-12-30,1000.0,中证系列指数,50,1442.27,4.62,股票,,港元,否,否,无,主题,2024-07-11
932323,港股内地民企综指,中证香港上市内地民营企业综合指数,2016-12-30,1000.0,中证系列指数,555,1217.31,1.69,股票,,港元,否,否,无,主题,2024-07-30
932324,港股通国企50,中证港股通国有企业50指数,2016-12-30,1000.0,中证系列指数,50,1305.82,-2.53,股票,,港元,否,否,无,主题,2024-07-11
932325,港股通国企综指,中证港股通国有企业综合指数,2016-12-30,1000.0,中证系列指数,191,1293.00,-3.80,股票,,港元,否,否,无,主题,2024-07-30
932326,港股通内地民企50,中证港股通内地民营企业50指数,2016-12-30,1000.0,中证系列指数,50,1565.35,5.23,股票,,港元,否,否,无,主题,2024-07-11
932327,港股通内地民企综指,中证港股通内地民营企业综合指数,2016-12-30,1000.0,中证系列指数,338,1351.96,1.39,股票,,港元,否,否,无,主题,2024-07-30
932328,港股通央企50,中证港股通中央企业50指数,2016-12-30,1000.0,中证系列指数,50,1330.00,-1.86,股票,,港元,否,否,无,主题,2024-07-11
932329,港股通央企综指,中证港股通中央企业综合指数,2016-12-30,1000.0,中证系列指数,120,1323.05,-2.80,股票,,港元,否,否,无,主题,2024-07-30
932330,港股央企50,中证香港上市中央企业50指数,2016-12-30,1000.0,中证系列指数,50,1326.32,-1.73,股票,,港元,否,否,无,主题,2024-07-11
932331,港股央企综指,中证香港上市中央企业综合指数,2016-12-30,1000.0,中证系列指数,135,1330.12,-2.75,股票,,港元,否,否,无,主题,2024-07-30
932332,中证地债,中证地方政府债指数,2013-12-31,100.0,中证系列指数,14174,173.22,0.26,固定收益,,人民币,否,否,无,利率债,2025-01-16
932333,一般地债,中证地方政府一般债指数,2015-12-31,100.0,中证系列指数,2756,148.01,0.23,固定收益,,人民币,否,否,无,利率债,2025-01-16
932334,专项地债,中证地方政府专项债指数,2015-12-31,100.0,中证系列指数,11418,155.15,0.27,固定收益,,人民币,否,否,无,利率债,2025-01-16
932336,0-3高等级信用票息策略,中证0-3年高等级信用债票息策略指数,2016-12-30,100.0,中证系列指数,997,140.56,0.15,固定收益,,人民币,否,否,无,信用债,2024-08-12
932337,0-3中高信用票息策略,中证0-3年中高等级信用债票息策略指数,2016-12-30,100.0,中证系列指数,1638,148.30,0.17,固定收益,,人民币,否,否,无,信用债,2024-08-12
932338,0-5高等级信用票息策略,中证0-5年高等级信用债票息策略指数,2016-12-30,100.0,中证系列指数,1755,144.07,0.16,固定收益,,人民币,否,否,无,信用债,2024-08-12
932339,0-5中高信用票息策略,中证0-5年中高等级信用债票息策略指数,2016-12-30,100.0,中证系列指数,2525,151.14,0.18,固定收益,,人民币,否,否,无,信用债,2024-08-12
932340,政金债0-5,中证政策性金融债0-5年指数,2007-12-31,100.0,中证系列指数,184,193.84,0.11,固定收益,,人民币,否,否,无,利率债,2024-09-02
932341,政金债3-7,中证政策性金融债3-7年指数,2007-12-31,100.0,中证系列指数,71,224.11,0.16,固定收益,,人民币,否,否,无,利率债,2024-09-02
932342,国开债0-5,中证国开债0-5年指数,2007-12-31,100.0,中证系列指数,80,194.75,0.11,固定收益,,人民币,否,否,无,利率债,2024-09-02
932343,国开债3-7,中证国开债3-7年指数,2007-12-31,100.0,中证系列指数,33,223.94,0.15,固定收益,,人民币,否,否,无,利率债,2024-09-02
932344,农发债0-5,中证农发债0-5年指数,2007-12-31,100.0,中证系列指数,58,193.57,0.10,固定收益,,人民币,否,否,无,利率债,2024-09-02
932345,农发债3-7,中证农发债3-7年指数,2007-12-31,100.0,中证系列指数,25,225.24,0.16,固定收益,,人民币,否,否,无,利率债,2024-09-02
932346,进出口债0-5,中证进出口债0-5年指数,2007-12-31,100.0,中证系列指数,46,191.28,0.11,固定收益,,人民币,否,否,无,利率债,2024-09-02
932347,进出口债3-7,中证进出口债3-7年指数,2007-12-31,100.0,中证系列指数,13,225.62,0.19,固定收益,,人民币,否,否,无,利率债,2024-09-02
932348,国债及政金债0-5,中证国债及政策性金融债0-5年指数,2007-12-31,100.0,中证系列指数,284,186.47,0.13,固定收益,,人民币,否,否,无,利率债,2024-09-02
932349,国债及政金债3-7,中证国债及政策性金融债3-7年指数,2007-12-31,100.0,中证系列指数,117,216.07,0.19,固定收益,,人民币,否,否,无,利率债,2024-09-02
932350,沪深300债券,沪深300债券指数,2017-12-29,100.0,中证系列指数,2403,141.82,0.15,固定收益,,人民币,否,否,无,信用债,2025-01-16
932351,沪深300AAA债券,沪深300AAA债券指数,2017-12-29,100.0,中证系列指数,2230,141.70,0.15,固定收益,,人民币,否,否,无,信用债,2025-01-16
932352,沪深300AAA0-3债券,沪深300AAA0-3年债券指数,2017-12-29,100.0,中证系列指数,1523,135.23,0.14,固定收益,,人民币,否,否,无,信用债,2025-01-16
932353,沪深300AAA0-5债券,沪深300AAA0-5年债券指数,2017-12-29,100.0,中证系列指数,1880,136.68,0.15,固定收益,,人民币,否,否,无,信用债,2025-01-16
932356,华泰证券资管ABS,中证华泰证券资管资产支持证券指数,2018-12-28,100.0,中证系列指数,364,133.07,0.16,固定收益,,人民币,是,否,无,其他固收指数,2025-06-06
932358,SSH芯片产业,中证沪深港芯片产业指数,2015-12-31,1000.0,中证系列指数,57,4343.87,-12.98,股票,沪港深,港元,否,否,无,主题,2025-01-17
932360,产业竞争优势,中证产业竞争优势指数,2016-12-30,1000.0,中证系列指数,50,4056.54,-14.90,股票,,人民币,否,否,无,主题,2024-11-07
932361,港股通回购,中证港股通回购指数,2018-12-28,1000.0,中证系列指数,50,1092.07,1.81,股票,,港元,否,否,无,策略,2025-01-14
932362,香港回购,中证香港回购指数,2018-12-28,1000.0,中证系列指数,50,1181.69,1.06,股票,,港元,否,否,无,策略,2025-01-14
932363,海通资管科技债,中证海通资管科技主题债券指数,2020-12-31,100.0,中证系列指数,2243,123.69,0.21,固定收益,,人民币,是,否,无,其他固收指数,2025-06-06
932365,中证现金流,中证全指自由现金流指数,2013-12-31,1000.0,中证系列指数,100,4834.72,0.21,股票,,人民币,否,是,无,策略,2024-12-11
932366,300现金流,沪深300自由现金流指数,2013-12-31,1000.0,中证系列指数,50,3213.38,1.78,股票,,人民币,否,是,无,策略,2024-11-12
932367,500现金流,中证500自由现金流指数,2013-12-31,1000.0,中证系列指数,50,3407.74,0.57,股票,,人民币,否,是,无,策略,2024-11-12
932368,800现金流,中证800自由现金流指数,2013-12-31,1000.0,中证系列指数,50,4749.47,0.73,股票,,人民币,否,是,无,策略,2024-12-11
932369,1000现金流,中证1000自由现金流指数,2013-12-31,1000.0,中证系列指数,100,3269.05,1.34,股票,,人民币,否,否,无,策略,2024-11-12
932370,融资租赁ABS,中证融资租赁资产支持证券指数,2017-12-29,100.0,中证系列指数,1160,144.44,0.17,固定收益,,人民币,否,否,无,其他固收指数,2024-11-20
932371,应收账款ABS,中证应收账款资产支持证券指数,2017-12-29,100.0,中证系列指数,578,141.21,0.19,固定收益,,人民币,否,否,无,其他固收指数,2024-11-20
932372,消费金融ABS,中证消费金融资产支持证券指数,2017-12-29,100.0,中证系列指数,687,133.02,0.13,固定收益,,人民币,否,否,无,其他固收指数,2024-11-20
932373,小微贷款ABS,中证小微贷款资产支持证券指数,2019-12-31,100.0,中证系列指数,348,123.39,0.15,固定收益,,人民币,否,否,无,其他固收指数,2024-11-20
932374,供应链金融ABS,中证供应链金融资产支持证券指数,2017-12-29,100.0,中证系列指数,268,132.65,0.17,固定收益,,人民币,否,否,无,其他固收指数,2024-11-20
932375,交易所央企债,中证交易所央企信用债指数,2017-12-29,100.0,中证系列指数,1449,149.67,0.33,固定收益,,人民币,否,否,无,信用债,2024-11-20
932376,交易所短期央企债,中证交易所短期央企信用债指数,2017-12-29,100.0,中证系列指数,266,129.11,0.12,固定收益,,人民币,否,否,无,信用债,2024-11-20
932377,交易所0-3年央企债,中证交易所0-3年央企信用债指数,2017-12-29,100.0,中证系列指数,806,136.33,0.14,固定收益,,人民币,否,否,无,信用债,2024-11-20
932378,交易所0-5年央企债,中证交易所0-5年央企信用债指数,2017-12-29,100.0,中证系列指数,1138,140.02,0.18,固定收益,,人民币,否,否,无,信用债,2024-11-20
932379,交易所3-7年央企债,中证交易所3-7年央企信用债指数,2017-12-29,100.0,中证系列指数,386,150.63,0.31,固定收益,,人民币,否,否,无,信用债,2024-11-20
932380,交易所5-10年央企债,中证交易所5-10年央企信用债指数,2017-12-29,100.0,中证系列指数,196,166.34,0.40,固定收益,,人民币,否,否,无,信用债,2024-11-20
932381,科创创业50等权,中证科创创业50等权重指数,2019-12-31,1000.0,中证系列指数,50,1609.86,-14.28,股票,,人民币,否,否,无,策略,2025-01-27
932382,1000等权,中证1000等权重指数,2013-12-31,1000.0,中证系列指数,1000,1915.24,-14.31,股票,,人民币,否,否,无,策略,2025-01-27
932383,沪深港算力,中证沪深港算力主题指数,2018-12-28,1000.0,中证系列指数,58,7103.84,-18.86,股票,,人民币,否,否,无,主题,2025-09-24
932384,常州新能源,中证常州新能源产业指数,2018-12-28,1000.0,中证系列指数,70,2594.75,-17.79,股票,,人民币,是,否,无,主题,2024-12-24
932386,智选数字经济创新,中证智选数字经济创新指数,2016-12-30,1000.0,中证系列指数,50,2764.14,-10.31,股票,,人民币,是,否,无,主题,2024-11-22
932387,沪深300交易所债券,沪深300交易所债券指数,2017-12-29,100.0,中证系列指数,1094,140.68,0.19,固定收益,,人民币,否,否,无,信用债,2025-01-16
932388,沪深300交易所AAA债券,沪深300交易所AAA债券指数,2017-12-29,100.0,中证系列指数,1051,140.94,0.19,固定收益,,人民币,否,否,无,信用债,2025-01-16
932389,沪深300交易所 AAA0-3债券,沪深300交易所 AAA0-3年债券指数,2017-12-29,100.0,中证系列指数,757,135.24,0.15,固定收益,,人民币,否,否,无,信用债,2025-01-16
932390,沪深300交易所 AAA0-5债券,沪深300交易所 AAA0-5年债券指数,2017-12-29,100.0,中证系列指数,958,137.98,0.16,固定收益,,人民币,否,否,无,信用债,2025-01-16
932391,科创创业生物医药,中证科创创业生物医药指数,2019-12-31,1000.0,中证系列指数,50,774.99,15.15,股票,,人民币,否,否,无,主题,2025-05-13
932392,1000价值,中证1000价值指数,2012-12-31,1000.0,中证系列指数,200,2569.83,0.75,股票,,人民币,否,否,无,策略,2024-12-10
932393,1000成长,中证1000成长指数,2012-12-31,1000.0,中证系列指数,200,2653.91,-27.74,股票,,人民币,否,否,无,策略,2024-12-10
932394,2000价值,中证2000价值指数,2013-12-31,1000.0,中证系列指数,200,3329.72,-4.52,股票,,人民币,否,否,无,策略,2024-12-10
932395,2000成长,中证2000成长指数,2013-12-31,1000.0,中证系列指数,200,3471.18,-25.67,股票,,人民币,否,否,无,策略,2024-12-10
932396,1000R价值,中证1000相对价值指数,2012-12-31,1000.0,中证系列指数,716,2068.00,-11.93,股票,,人民币,否,否,无,风格,2025-01-23
932397,1000R成长,中证1000相对成长指数,2012-12-31,1000.0,中证系列指数,513,2038.40,-28.30,股票,,人民币,否,否,无,风格,2025-01-23
932398,2000R价值,中证2000相对价值指数,2013-12-31,1000.0,中证系列指数,1243,2791.59,-15.87,股票,,人民币,否,否,无,风格,2025-01-23
932399,2000R成长,中证2000相对成长指数,2013-12-31,1000.0,中证系列指数,1051,2708.65,-28.54,股票,,人民币,否,否,无,风格,2025-01-23
932400,300P价值,沪深300纯价值指数,2012-12-31,1000.0,中证系列指数,107,1825.41,4.16,股票,,人民币,否,否,无,风格,2025-01-24
932401,300P成长,沪深300纯成长指数,2012-12-31,1000.0,中证系列指数,75,1448.81,-13.84,股票,,人民币,否,否,无,风格,2025-01-24
932402,500P价值,中证500纯价值指数,2012-12-31,1000.0,中证系列指数,226,2344.90,-2.58,股票,,人民币,否,否,无,风格,2025-01-24
932403,500P成长,中证500纯成长指数,2012-12-31,1000.0,中证系列指数,103,2415.65,-15.91,股票,,人民币,否,否,无,风格,2025-01-24
932404,800P价值,中证800纯价值指数,2012-12-31,1000.0,中证系列指数,292,2249.90,1.67,股票,,人民币,否,否,无,风格,2025-01-24
932405,800P成长,中证800纯成长指数,2012-12-31,1000.0,中证系列指数,194,1929.27,-15.03,股票,,人民币,否,否,无,风格,2025-01-24
932406,1000P价值,中证1000纯价值指数,2012-12-31,1000.0,中证系列指数,399,2721.22,-5.60,股票,,人民币,否,否,无,风格,2025-01-24
932407,1000P成长,中证1000纯成长指数,2012-12-31,1000.0,中证系列指数,213,2636.45,-27.44,股票,,人民币,否,否,无,风格,2025-01-24
932408,2000P价值,中证2000纯价值指数,2013-12-31,1000.0,中证系列指数,307,3815.27,-7.02,股票,,人民币,否,否,无,风格,2025-01-24
932409,2000P成长,中证2000纯成长指数,2013-12-31,1000.0,中证系列指数,207,3033.46,-25.70,股票,,人民币,否,否,无,风格,2025-01-24
932410,红利股债RP,中证红利股债风险平价指数,2017-06-30,1000.0,中证系列指数,2,1508.33,0.19,多资产,,人民币,否,否,无,策略,2024-11-21
932411,红利股债10/90,中证红利股债恒定比例10/90指数,2017-06-30,1000.0,中证系列指数,2,1526.93,0.22,多资产,,人民币,否,否,无,策略,2024-11-21
932412,红利股债20/80,中证红利股债恒定比例20/80指数,2017-06-30,1000.0,中证系列指数,2,1563.25,0.26,多资产,,人民币,否,否,无,策略,2024-11-21
932413,红利股债30/70,中证红利股债恒定比例30/70指数,2017-06-30,1000.0,中证系列指数,2,1597.77,0.30,多资产,,人民币,否,否,无,策略,2024-11-21
932414,红利股债稳健配置10%,中证红利股债稳健配置10%策略指数,2017-06-30,1000.0,中证系列指数,2,1552.78,0.14,多资产,,人民币,否,否,无,策略,2024-11-21
932415,红利股债稳健配置20%,中证红利股债稳健配置20%策略指数,2017-06-30,1000.0,中证系列指数,2,1633.70,0.08,多资产,,人民币,否,否,无,策略,2024-11-21
932416,红利股债稳健配置30%,中证红利股债稳健配置30%策略指数,2017-06-30,1000.0,中证系列指数,2,1720.14,0.03,多资产,,人民币,否,否,无,策略,2024-11-21
932417,SEEE绿色转型,中证上海环交所绿色转型指数,2018-12-28,1000.0,中证系列指数,100,1505.67,-7.35,股票,绿色,人民币,是,否,无,主题,2025-10-13
932418,养老目标FOF,中证养老目标基金中基金指数,2019-12-31,1000.0,中证系列指数,458,1383.10,-1.39,基金,,人民币,否,否,无,-,2025-02-10
932421,民企ESG 50,中证民企ESG 50指数,2017-06-30,1000.0,中证系列指数,50,2622.32,-13.20,股票,ESG,人民币,否,否,无,主题,2025-04-02
932422,A500红利低波,中证A500红利低波动指数,2013-12-31,1000.0,中证系列指数,50,3051.93,5.92,股票,红利/高股息,人民币,否,是,无,策略,2025-04-09
932423,长三角数字经济,中证长三角数字经济主题指数,2016-12-30,1000.0,中证系列指数,50,1616.97,-8.01,股票,,人民币,否,否,无,主题,2025-01-27
932424,化肥农药,中证化肥农药指数,2018-12-28,1000.0,中证系列指数,72,1502.65,-8.61,股票,,人民币,否,否,无,主题,2024-12-30
932425,SSH汽车,中证沪深港汽车指数,2014-12-31,1000.0,中证系列指数,47,1588.19,-7.09,股票,沪港深,港元,否,否,无,主题,2025-01-21
932426,中高民企债,中证中高等级民企信用债指数,2017-12-29,100.0,中证系列指数,497,137.99,0.19,固定收益,,人民币,否,否,无,信用债,2025-02-10
932427,短期中高民企债,中证短期中高等级民企信用债指数,2017-12-29,100.0,中证系列指数,240,133.96,0.15,固定收益,,人民币,否,否,无,信用债,2025-02-10
932428,0-3中高民企债,中证0-3年中高等级民企信用债指数,2017-12-29,100.0,中证系列指数,441,138.95,0.18,固定收益,,人民币,否,否,无,信用债,2025-02-10
932429,0-5年中高民企债,中证0-5年中高等级民企信用债指数,2017-12-29,100.0,中证系列指数,496,138.82,0.19,固定收益,,人民币,否,否,无,信用债,2025-02-10
932430,中证质量,中证全指质量指数,2010-12-31,1000.0,中证系列指数,100,2707.02,3.03,股票,,人民币,否,否,无,策略,2025-03-18
932431,300质量,沪深300质量指数,2010-12-31,1000.0,中证系列指数,50,1909.11,1.30,股票,,人民币,否,是,无,策略,2025-03-18
932432,500质量,中证500质量指数,2010-12-31,1000.0,中证系列指数,50,3464.30,-3.51,股票,,人民币,否,否,无,策略,2025-03-18
932433,800质量,中证800质量指数,2010-12-31,1000.0,中证系列指数,50,2156.45,3.08,股票,,人民币,否,否,无,策略,2025-03-18
932434,1000质量,中证1000质量指数,2010-12-31,1000.0,中证系列指数,100,2923.34,-17.26,股票,,人民币,否,否,无,策略,2025-03-18
932435,红利低波股债10/90,中证红利低波股债恒定比例10/90指数,2013-12-31,1000.0,中证系列指数,2,2066.06,0.50,多资产,,人民币,否,否,无,-,2025-01-17
932436,红利低波股债20/80,中证红利低波股债恒定比例20/80指数,2013-12-31,1000.0,中证系列指数,2,2349.75,0.80,多资产,,人民币,否,否,无,-,2025-01-17
932437,红利低波股债30/70,中证红利低波股债恒定比例30/70指数,2013-12-31,1000.0,中证系列指数,2,2652.95,1.10,多资产,,人民币,否,否,无,-,2025-01-17
932438,科创创业机器人,中证科创创业机器人指数,2019-12-31,1000.0,中证系列指数,40,1537.76,-21.94,股票,,人民币,否,否,无,主题,2025-05-16
932439,科创创业转债,中证科创创业可转换债券指数,2019-12-31,100.0,中证系列指数,129,208.32,-6.44,固定收益,,人民币,否,否,无,可转债,2026-04-01
932440,上海现代产业,中证上海现代产业发展主题指数,2018-12-28,1000.0,中证系列指数,48,1434.79,-13.61,股票,,人民币,否,否,无,主题,2025-01-24
932441,偏股价值基金,中证偏股价值基金指数,2015-12-31,1000.0,中证系列指数,243,1826.97,-3.33,基金,,人民币,否,否,无,风格,2025-02-10
932442,偏股均衡基金,中证偏股均衡基金指数,2015-12-31,1000.0,中证系列指数,1171,1564.10,-9.17,基金,,人民币,否,否,无,风格,2025-02-10
932443,偏股成长基金,中证偏股成长基金指数,2015-12-31,1000.0,中证系列指数,1738,1504.39,-12.65,基金,,人民币,否,否,无,风格,2025-02-10
932446,七彩阳光普惠主题ABS,中证七彩阳光普惠主题精选资产支持证券指数,2018-12-28,100.0,中证系列指数,144,125.29,0.13,固定收益,,人民币,是,否,无,其他固收指数,2025-02-18
932448,科创创业半导体,中证科创创业半导体指数,2019-12-31,1000.0,中证系列指数,50,3618.32,-13.66,股票,,人民币,否,否,无,主题,2025-06-20
932450,香港现金流,中证香港自由现金流指数,2018-12-28,1000.0,中证系列指数,50,1543.12,-6.02,股票,,港元,否,否,无,策略,2025-02-28
932451,智选质量领先50,中证智选质量领先50指数,2014-12-31,1000.0,中证系列指数,50,1993.23,-0.65,股票,,人民币,是,是,无,策略,2025-07-31
932452,CS西藏,中证西藏发展主题指数,2012-12-31,1000.0,中证系列指数,29,2260.47,-10.85,股票,区域,人民币,否,否,无,主题,2015-08-26
932453,海通资管绿债,中证海通资管绿色主题债券指数,2020-12-31,100.0,中证系列指数,5423,123.25,0.21,固定收益,,人民币,是,否,无,其他固收指数,2025-06-06
932456,科创创业AI,中证科创创业人工智能指数,2019-12-31,1000.0,中证系列指数,50,3606.38,-15.61,股票,,人民币,否,是,无,主题,2025-05-14
932457,港股通现金流,中证港股通自由现金流指数,2018-12-28,1000.0,中证系列指数,50,1861.12,-3.56,股票,,港元,否,否,无,策略,2025-02-28
932458,智选杭州创新50,中证智选杭州创新50指数,2018-12-28,1000.0,中证系列指数,51,2182.75,-9.12,股票,,人民币,是,否,无,主题,2025-09-23
932459,全球生物科技,中证全球生物科技指数,2018-12-28,1000.0,中证系列指数,58,2033.15,11.11,股票,,人民币,否,否,无,主题,2025-09-24
932460,长三角科技领先,中证长三角科技领先指数,2018-12-28,1000.0,中证系列指数,50,2351.85,-14.79,股票,区域,人民币,否,否,无,主题,2025-04-21
932461,科创创业新能源,中证科创创业新能源指数,2019-12-31,1000.0,中证系列指数,50,1827.69,-28.19,股票,,人民币,否,否,无,主题,2025-05-13
932465,A500质量,中证A500质量指数,2010-12-31,1000.0,中证系列指数,50,2428.94,3.11,股票,,人民币,否,否,无,策略,2025-04-18
932466,A500交易所股债5/95,中证A500交易所股债恒定比例5/95指数,2013-12-31,1000.0,中证系列指数,2,1662.67,-0.35,多资产,,人民币,否,否,无,其他固收指数,2025-05-14
932467,A500交易所股债10/90,中证A500交易所股债恒定比例10/90指数,2013-12-31,1000.0,中证系列指数,2,1737.89,-0.87,多资产,,人民币,否,否,无,其他固收指数,2025-05-14
932468,A500交易所股债15/85,中证A500交易所股债恒定比例15/85指数,2013-12-31,1000.0,中证系列指数,2,1812.90,-1.39,多资产,,人民币,否,否,无,其他固收指数,2025-05-14
932469,A500交易所股债20/80,中证A500交易所股债恒定比例20/80指数,2013-12-31,1000.0,中证系列指数,2,1887.45,-1.91,多资产,,人民币,否,否,无,其他固收指数,2025-05-14
932470,A500交易所股债30/70,中证A500交易所股债恒定比例30/70指数,2013-12-31,1000.0,中证系列指数,2,2033.99,-2.94,多资产,,人民币,否,否,无,其他固收指数,2025-05-14
932471,现金流交易所股债5/95,中证现金流交易所股债恒定比例5/95指数,2013-12-31,1000.0,中证系列指数,2,1749.70,0.06,多资产,,人民币,否,否,无,其他固收指数,2025-05-14
932472,现金流交易所股债10/90,中证现金流交易所股债恒定比例10/90指数,2013-12-31,1000.0,中证系列指数,2,1924.53,-0.07,多资产,,人民币,否,否,无,其他固收指数,2025-05-14
932473,现金流交易所股债15/85,中证现金流交易所股债恒定比例15/85指数,2013-12-31,1000.0,中证系列指数,2,2112.58,-0.19,多资产,,人民币,否,否,无,其他固收指数,2025-05-14
932474,现金流交易所股债20/80,中证现金流交易所股债恒定比例20/80指数,2013-12-31,1000.0,中证系列指数,2,2314.41,-0.31,多资产,,人民币,否,否,无,其他固收指数,2025-05-14
932475,现金流交易所股债30/70,中证现金流交易所股债恒定比例30/70指数,2013-12-31,1000.0,中证系列指数,2,2761.61,-0.56,多资产,,人民币,否,否,无,其他固收指数,2025-05-14
932476,A500红利质量,中证A500红利质量指数,2013-12-31,1000.0,中证系列指数,50,3266.83,2.35,股票,,人民币,否,否,无,策略,2025-04-18
932477,红利低波交易所股债5/95,中证红利低波交易所股债恒定比例5/95指数,2013-12-31,1000.0,中证系列指数,2,1710.27,0.33,多资产,,人民币,否,否,无,-,2025-05-14
932478,红利低波交易所股债10/90,中证红利低波交易所股债恒定比例10/90指数,2013-12-31,1000.0,中证系列指数,2,1839.15,0.48,多资产,,人民币,否,否,无,-,2025-05-14
932479,红利低波交易所股债15/85,中证红利低波交易所股债恒定比例15/85指数,2013-12-31,1000.0,中证系列指数,2,1974.20,0.63,多资产,,人民币,否,否,无,-,2025-05-14
932480,红利低波交易所股债20/80,中证红利低波交易所股债恒定比例20/80指数,2013-12-31,1000.0,中证系列指数,2,2115.45,0.78,多资产,,人民币,否,否,无,-,2025-05-14
932481,红利低波交易所股债30/70,中证红利低波交易所股债恒定比例30/70指数,2013-12-31,1000.0,中证系列指数,2,2416.49,1.08,多资产,,人民币,否,否,无,-,2025-05-14
932482,AAA转债及可交换债,中证AAA可转债及可交换债券指数,2016-12-30,100.0,中证系列指数,27,136.84,1.46,固定收益,,人民币,否,否,无,可转债,2025-06-27
932483,高等级转债及可交换债,中证高等级可转债及可交换债券指数,2016-12-30,100.0,中证系列指数,56,142.41,-0.08,固定收益,,人民币,否,否,无,可转债,2025-06-27
932484,中高等级转债及可交换债,中证中高等级可转债及可交换债券指数,2016-12-30,100.0,中证系列指数,132,156.79,-1.95,固定收益,,人民币,否,否,无,可转债,2025-06-27
932486,成渝AAA信用债,中证成渝地区AAA信用债指数,2017-12-29,100.0,中证系列指数,740,144.79,0.20,固定收益,,人民币,否,否,无,信用债,2025-09-24
932487,西部AAA信用债,中证西部地区AAA信用债指数,2017-12-29,100.0,中证系列指数,1264,144.01,0.19,固定收益,,人民币,否,否,无,信用债,2025-09-24
932488,交易所国债及政金债,中证交易所国债及政策性金融债指数,2007-12-31,100.0,中证系列指数,231,208.40,0.18,固定收益,,人民币,否,否,无,利率债,2025-07-25
932489,交易所0-3国债及政金债,中证交易所0-3年国债及政策性金融债指数,2007-12-31,100.0,中证系列指数,82,169.20,0.12,固定收益,,人民币,否,否,无,利率债,2025-07-25
932490,交易所0-5国债及政金债,中证交易所0-5年国债及政策性金融债指数,2007-12-31,100.0,中证系列指数,108,177.87,0.14,固定收益,,人民币,否,否,无,利率债,2025-07-25
932491,交易所0-7国债及政金债,中证交易所0-7年国债及政策性金融债指数,2007-12-31,100.0,中证系列指数,127,185.58,0.17,固定收益,,人民币,否,否,无,利率债,2025-07-25
932492,交易所0-10国债及政金债,中证交易所0-10年国债及政策性金融债指数,2007-12-31,100.0,中证系列指数,147,191.19,0.18,固定收益,,人民币,否,否,无,利率债,2025-07-25
932493,港股通AI,中证港股通人工智能主题指数,2021-12-31,1000.0,中证系列指数,40,771.94,-9.11,股票,,港元,否,否,无,主题,2024-03-13
932494,A500成长,中证A500成长指数,2014-12-31,1000.0,中证系列指数,100,1785.81,-15.40,股票,,人民币,否,否,无,风格,2025-09-10
932495,A500P成长,中证A500纯成长指数,2014-12-31,1000.0,中证系列指数,122,1646.81,-13.18,股票,,人民币,否,否,无,风格,2025-09-11
932496,A500R成长,中证A500相对成长指数,2014-12-31,1000.0,中证系列指数,314,1648.81,-17.32,股票,,人民币,否,否,无,风格,2025-09-11
932497,A500价值,中证A500价值指数,2014-12-31,1000.0,中证系列指数,100,1523.83,4.54,股票,,人民币,否,否,无,风格,2025-09-10
932498,A500P价值,中证A500纯价值指数,2014-12-31,1000.0,中证系列指数,162,1469.99,1.21,股票,,人民币,否,否,无,风格,2025-09-11
932499,A500R价值,中证A500相对价值指数,2014-12-31,1000.0,中证系列指数,286,1305.14,0.20,股票,,人民币,否,否,无,风格,2025-09-11
932500,交银人寿科创创业成长策略,中证交银人寿科创创业成长策略指数,2019-12-31,1000.0,中证系列指数,50,3180.71,-16.77,股票,,人民币,是,否,无,策略,2025-10-30
932502,港股通消费50,中证港股通消费50指数,2016-12-30,1000.0,中证系列指数,50,1348.54,2.70,股票,,港元,否,否,无,主题,2024-03-08
932503,农业主题债券,中证农业主题债券指数,2018-12-28,100.0,中证系列指数,569,132.76,0.16,固定收益,,人民币,否,否,无,综合债,2026-04-24
932535,全指等权,中证全指等权重指数,2013-12-31,1000.0,中证系列指数,5126,2674.43,-14.48,股票,,人民币,否,否,无,策略,2025-10-30
932538,1年久期国债及政金债,中证1年恒定久期国债及政策性金融债指数,2012-12-31,100.0,中证系列指数,41,147.70,0.10,固定收益,,人民币,否,否,无,利率债,2025-08-25
932539,2年久期国债及政金债,中证2年恒定久期国债及政策性金融债指数,2012-12-31,100.0,中证系列指数,101,155.47,0.11,固定收益,,人民币,否,否,无,利率债,2025-08-25
932540,3年久期国债及政金债,中证3年恒定久期国债及政策性金融债指数,2012-12-31,100.0,中证系列指数,139,162.84,0.14,固定收益,,人民币,否,否,无,利率债,2025-08-25
932541,5年久期国债及政金债,中证5年恒定久期国债及政策性金融债指数,2012-12-31,100.0,中证系列指数,140,174.41,0.18,固定收益,,人民币,否,否,无,利率债,2025-08-25
932542,7年久期国债及政金债,中证7年恒定久期国债及政策性金融债指数,2012-12-31,100.0,中证系列指数,55,182.39,0.21,固定收益,,人民币,否,否,无,利率债,2025-08-25
932543,10年久期国债及政金债,中证10年恒定久期国债及政策性金融债指数,2012-12-31,100.0,中证系列指数,125,200.24,0.25,固定收益,,人民币,否,否,无,利率债,2025-08-25
932544,智选安徽100,中证智选安徽100指数,2019-12-31,1000.0,中证系列指数,100,1814.60,-19.83,股票,,人民币,是,否,无,策略,2025-08-25
932545,科创创业创新药,中证科创创业创新药指数,2019-12-31,1000.0,中证系列指数,50,1081.62,18.32,股票,,人民币,否,否,无,主题,2025-11-07
932546,A50等权,中证A50等权重指数,2014-12-31,1000.0,中证系列指数,50,1464.71,-1.83,股票,,人民币,否,否,无,策略,2025-10-30
932547,A100等权,中证A100等权重指数,2013-12-31,1000.0,中证系列指数,100,1631.85,-3.66,股票,,人民币,否,否,无,策略,2025-10-30
932548,A500等权,中证A500等权重指数,2013-12-31,1000.0,中证系列指数,500,1987.13,-8.36,股票,,人民币,否,否,无,策略,2025-10-30
932549,智选成长领先50,中证智选成长领先50指数,2014-12-31,1000.0,中证系列指数,50,4343.38,-8.58,股票,,人民币,是,否,无,策略,2025-10-30
932553,科创创业医疗器械,中证科创创业医疗器械指数,2019-12-31,1000.0,中证系列指数,50,718.07,1.05,股票,,人民币,否,否,无,主题,2025-11-07
932554,A500交易所0-7股债5/95,中证A500交易所0-7年股债恒定比例5/95指数,2013-12-31,1000.0,中证系列指数,2,1627.38,-0.35,多资产,,人民币,否,否,无,其他固收指数,2025-09-24
932555,A500交易所0-7股债10/90,中证A500交易所0-7年股债恒定比例10/90指数,2013-12-31,1000.0,中证系列指数,2,1704.92,-0.87,多资产,,人民币,否,否,无,其他固收指数,2025-09-24
932556,A500交易所0-7股债15/85,中证A500交易所0-7年股债恒定比例15/85指数,2013-12-31,1000.0,中证系列指数,2,1782.34,-1.39,多资产,,人民币,否,否,无,其他固收指数,2025-09-24
932557,A500交易所0-7股债20/80,中证A500交易所0-7年股债恒定比例20/80指数,2013-12-31,1000.0,中证系列指数,2,1859.37,-1.91,多资产,,人民币,否,否,无,其他固收指数,2025-09-24
932558,A500交易所0-7股债30/70,中证A500交易所0-7年股债恒定比例30/70指数,2013-12-31,1000.0,中证系列指数,2,2010.98,-2.94,多资产,,人民币,否,否,无,其他固收指数,2025-09-24
932559,现金流交易所0-7股债5/95,中证现金流交易所0-7年股债恒定比例5/95指数,2013-12-31,1000.0,中证系列指数,2,1712.85,0.06,多资产,,人民币,否,否,无,其他固收指数,2025-09-24
932560,现金流交易所0-7股债10/90,中证现金流交易所0-7年股债恒定比例10/90指数,2013-12-31,1000.0,中证系列指数,2,1888.63,-0.07,多资产,,人民币,否,否,无,其他固收指数,2025-09-24
932561,现金流交易所0-7股债15/85,中证现金流交易所0-7年股债恒定比例15/85指数,2013-12-31,1000.0,中证系列指数,2,2077.95,-0.19,多资产,,人民币,否,否,无,其他固收指数,2025-09-24
932562,现金流交易所0-7股债20/80,中证现金流交易所0-7年股债恒定比例20/80指数,2013-12-31,1000.0,中证系列指数,2,2281.38,-0.31,多资产,,人民币,否,否,无,其他固收指数,2025-09-24
932563,现金流交易所0-7股债30/70,中证现金流交易所0-7年股债恒定比例30/70指数,2013-12-31,1000.0,中证系列指数,2,2732.67,-0.56,多资产,,人民币,否,否,无,其他固收指数,2025-09-24
932565,红利低波交易所0-7股债5/95,中证红利低波交易所0-7年股债恒定比例5/95指数,2013-12-31,1000.0,中证系列指数,2,1673.29,0.33,多资产,,人民币,否,否,无,其他固收指数,2025-09-24
932566,红利低波交易所0-7股债10/90,中证红利低波交易所0-7年股债恒定比例10/90指数,2013-12-31,1000.0,中证系列指数,2,1802.90,0.48,多资产,,人民币,否,否,无,其他固收指数,2025-09-24
932567,红利低波交易所0-7股债15/85,中证红利低波交易所0-7年股债恒定比例15/85指数,2013-12-31,1000.0,中证系列指数,2,1938.88,0.63,多资产,,人民币,否,否,无,其他固收指数,2025-09-24
932568,红利低波交易所0-7股债20/80,中证红利低波交易所0-7年股债恒定比例20/80指数,2013-12-31,1000.0,中证系列指数,2,2081.25,0.78,多资产,,人民币,否,否,无,其他固收指数,2025-09-24
932569,红利低波交易所0-7股债30/70,中证红利低波交易所0-7年股债恒定比例30/70指数,2013-12-31,1000.0,中证系列指数,2,2385.13,1.08,多资产,,人民币,否,否,无,其他固收指数,2025-09-24
932570,国企绿债,中证国企绿色债券指数,2016-12-30,100.0,中证系列指数,986,143.26,0.15,固定收益,,人民币,否,否,无,综合债,2025-09-30
932571,AAA国企绿债,中证AAA国企绿色债券指数,2016-12-30,100.0,中证系列指数,608,141.08,0.15,固定收益,,人民币,否,否,无,综合债,2025-09-30
932572,高等级国企绿债,中证高等级国企绿色债券指数,2016-12-30,100.0,中证系列指数,889,141.87,0.15,固定收益,,人民币,否,否,无,综合债,2025-09-30
932573,交易所国企绿债,中证交易所国企绿色债券指数,2016-12-30,100.0,中证系列指数,322,149.01,0.21,固定收益,,人民币,否,否,无,综合债,2025-09-30
932574,交易所AAA国企绿债,中证交易所AAA国企绿色债券指数,2016-12-30,100.0,中证系列指数,174,145.17,0.23,固定收益,,人民币,否,否,无,综合债,2025-09-30
932575,交易所高等级国企绿债,中证交易所高等级国企绿色债券指数,2016-12-30,100.0,中证系列指数,251,146.01,0.21,固定收益,,人民币,否,否,无,综合债,2025-09-30
932576,2000 ESG,中证2000 ESG基准指数,2017-06-30,1000.0,中证系列指数,1594,1359.46,-22.70,股票,ESG,人民币,否,否,无,主题,2025-11-19
932577,2000 ESG领先,中证2000 ESG领先指数,2017-06-30,1000.0,中证系列指数,600,1376.40,-22.26,股票,ESG,人民币,否,否,无,主题,2025-11-19
932584,智选港股通红利低波,中证智选港股通红利低波动策略指数,2016-12-30,1000.0,中证系列指数,50,1744.98,0.52,股票,,港元,是,否,无,策略,2026-06-11
932587,香港 AI,中证香港人工智能主题指数,2021-12-31,1000.0,中证系列指数,40,871.93,-7.17,股票,,港元,否,否,无,主题,2024-03-13
932595,东盟数字经济,中证东盟数字经济主题指数,2018-12-31,1000.0,中证系列指数,50,1409.42,-0.80,股票,区域,人民币,否,否,无,主题,2025-12-26
932596,港股通红利低波,中证港股通红利低波动指数,2014-11-14,3000.0,中证系列指数,30,3985.17,-0.35,股票,红利/高股息,港元,否,否,无,策略,2016-02-04
932599,港股通机器人,中证港股通机器人主题指数,2021-12-31,1000.0,中证系列指数,30,908.48,-7.05,股票,,港元,否,否,无,主题,2026-02-27
932608,20年地债,中证20年期地方政府债指数,2019-12-31,100.0,中证系列指数,1695,151.91,0.33,固定收益,,人民币,否,否,无,利率债,2026-04-01
932609,30年地债,中证30年期地方政府债指数,2019-12-31,100.0,中证系列指数,1536,163.49,0.31,固定收益,,人民币,否,否,无,利率债,2026-04-01
932611,智选电网主题,中证智选电网主题指数,2014-06-30,1000.0,中证系列指数,50,3374.81,-23.17,股票,,人民币,是,否,无,主题,2025-12-30
932613,高等级科技创新债券,中证高等级科技创新债券指数,2022-06-30,100.0,中证系列指数,2030,115.87,0.20,固定收益,,人民币,否,否,无,信用债,2026-02-02
932614,AAA科技创新债券,中证AAA科技创新债券指数,2022-06-30,100.0,中证系列指数,1970,115.93,0.20,固定收益,,人民币,否,否,无,信用债,2026-02-02
932615,0-3AAA科技创新债券,中证0-3年AAA科技创新债券指数,2022-06-30,100.0,中证系列指数,1078,113.41,0.15,固定收益,,人民币,否,否,无,信用债,2026-02-02
932616,0-5AAA科技创新债券,中证0-5年AAA科技创新债券指数,2022-06-30,100.0,中证系列指数,1670,114.87,0.16,固定收益,,人民币,否,否,无,信用债,2026-02-02
932617,银行间科技创新债券,中证银行间科技创新债券指数,2022-06-30,100.0,中证系列指数,1266,114.72,0.19,固定收益,,人民币,否,否,无,信用债,2026-02-02
932618,银行间高等级科技创新债券,中证银行间高等级科技创新债券指数,2022-06-30,100.0,中证系列指数,636,113.16,0.18,固定收益,,人民币,否,否,无,信用债,2026-02-02
932619,银行间AAA科技创新债券,中证银行间AAA科技创新债券指数,2022-06-30,100.0,中证系列指数,602,113.15,0.18,固定收益,,人民币,否,否,无,信用债,2026-02-02
932620,银行间0-3AAA科技创新债券,中证银行间0-3年AAA科技创新债券指数,2022-06-30,100.0,中证系列指数,350,112.07,0.15,固定收益,,人民币,否,否,无,信用债,2026-02-02
932621,银行间0-5AAA科技创新债券,中证银行间0-5年AAA科技创新债券指数,2022-06-30,100.0,中证系列指数,536,112.86,0.16,固定收益,,人民币,否,否,无,信用债,2026-02-02
932622,交易所产业债,中证交易所产业债指数,2016-12-30,100.0,中证系列指数,2406,147.96,0.23,固定收益,,人民币,否,否,无,信用债,2023-09-13
932623,交易所AAA产业债,中证交易所AAA产业债指数,2016-12-30,100.0,中证系列指数,1869,146.40,0.23,固定收益,,人民币,否,否,无,信用债,2023-09-13
932624,交易所高等级产业债,中证交易所高等级产业债指数,2016-12-30,100.0,中证系列指数,2365,147.39,0.23,固定收益,,人民币,否,否,无,信用债,2023-09-13
932625,交易所短期产业债,中证交易所短期产业债指数,2016-12-30,100.0,中证系列指数,401,137.51,0.13,固定收益,,人民币,否,否,无,信用债,2023-09-13
932626,交易所短期AAA产业债,中证交易所短期AAA产业债指数,2016-12-30,100.0,中证系列指数,293,134.00,0.12,固定收益,,人民币,否,否,无,信用债,2023-09-13
932627,交易所短期高等级产业债,中证交易所短期高等级产业债指数,2016-12-30,100.0,中证系列指数,383,135.52,0.13,固定收益,,人民币,否,否,无,信用债,2023-09-13
932628,交易所0-3产业债,中证交易所0-3年产业债指数,2016-12-30,100.0,中证系列指数,1281,142.97,0.15,固定收益,,人民币,否,否,无,信用债,2023-09-13
932629,交易所0-3 AAA产业债,中证交易所0-3年AAA产业债指数,2016-12-30,100.0,中证系列指数,912,140.54,0.15,固定收益,,人民币,否,否,无,信用债,2023-09-13
932630,交易所0-3高等级产业债,中证交易所0-3年高等级产业债指数,2016-12-30,100.0,中证系列指数,1253,142.16,0.15,固定收益,,人民币,否,否,无,信用债,2023-09-13
932631,交易所0-5产业债,中证交易所0-5年产业债指数,2016-12-30,100.0,中证系列指数,1915,145.06,0.17,固定收益,,人民币,否,否,无,信用债,2023-09-13
932632,交易所0-5 AAA产业债,中证交易所0-5年AAA产业债指数,2016-12-30,100.0,中证系列指数,1394,142.98,0.17,固定收益,,人民币,否,否,无,信用债,2023-09-13
932633,交易所0-5高等级产业债,中证交易所0-5年高等级产业债指数,2016-12-30,100.0,中证系列指数,1876,144.41,0.17,固定收益,,人民币,否,否,无,信用债,2023-09-13
932637,科创创业股债5/95,中证科创创业股债恒定比例5/95指数,2022-12-30,1000.0,中证系列指数,2,1200.64,-0.87,多资产,,人民币,否,否,无,-,2026-04-03
932638,科创创业股债10/90,中证科创创业股债恒定比例10/90指数,2022-12-30,1000.0,中证系列指数,2,1239.98,-1.94,多资产,,人民币,否,否,无,-,2026-04-03
932639,科创创业股债15/85,中证科创创业股债恒定比例15/85指数,2022-12-30,1000.0,中证系列指数,2,1279.03,-3.00,多资产,,人民币,否,否,无,-,2026-04-03
932640,科创创业股债20/80,中证科创创业股债恒定比例20/80指数,2022-12-30,1000.0,中证系列指数,2,1317.77,-4.04,多资产,,人民币,否,否,无,-,2026-04-03
932641,科创创业股债30/70,中证科创创业股债恒定比例30/70指数,2022-12-30,1000.0,中证系列指数,2,1394.12,-6.08,多资产,,人民币,否,否,无,-,2026-04-03
932645,现金流科创股债5/95,中证现金流科创股债恒定比例5/95指数,2022-12-30,1000.0,中证系列指数,2,1190.89,0.08,多资产,,人民币,否,否,无,-,2026-04-03
932646,现金流科创股债10/90,中证现金流科创股债恒定比例10/90指数,2022-12-30,1000.0,中证系列指数,2,1221.06,-0.04,多资产,,人民币,否,否,无,-,2026-04-03
932647,现金流科创股债15/85,中证现金流科创股债恒定比例15/85指数,2022-12-30,1000.0,中证系列指数,2,1251.58,-0.17,多资产,,人民币,否,否,无,-,2026-04-03
932648,现金流科创股债20/80,中证现金流科创股债恒定比例20/80指数,2022-12-30,1000.0,中证系列指数,2,1282.43,-0.29,多资产,,人民币,否,否,无,-,2026-04-03
932649,现金流科创股债30/70,中证现金流科创股债恒定比例30/70指数,2022-12-30,1000.0,中证系列指数,2,1345.10,-0.54,多资产,,人民币,否,否,无,-,2026-04-03
932650,红利低波科创股债5/95,中证红利低波科创股债恒定比例5/95指数,2022-12-30,1000.0,中证系列指数,2,1176.64,0.36,多资产,,人民币,否,否,无,-,2026-04-03
932651,红利低波科创股债10/90,中证红利低波科创股债恒定比例10/90指数,2022-12-30,1000.0,中证系列指数,2,1192.34,0.50,多资产,,人民币,否,否,无,-,2026-04-03
932652,红利低波科创股债15/85,中证红利低波科创股债恒定比例15/85指数,2022-12-30,1000.0,中证系列指数,2,1208.16,0.65,多资产,,人民币,否,否,无,-,2026-04-03
932653,红利低波科创股债20/80,中证红利低波科创股债恒定比例20/80指数,2022-12-30,1000.0,中证系列指数,2,1224.10,0.80,多资产,,人民币,否,否,无,-,2026-04-03
932654,红利低波科创股债30/70,中证红利低波科创股债恒定比例30/70指数,2022-12-30,1000.0,中证系列指数,2,1256.33,1.10,多资产,,人民币,否,否,无,-,2026-04-03
932655,ESG领先AAA债券,中证ESG领先AAA债券指数,2022-12-30,100.0,中证系列指数,4134,111.72,0.18,固定收益,,人民币,否,否,无,信用债,2026-04-24
932656,交易所ESG领先AAA债券,中证交易所ESG领先AAA债券指数,2022-12-30,100.0,中证系列指数,1886,112.78,0.20,固定收益,,人民币,否,否,无,信用债,2026-04-24
932661,新兴60,中证新兴产业60指数,2022-12-30,1000.0,中证系列指数,60,1383.46,-5.18,股票,互联互通,人民币,否,否,无,-,2026-03-20
932663,港股中国100,中证港股中国内地企业100指数,2014-12-31,1000.0,中证系列指数,100,1164.04,1.47,股票,互联互通,港元,否,否,无,规模,2012-10-16
932666,PCB,中证印制电路板指数,2014-12-31,1000.0,中证系列指数,40,8929.84,-31.47,股票,,人民币,否,否,无,主题,2026-03-31
932673,美股30,中证美股30指数,2018-12-31,1000.0,中证系列指数,30,3787.63,0.12,股票,,美元,否,否,无,规模,2026-02-27
932674,中节能气候债,中证中节能气候债券指数,2021-12-31,100.0,中证系列指数,683,114.30,0.15,固定收益,,人民币,是,否,无,信用债,2026-04-29
932675,中节能高等级气候债,中证中节能高等级气候债券指数,2021-12-31,100.0,中证系列指数,658,114.12,0.15,固定收益,,人民币,是,否,无,信用债,2026-04-29
932676,中节能AAA气候债,中证中节能AAA气候债券指数,2021-12-31,100.0,中证系列指数,412,113.77,0.15,固定收益,,人民币,是,否,无,信用债,2026-04-29
932685,智选港股通质量50,中证智选港股通质量策略50指数,2016-12-30,1000.0,中证系列指数,50,2560.04,1.13,股票,,港元,是,否,无,策略,2026-07-10
932686,智选盈利价值等权,中证智选盈利价值等权重指数,2014-12-31,1000.0,中证系列指数,50,3269.50,5.52,股票,,人民币,是,否,无,策略,2026-03-23
932690,精选市场稳健,中证精选市场稳健指数,2018-12-31,1000.0,中证系列指数,45,2272.12,0.33,股票,,港元,否,是,无,策略,2012-07-20
932691,高等级综合债,中证高等级综合债指数,2018-12-28,100.0,中证系列指数,35467,135.79,0.21,固定收益,,人民币,否,否,无,综合债,2026-04-09
932692,短期高等级综合债,中证短期高等级综合债指数,2018-12-28,100.0,中证系列指数,6618,118.49,0.11,固定收益,,人民币,否,否,无,综合债,2026-04-09
932693,0-3高等级综合债,中证0-3年高等级综合债指数,2018-12-28,100.0,中证系列指数,16644,124.29,0.12,固定收益,,人民币,否,否,无,综合债,2026-04-09
932694,0-5高等级综合债,中证0-5年高等级综合债指数,2018-12-28,100.0,中证系列指数,23175,127.15,0.14,固定收益,,人民币,否,否,无,综合债,2026-04-09
932695,0-7高等级综合债,中证0-7年高等级综合债指数,2018-12-28,100.0,中证系列指数,25490,129.16,0.16,固定收益,,人民币,否,否,无,综合债,2026-04-09
932696,1-3高等级综合债,中证1-3年高等级综合债指数,2018-12-28,100.0,中证系列指数,10411,127.10,0.13,固定收益,,人民币,否,否,无,综合债,2026-04-09
932697,1-5高等级综合债,中证1-5年高等级综合债指数,2018-12-28,100.0,中证系列指数,16942,129.79,0.16,固定收益,,人民币,否,否,无,综合债,2026-04-09
932698,3-5高等级综合债,中证3-5年高等级综合债指数,2018-12-28,100.0,中证系列指数,6531,133.74,0.19,固定收益,,人民币,否,否,无,综合债,2026-04-09
932699,3-7高等级综合债,中证3-7年高等级综合债指数,2018-12-28,100.0,中证系列指数,8846,135.89,0.20,固定收益,,人民币,否,否,无,综合债,2026-04-09
932700,5-7高等级综合债,中证5-7年高等级综合债指数,2018-12-28,100.0,中证系列指数,2315,139.02,0.23,固定收益,,人民币,否,否,无,综合债,2026-04-09
932701,5-10高等级综合债,中证5-10年高等级综合债指数,2018-12-28,100.0,中证系列指数,6033,141.42,0.27,固定收益,,人民币,否,否,无,综合债,2026-04-09
932702,7-10高等级综合债,中证7-10年高等级综合债指数,2018-12-28,100.0,中证系列指数,3718,143.41,0.29,固定收益,,人民币,否,否,无,综合债,2026-04-09
932703,10+高等级综合债,中证10年以上高等级综合债指数,2018-12-28,100.0,中证系列指数,6259,162.40,0.29,固定收益,,人民币,否,否,无,综合债,2026-04-09
932704,交易所AAA综合债,中证交易所AAA综合债指数,2018-12-28,100.0,中证系列指数,19770,137.14,0.23,固定收益,,人民币,否,否,无,综合债,2026-04-13
932705,交易所短期AAA综合债,中证交易所短期AAA综合债指数,2018-12-28,100.0,中证系列指数,1925,118.98,0.11,固定收益,,人民币,否,否,无,综合债,2026-04-13
932706,交易所0-3AAA综合债,中证交易所0-3年AAA综合债指数,2018-12-28,100.0,中证系列指数,5720,123.72,0.13,固定收益,,人民币,否,否,无,综合债,2026-04-13
932707,交易所0-5AAA综合债,中证交易所0-5年AAA综合债指数,2018-12-28,100.0,中证系列指数,9014,126.66,0.15,固定收益,,人民币,否,否,无,综合债,2026-04-13
932708,交易所0-7AAA综合债,中证交易所0-7年AAA综合债指数,2018-12-28,100.0,中证系列指数,10992,128.90,0.17,固定收益,,人民币,否,否,无,综合债,2026-04-13
932709,交易所0-10AAA综合债,中证交易所0-10年AAA综合债指数,2018-12-28,100.0,中证系列指数,13807,131.25,0.20,固定收益,,人民币,否,否,无,综合债,2026-04-13
932710,交易所3-5AAA综合债,中证交易所3-5年AAA综合债指数,2018-12-28,100.0,中证系列指数,3294,132.63,0.20,固定收益,,人民币,否,否,无,综合债,2026-04-13
932711,交易所5-7AAA综合债,中证交易所5-7年AAA综合债指数,2018-12-28,100.0,中证系列指数,1978,139.26,0.27,固定收益,,人民币,否,否,无,综合债,2026-04-13
932712,交易所5-10AAA综合债,中证交易所5-10年AAA综合债指数,2018-12-28,100.0,中证系列指数,4793,141.65,0.30,固定收益,,人民币,否,否,无,综合债,2026-04-13
932713,交易所7-10AAA综合债,中证交易所7-10年AAA综合债指数,2018-12-28,100.0,中证系列指数,2815,143.93,0.33,固定收益,,人民币,否,否,无,综合债,2026-04-13
932714,交易所10+AAA综合债,中证交易所10年以上AAA综合债指数,2018-12-28,100.0,中证系列指数,5963,162.83,0.31,固定收益,,人民币,否,否,无,综合债,2026-04-13
H11001,中证全债,中证全债指数,2002-12-31,100.0,中证系列指数,33414,265.51,0.22,固定收益,,人民币,否,否,无,综合债,2007-12-17
H11002,中证3债,中证3债指数,2002-12-31,100.0,中证系列指数,12701,231.73,0.14,固定收益,,人民币,否,否,无,综合债,2007-12-17
H11003,中证7债,中证7债指数,2002-12-31,100.0,中证系列指数,10531,263.86,0.21,固定收益,,人民币,否,否,无,综合债,2007-12-17
H11004,中证10债,中证10债指数,2002-12-31,100.0,中证系列指数,3893,272.93,0.29,固定收益,,人民币,否,否,无,综合债,2007-12-17
H11005,中证10+债,中证10+债指数,2002-12-31,100.0,中证系列指数,6289,326.30,0.29,固定收益,,人民币,否,否,无,综合债,2007-12-17
H11006,中证国债,中证国债指数,2002-12-31,100.0,中证系列指数,184,249.56,0.20,固定收益,,人民币,否,否,无,利率债,2008-01-28
H11007,中证金融债,中证金融债指数,2002-12-31,100.0,中证系列指数,631,252.26,0.16,固定收益,,人民币,否,否,无,利率债,2008-01-28
H11008,中证企业债,中证企业债指数,2002-12-31,100.0,中证系列指数,18449,291.27,0.23,固定收益,,人民币,否,否,无,信用债,2008-01-28
H11009,中证综合债,中证综合债指数,2002-12-31,100.0,中证系列指数,40666,247.38,0.21,固定收益,,人民币,否,否,无,综合债,2008-11-12
H11010,中证1债,中证1债指数,2002-12-31,100.0,中证系列指数,7252,189.10,0.11,固定收益,,人民币,否,否,无,综合债,2008-11-12
H11014,中证短融,中证短融指数,2007-01-31,100.0,中证系列指数,2691,199.00,0.12,固定收益,,人民币,否,是,无,信用债,2008-11-12
H11015,中证短债,中证短债指数,2002-12-31,100.0,中证系列指数,4810,197.20,0.11,固定收益,,人民币,否,否,无,综合债,2008-11-12
H11016,中证50债,中证50债券指数,2007-12-31,100.0,中证系列指数,50,205.97,0.19,固定收益,,人民币,否,否,无,综合债,2010-10-15
H11017,中期国债,中证金边中期国债指数,2007-12-31,100.0,中证系列指数,32,213.55,0.25,固定收益,,人民币,否,否,无,利率债,2011-03-21
H11019,中证企债100,中证企业债100指数,2007-12-31,100.0,中证系列指数,100,218.91,0.17,固定收益,,人民币,否,否,无,信用债,2011-07-19
H11020,中证基金,中证开放式基金指数,2002-12-31,1000.0,中证系列指数,21386,8924.79,-4.82,基金,,人民币,否,否,无,-,2016-08-31
H11021,股票基金,中证股票型基金指数,2002-12-31,1000.0,中证系列指数,4159,11822.49,-10.09,基金,,人民币,否,否,无,-,2016-08-31
H11022,混合基金,中证混合型基金指数,2002-12-31,1000.0,中证系列指数,8512,13434.71,-11.61,基金,,人民币,否,否,无,-,2016-08-31
H11023,债券基金,中证债券型基金指数,2002-12-31,1000.0,中证系列指数,7292,3326.63,-0.28,基金,,人民币,否,否,无,-,2016-08-31
H11024,ETF净价,中证ETF净价指数,2005-12-30,1000.0,中证系列指数,1421,6055.42,-8.08,基金,,人民币,否,否,无,-,2016-08-31
H11025,货币基金,中证货币基金指数,2005-12-30,1000.0,中证系列指数,920,1744.09,0.08,基金,,人民币,否,否,无,-,2016-08-31
H11026,QDII基金,中证QDII基金指数,2007-12-28,1000.0,中证系列指数,445,1632.90,-3.21,基金,,人民币,否,否,无,-,2016-08-31
H11027,金牛股票,中证金牛股票型基金指数,2007-04-30,1000.0,中证系列指数,24,3795.16,-9.35,基金,,人民币,是,否,无,-,2016-08-31
H11028,金牛混合,中证金牛混合型基金指数,2007-04-30,1000.0,中证系列指数,66,3223.47,-12.07,基金,,人民币,是,否,无,-,2016-08-31
H11051,钢铁产业,中证钢铁产业指数,2008-12-31,1000.0,中证系列指数,15,518.06,-9.41,股票,,人民币,否,否,无,主题,2009-07-22
H11053,纺织产业,中证纺织产业指数,2008-12-31,1000.0,中证系列指数,9,2556.94,4.58,股票,,人民币,否,否,无,主题,2009-07-22
H11055,船舶产业,中证船舶产业指数,2008-12-31,1000.0,中证系列指数,5,1456.88,-9.02,股票,,人民币,否,否,无,主题,2009-07-22
H11058,轻工产业,中证轻工产业指数,2008-12-31,1000.0,中证系列指数,58,5345.88,1.50,股票,,人民币,否,否,无,主题,2009-07-22
H11059,工业有色,中证工业有色金属主题指数,2008-12-31,1000.0,中证系列指数,30,3565.71,-19.43,股票,,人民币,否,是,无,主题,2009-07-22
H11060,物流产业,中证物流产业指数,2008-12-31,1000.0,中证系列指数,26,1228.23,1.59,股票,,人民币,否,否,无,主题,2009-07-22
H11061,商品CFCI,中证商品期货综合指数,2004-12-31,100.0,中证系列指数,,216.39,-1.24,期货,,人民币,否,否,无,-,2010-12-28
H11062,农产CFCI,中证农产品期货综合指数,2004-12-31,100.0,中证系列指数,,165.26,1.61,期货,,人民币,否,否,无,-,2010-12-28
H11063,金属CFCI,中证金属期货综合指数,2004-12-31,100.0,中证系列指数,,305.57,-4.79,期货,,人民币,否,否,无,-,2010-12-28
H11064,化工CFCI,中证化工材料期货综合指数,2004-12-31,100.0,中证系列指数,,121.50,1.18,期货,,人民币,否,否,无,-,2010-12-28
H11065,能源CFCI,中证能源期货综合指数,2004-12-31,100.0,中证系列指数,,390.95,6.45,期货,,人民币,否,否,无,-,2010-12-28
H11066,粮食CFCI,中证粮食期货综合指数,2004-12-31,100.0,中证系列指数,,215.35,3.13,期货,,人民币,否,否,无,-,2010-12-28
H11067,工金CFCI,中证工业金属期货综合指数,2004-12-31,100.0,中证系列指数,,249.86,-2.39,期货,,人民币,否,否,无,-,2010-12-28
H11068,纺织CFCI,中证纺织材料期货综合指数,2004-12-31,100.0,中证系列指数,,114.00,0.12,期货,,人民币,否,否,无,-,2010-12-28
H11069,油脂CFCI,中证油脂期货综合指数,2006-12-29,100.0,中证系列指数,,141.46,2.54,期货,,人民币,否,否,无,-,2010-12-28
H11070,中证短融50,中证短融50指数,2007-12-31,100.0,中证系列指数,50,165.75,0.09,固定收益,,人民币,否,否,无,信用债,2011-09-13
H11071,中证1-10国债,中证1-10年国债指数,2007-12-31,100.0,中证系列指数,47,202.49,0.19,固定收益,,人民币,否,否,无,利率债,2012-03-20
H11072,中证中票50,中证中票50指数,2008-12-31,100.0,中证系列指数,50,188.91,0.17,固定收益,,人民币,否,否,无,信用债,2012-05-24
H11073,中证信用,中证信用债指数,2007-12-31,100.0,中证系列指数,7410,217.45,0.23,固定收益,,人民币,否,否,无,信用债,2012-10-16
H11074,中期企债,中证中期企业债指数,2007-12-31,100.0,中证系列指数,3175,240.41,0.21,固定收益,,人民币,否,否,无,信用债,2012-10-16
H11075,长期国债,中证长期国债指数,2007-12-31,100.0,中证系列指数,14,224.92,0.25,固定收益,,人民币,否,否,无,利率债,2012-10-23
H11076,中期综合,中证中期综合债指数,2007-12-31,100.0,中证系列指数,100,218.82,0.15,固定收益,,人民币,否,否,无,综合债,2012-11-26
H11078,中高信用,中证中高等级信用债指数,2007-12-31,100.0,中证系列指数,17440,215.11,0.19,固定收益,,人民币,否,否,无,信用债,2013-02-05
H11079,中低信用,中证中低等级信用债指数,2008-12-31,100.0,中证系列指数,5054,203.72,0.16,固定收益,,人民币,否,否,无,信用债,2013-02-05
H11087,GSZ AAA,中证公司债AAA指数,2008-12-31,100.0,中证系列指数,3124,209.14,0.23,固定收益,,人民币,否,否,无,信用债,2013-05-03
H11088,GSZ AA+,中证公司债AA+指数,2009-12-31,100.0,中证系列指数,98,235.49,0.20,固定收益,,人民币,否,否,无,信用债,2013-05-03
H11089,GSZ AA,中证公司债AA指数,2009-12-31,100.0,中证系列指数,3,271.11,-0.18,固定收益,,人民币,否,否,无,信用债,2013-05-03
H11090,GSZ 1-3,中证公司债1-3年指数,2009-12-31,100.0,中证系列指数,3102,210.39,0.19,固定收益,,人民币,否,否,无,信用债,2013-05-03
H11091,GSZ 3-5,中证公司债3-5年指数,2008-12-31,100.0,中证系列指数,1788,229.23,0.23,固定收益,,人民币,否,否,无,信用债,2013-05-03
H11092,GSZ 5-7,中证公司债5-7年指数,2009-12-31,100.0,中证系列指数,191,236.70,0.43,固定收益,,人民币,否,否,无,信用债,2013-05-03
H11093,GSZ 7-10,中证公司债7-10年指数,2008-12-31,100.0,中证系列指数,481,226.60,0.29,固定收益,,人民币,否,否,无,信用债,2013-05-03
H11094,中票L50,中证中票流动性50指数,2008-12-31,100.0,中证系列指数,50,188.90,0.18,固定收益,,人民币,否,否,无,信用债,2013-05-16
H11096,中期信用L100,中证中期信用债流动性100指数,2007-12-31,100.0,中证系列指数,51,296.26,0.24,固定收益,,人民币,否,否,无,信用债,2013-07-04
H11097,中期中高收益L,中证中期中高收益信用债流动性指数,2008-12-31,100.0,中证系列指数,52,279.20,0.21,固定收益,,人民币,否,否,无,信用债,2013-07-04
H11099,短期国债,中证短期国债指数,2007-12-31,100.0,中证系列指数,29,187.46,0.15,固定收益,,人民币,否,否,无,利率债,2013-08-20
H11102,非港内地,中证海外（不含香港）内地股指数,2004-12-31,1000.0,中证系列指数,30,2880.03,4.70,股票,,人民币,否,否,无,主题,2008-11-10
H11104,海外内地,中证海外内地股指数,2004-12-31,1000.0,中证系列指数,69,2748.31,2.85,股票,,人民币,否,否,无,主题,2008-11-10
H11105,非台海外,中证海外股（不含台湾）指数,2004-12-31,1000.0,中证系列指数,116,1993.73,3.13,股票,,人民币,否,否,无,规模,2008-11-10
H11106,非台华股,中证华股（不含台湾）指数,2004-12-31,1000.0,中证系列指数,416,2103.30,-3.67,股票,,人民币,否,否,无,规模,2008-11-10
H11108,两岸三地,中证两岸三地500指数,2004-12-31,1000.0,中证系列指数,500,2571.35,-5.98,股票,,人民币,否,否,无,规模,2010-01-18
H11113,中国低碳,中国低碳指数,2006-12-31,1000.0,中证系列指数,40,5999.30,-13.64,股票,绿色,人民币,否,否,无,主题,2011-02-16
H11134,中证中国东盟180,中证中国东盟180指数,2004-12-31,1000.0,中证系列指数,180,2337.65,-5.21,股票,,人民币,否,否,无,规模,2011-08-12
H11136,中国互联网,中证海外中国互联网指数,2007-06-29,1000.0,中证系列指数,34,4000.08,5.08,股票,,人民币,否,是,IOSCO,主题,2011-09-20
H11156,中国可选消费,中证海外中国可选消费指数,2007-06-29,1000.0,中证系列指数,109,1278.03,4.58,股票,,人民币,否,否,无,行业,2012-02-08
H11158,中国主要消费,中证海外中国主要消费指数,2007-06-29,1000.0,中证系列指数,34,539.59,6.29,股票,,人民币,否,否,无,行业,2012-02-08
H11160,中国五年规划,中证海外中国五年规划指数,2007-06-29,679.999,中证系列指数,434,1439.34,2.57,股票,,人民币,否,否,无,主题,2012-04-23
H11162,中国城市化,中证海外中国城市化指数,2007-06-29,1000.0,中证系列指数,248,913.86,-3.08,股票,,人民币,否,否,无,主题,2012-04-23
H11167,HK300本地,中证香港300本地股指数,2004-12-31,1000.0,中证系列指数,41,1641.25,2.66,股票,,港元,否,否,无,规模,2012-10-16
H11172,HK300V,中证香港300价值指数,2004-12-31,1000.0,中证系列指数,100,3499.52,-0.72,股票,,港元,否,否,无,风格,2012-10-16
H11173,HK300G,中证香港300成长指数,2004-12-31,1000.0,中证系列指数,100,1994.55,1.82,股票,,港元,否,否,无,风格,2012-10-16
H11174,HK300RV,中证香港300相对价值指数,2004-12-31,1000.0,中证系列指数,215,2431.65,0.50,股票,,港元,否,否,无,风格,2012-10-16
H11175,HK300RG,中证香港300相对成长指数,2004-12-31,1000.0,中证系列指数,216,2018.34,2.03,股票,,港元,否,否,无,风格,2012-10-16
H11180,合成期权,中证股债动态合成期权策略指数,2004-12-31,1000.0,中证系列指数,2,9609.43,-5.64,多资产,低风险,人民币,否,否,无,策略,2012-10-16
H11181,金砖国家,中证金砖国家60指数,2005-12-30,1000.0,中证系列指数,60,1152.14,-4.22,股票,,人民币,否,否,无,规模,2012-10-16
H11183,金砖(HK),中证金砖国家(香港)60指数,2005-12-30,1000.0,中证系列指数,60,1232.02,0.71,股票,,人民币,否,否,无,规模,2012-10-16
H11185,3年中高信用,中证3年期中高等级信用债指数,2008-12-31,100.0,中证系列指数,15235,215.16,0.18,固定收益,,人民币,否,否,无,信用债,2013-11-01
H30001,环渤海,中证环渤海龙头企业指数,2004-12-31,1000.0,中证系列指数,69,3567.45,3.53,股票,区域,人民币,否,否,无,主题,2012-09-27
H30002,长三角,中证长三角龙头企业指数,2004-12-31,1000.0,中证系列指数,69,3650.64,1.44,股票,区域,人民币,否,否,无,主题,2012-09-27
H30004,中部崛起,中证中部崛起龙头企业指数,2004-12-31,1000.0,中证系列指数,66,3857.66,-11.32,股票,区域,人民币,否,否,无,主题,2012-09-27
H30005,西部开发,中证西部大开发龙头企业指数,2004-12-31,1000.0,中证系列指数,64,7228.11,-2.68,股票,区域,人民币,否,否,无,主题,2012-09-27
H30006,东北振兴,中证东北振兴龙头企业指数,2004-12-31,1000.0,中证系列指数,52,3469.62,-4.58,股票,区域,人民币,否,否,无,主题,2012-09-27
H30008,商品LCFI,中证商品期货活跃成份指数,2009-03-31,100.0,中证系列指数,6,246.37,-2.19,期货,,人民币,否,否,无,,2012-11-27
H30009,商品CFI,中证商品期货成份指数,2009-03-31,100.0,中证系列指数,15,276.41,-4.42,期货,,人民币,否,否,无,,2012-11-27
H30011,800材料主题,中证800原材料主题指数,2004-12-31,1000.0,中证系列指数,101,3902.94,-14.75,股票,,人民币,否,否,无,主题,2012-12-21
H30012,800资本品,中证800资本品指数,2004-12-31,1000.0,中证系列指数,153,4847.96,-14.54,股票,,人民币,否,否,无,主题,2012-12-21
H30013,800商业,中证800商业服务与用品指数,2004-12-31,1000.0,中证系列指数,8,4670.25,-23.34,股票,,人民币,否,否,IOSCO,行业,2012-12-21
H30014,800运输,中证800运输指数,2004-12-31,1000.0,中证系列指数,35,1369.71,0.35,股票,,人民币,否,否,IOSCO,行业,2012-12-21
H30016,800耐用,中证800耐用消费品指数,2004-12-31,1000.0,中证系列指数,15,7548.13,-5.38,股票,,人民币,否,否,IOSCO,行业,2012-12-21
H30017,800服务,中证800消费者服务指数,2004-12-31,1000.0,中证系列指数,2,4710.75,-3.74,股票,,人民币,否,否,IOSCO,行业,2012-12-21
H30018,800传媒,中证800传媒指数,2004-12-31,1000.0,中证系列指数,20,2397.00,-2.71,股票,,人民币,否,否,IOSCO,行业,2012-12-21
H30019,800零售,中证800零售业指数,2004-12-31,1000.0,中证系列指数,3,733.31,-0.05,股票,,人民币,否,否,IOSCO,行业,2012-12-21
H30020,800食品,中证800食品饮料指数,2004-12-31,1000.0,中证系列指数,23,4867.44,6.64,股票,,人民币,否,否,IOSCO,行业,2012-12-21
H30023,800资本,中证800资本市场指数,2004-12-31,1000.0,中证系列指数,46,6094.26,6.17,股票,,人民币,否,否,IOSCO,行业,2012-12-21
H30024,800保险,中证800保险指数,2007-12-31,1000.0,中证系列指数,5,858.70,8.90,股票,,人民币,否,否,IOSCO,行业,2012-12-21
H30034,300有色,沪深300有色金属指数,2004-12-31,1000.0,中证系列指数,18,7748.75,-15.44,股票,,人民币,否,否,IOSCO,行业,2012-12-21
H30069,农产CFI,中证农产品期货成份指数,2009-03-31,100.0,中证系列指数,10,195.26,1.00,期货,,人民币,否,否,无,,2013-02-21
H30070,工金CFI,中证工业金属期货成份指数,2009-03-31,100.0,中证系列指数,13,413.61,-2.34,期货,,人民币,否,否,无,,2013-02-21
H30071,能化CFI,中证能源化工期货成份指数,2009-03-31,100.0,中证系列指数,22,212.32,-1.02,期货,,人民币,否,否,无,,2013-02-21
H30072,贵金CFI,中证贵金属期货成份指数,2009-03-31,100.0,中证系列指数,2,318.52,-11.34,期货,,人民币,否,否,无,,2013-02-21
H30073,红利回报,中证红利回报指数,2004-12-31,1000.0,中证系列指数,50,7670.89,1.16,股票,红利/高股息,人民币,否,否,无,策略,2013-03-27
H30074,中证服务,中证服务业指数,2004-12-31,1000.0,中证系列指数,300,3427.85,-0.73,股票,,人民币,否,否,无,主题,2013-03-26
H30075,300期指,沪深300指数期货指数,2010-04-16,3431.2,中证系列指数,1,7082.35,-6.99,期货,,人民币,否,否,无,,2013-04-03
H30076,期指两倍,沪深300指数期货两倍杠杆指数,2010-04-16,3431.2,中证系列指数,1,6640.74,-14.00,期货,,人民币,否,否,无,策略,2013-04-03
H30077,期指反向,沪深300指数期货反向指数,2010-04-16,3431.2,中证系列指数,1,761.46,6.91,期货,,人民币,否,否,无,策略,2013-04-03
H30078,期指反两,沪深300指数期货反向两倍杠杆指数,2010-04-16,3431.2,中证系列指数,1,77.25,13.68,期货,,人民币,否,否,无,策略,2013-04-03
H30079,300信服,沪深300信息服务指数,2004-12-31,1000.0,中证系列指数,72,4312.98,-17.84,股票,,人民币,否,否,无,主题,2013-05-09
H30080,300消服,沪深300消费品与服务指数,2004-12-31,1000.0,中证系列指数,5,7787.27,4.31,股票,,人民币,否,否,无,主题,2013-05-09
H30081,300公运,沪深300公用事业与运输指数,2004-12-31,1000.0,中证系列指数,31,1470.74,2.37,股票,,人民币,否,否,无,主题,2013-05-09
H30084,300反两,沪深300反向两倍杠杆指数,2009-06-30,3000.0,中证系列指数,300,107.92,16.32,股票,,人民币,否,否,无,策略,2013-04-03
H30087,500动态,中证500动态指数,2004-12-31,1000.0,中证系列指数,250,4826.59,-20.03,股票,Smart Beta,人民币,否,否,无,策略,2013-05-09
H30088,500稳定,中证500稳定指数,2004-12-31,1000.0,中证系列指数,250,11373.42,-5.10,股票,低风险,人民币,否,否,无,策略,2013-05-09
H30090,能源红利,中证能源红利指数,2005-12-30,1000.0,中证系列指数,15,5539.59,4.45,股票,红利/高股息,人民币,否,否,无,策略,2013-07-02
H30091,材料红利,中证原材料红利指数,2005-12-30,1000.0,中证系列指数,49,8529.21,-10.51,股票,红利/高股息,人民币,否,否,无,策略,2013-07-02
H30092,工业红利,中证工业红利指数,2005-12-30,1000.0,中证系列指数,50,10241.40,0.22,股票,红利/高股息,人民币,否,否,无,策略,2013-07-02
H30093,可选红利,中证可选消费红利指数,2005-12-30,1000.0,中证系列指数,50,12626.07,-4.57,股票,红利/高股息,人民币,否,否,无,策略,2013-07-02
H30095,医药红利,中证医药卫生红利指数,2005-12-30,1000.0,中证系列指数,50,14605.33,7.44,股票,红利/高股息,人民币,否,否,无,策略,2013-07-02
H30096,金融红利,中证金融红利指数,2005-12-30,1000.0,中证系列指数,24,7832.19,4.15,股票,红利/高股息,人民币,否,否,无,策略,2013-07-02
H30097,信息红利,中证信息技术红利指数,2005-12-30,1000.0,中证系列指数,50,40875.46,-26.12,股票,红利/高股息,人民币,否,否,无,策略,2013-07-02
H30098,通信红利,中证通信服务红利指数,2005-12-30,1000.0,中证系列指数,50,12870.53,-6.94,股票,红利/高股息,人民币,否,否,无,策略,2013-07-02
H30099,公用红利,中证公用事业红利指数,2005-12-30,1000.0,中证系列指数,29,4407.74,0.62,股票,红利/高股息,人民币,否,否,无,策略,2013-07-02
H30100,港股通上游资源,中证港股通上游资源指数,2004-12-31,1000.0,中证系列指数,38,3295.17,-6.74,股票,,港元,否,否,无,主题,2013-05-21
H30101,H300中游,中证香港300中游指数,2004-12-31,1000.0,中证系列指数,56,1398.17,-17.22,股票,,港元,否,否,无,主题,2013-05-21
H30102,H300下游,中证香港300下游指数,2004-12-31,1000.0,中证系列指数,144,1940.21,5.06,股票,,港元,否,否,无,主题,2013-05-21
H30103,H300周期,中证香港300周期指数,2004-12-31,1000.0,中证系列指数,102,1684.73,0.61,股票,,港元,否,否,无,主题,2013-05-21
H30104,H300非周期,中证香港300非周期指数,2004-12-31,1000.0,中证系列指数,198,2582.48,1.86,股票,,港元,否,否,无,主题,2013-05-21
H30105,H300地产,中证香港300地产指数,2004-12-31,1000.0,中证系列指数,23,1070.54,5.72,股票,,港元,否,否,无,行业,2013-05-21
H30106,港股通金融服务,中证港股通金融服务指数,2004-12-31,1000.0,中证系列指数,34,1555.10,0.16,股票,,港元,否,是,无,主题,2013-05-21
H30107,H300现代服务,中证香港300现代服务指数,2004-12-31,1000.0,中证系列指数,148,1714.66,3.22,股票,,港元,否,否,无,主题,2013-05-21
H30109,H300消费,中证香港300消费指数,2004-12-31,1000.0,中证系列指数,80,2163.13,5.02,股票,,港元,否,否,无,主题,2013-05-21
H30131,中国消费,中证海外中国消费指数,2007-06-29,1000.0,中证系列指数,143,1273.29,4.73,股票,,人民币,否,否,无,主题,2013-06-05
H30133,金砖DR,中证金砖国家60DR指数,2005-12-30,1000.0,中证系列指数,60,1445.78,-3.92,股票,,人民币,否,否,无,规模,2013-07-12
H30135,金砖DR（HK）,中证金砖国家（香港）60DR指数,2005-12-30,1000.0,中证系列指数,60,1464.39,2.41,股票,,人民币,否,否,无,规模,2013-07-12
H30137,中证城镇,中证城镇化指数,2012-06-29,1000.0,中证系列指数,250,1868.78,-10.19,股票,,人民币,否,否,无,主题,2013-08-26
H30138,智慧城镇,中证智慧城镇指数,2012-06-29,1000.0,中证系列指数,100,2666.28,-12.07,股票,,人民币,否,否,无,主题,2013-08-26
H30139,绿色城镇,中证绿色城镇指数,2012-06-29,1000.0,中证系列指数,100,2200.64,-18.87,股票,绿色,人民币,否,否,无,主题,2013-08-26
H30140,城镇交通,中证城镇交通指数,2012-06-29,1000.0,中证系列指数,100,2339.07,-15.49,股票,,人民币,否,否,无,主题,2013-08-26
H30141,智能交通,中证智能交通指数,2012-06-29,1000.0,中证系列指数,50,2610.68,-7.29,股票,,人民币,否,否,无,主题,2013-08-26
H30142,城镇消费,中证城镇消费指数,2012-06-29,1000.0,中证系列指数,100,1977.82,0.92,股票,,人民币,否,否,无,主题,2013-08-26
H30143,新基建,中证新型基础设施建设主题指数,2014-12-31,1000.0,中证系列指数,100,2764.13,-18.50,股票,,人民币,否,否,无,主题,2013-08-26
H30164,汽车汽配,中证全指乘用车及零部件指数,2004-12-31,1000.0,中证系列指数,229,6820.00,-12.74,股票,,人民币,否,否,IOSCO,行业,2013-07-15
H30166,机械制造,中证全指机械制造指数,2004-12-31,1000.0,中证系列指数,516,8338.83,-20.84,股票,,人民币,否,否,IOSCO,行业,2013-07-15
H30169,资本品,中证全指资本品指数,2004-12-31,1000.0,中证系列指数,1099,5947.34,-19.77,股票,,人民币,否,否,无,主题,2013-07-15
H30170,商业指数,中证全指商业服务与商业用品指数,2004-12-31,1000.0,中证系列指数,78,7835.83,-22.52,股票,,人民币,否,否,IOSCO,行业,2013-07-15
H30171,运输指数,中证全指运输指数,2004-12-31,1000.0,中证系列指数,92,1474.74,-0.20,股票,,人民币,否,是,IOSCO,行业,2013-07-15
H30172,耐用服装,中证全指耐用消费品与服装指数,2004-12-31,1000.0,中证系列指数,192,5420.22,-7.56,股票,,人民币,否,否,无,主题,2013-07-15
H30173,消费者,中证全指消费者服务指数,2004-12-31,1000.0,中证系列指数,42,4320.41,-5.31,股票,,人民币,否,否,IOSCO,行业,2013-07-15
H30174,媒体指数,中证全指媒体指数,2004-12-31,1000.0,中证系列指数,89,2252.83,-5.91,股票,,人民币,否,否,IOSCO,行业,2013-07-15
H30175,零售指数,中证全指零售业指数,2004-12-31,1000.0,中证系列指数,50,1970.38,-2.77,股票,,人民币,否,否,IOSCO,行业,2013-07-15
H30176,食药零售,中证全指食品与主要用品零售指数,2004-12-31,1000.0,中证系列指数,64,8204.93,0.39,股票,,人民币,否,否,无,主题,2013-07-15
H30177,全指食品,中证全指食品、饮料与烟草指数,2004-12-31,1000.0,中证系列指数,97,9883.14,3.76,股票,,人民币,否,否,IOSCO,行业,2013-07-15
H30179,制药生物,中证全指医药指数,2004-12-31,1000.0,中证系列指数,229,9236.40,13.23,股票,,人民币,否,否,IOSCO,行业,2013-07-15
H30182,计算机,中证全指计算机指数,2004-12-31,1000.0,中证系列指数,187,5678.92,-10.79,股票,,人民币,否,是,IOSCO,行业,2013-07-15
H30183,电子,中证全指电子指数,2004-12-31,1000.0,中证系列指数,255,9998.25,-27.50,股票,,人民币,否,否,IOSCO,行业,2013-07-15
H30186,保险指数,中证全指保险指数,2007-06-29,1000.0,中证系列指数,5,1236.01,8.90,股票,,人民币,否,否,IOSCO,行业,2013-07-15
H30187,全指化工,中证全指化工指数,2004-12-31,1000.0,中证系列指数,303,4880.63,-14.35,股票,,人民币,否,否,IOSCO,行业,2013-07-15
H30190,电子设备,中证全指电子设备指数,2004-12-31,1000.0,中证系列指数,236,11919.64,-28.84,股票,,人民币,否,否,无,主题,2013-07-15
H30192,食品,中证全指食品指数,2004-12-31,1000.0,中证系列指数,77,5087.75,2.08,股票,,人民币,否,是,IOSCO,行业,2013-07-15
H30193,纺织服装,中证全指纺织服装指数,2004-12-31,1000.0,中证系列指数,61,2292.01,-7.25,股票,,人民币,否,否,IOSCO,行业,2013-07-15
H30195,建筑工程,中证全指建筑与工程指数,2004-12-31,1000.0,中证系列指数,81,3394.84,-7.20,股票,,人民币,否,否,IOSCO,行业,2013-07-15
H30196,耐用消费品,中证全指耐用消费品指数,2004-12-31,1000.0,中证系列指数,119,7585.51,-8.84,股票,,人民币,否,否,IOSCO,行业,2013-07-15
H30197,一般零售,中证全指一般零售指数,2004-12-31,1000.0,中证系列指数,34,2734.02,-1.56,股票,,人民币,否,否,IOSCO,行业,2013-07-15
H30198,油气产业,中证油气产业指数,2004-12-31,1000.0,中证系列指数,60,2275.97,-5.06,股票,,人民币,否,是,无,行业,2013-07-15
H30199,电力指数,中证全指电力公用事业指数,2004-12-31,1000.0,中证系列指数,59,2995.13,-2.69,股票,,人民币,否,是,IOSCO,行业,2013-07-15
H30200,交通设施,中证全指交通基本设施指数,2004-12-31,1000.0,中证系列指数,40,1952.36,3.63,股票,,人民币,否,否,IOSCO,行业,2013-07-15
H30201,贸易商,中证全指贸易商指数,2004-12-31,1000.0,中证系列指数,35,5684.32,-28.22,股票,,人民币,否,否,IOSCO,行业,2013-07-15
H30203,信息服务,中证全指信息技术服务指数,2004-12-31,1000.0,中证系列指数,75,3237.02,-13.95,股票,,人民币,否,否,IOSCO,行业,2013-07-15
H30204,休闲服务,中证全指休闲服务指数,2004-12-31,1000.0,中证系列指数,33,5561.69,-5.11,股票,,人民币,否,否,IOSCO,行业,2013-07-15
H30205,饮料指数,中证饮料主题指数,2004-12-31,1000.0,中证系列指数,41,17927.69,3.19,股票,,人民币,否,否,IOSCO,行业,2013-07-15
H30206,纸类林业,中证全指纸类与林业产品指数,2004-12-31,1000.0,中证系列指数,15,2623.35,-10.14,股票,,人民币,否,否,IOSCO,行业,2013-07-15
H30207,电脑设备,中证全指电脑与外围设备指数,2004-12-31,1000.0,中证系列指数,23,13503.57,-12.61,股票,,人民币,否,否,IOSCO,行业,2013-07-15
H30208,专营零售,中证全指专营零售指数,2004-12-31,1000.0,中证系列指数,12,4761.88,-4.79,股票,,人民币,否,否,IOSCO,行业,2013-07-15
H30209,建筑产品,中证全指建筑产品指数,2004-12-31,1000.0,中证系列指数,45,3705.98,-16.95,股票,,人民币,否,否,IOSCO,行业,2013-07-15
H30211,资本市场,中证全指资本市场指数,2007-06-29,1000.0,中证系列指数,50,773.43,5.82,股票,,人民币,否,否,IOSCO,行业,2013-07-15
H30213,CS航空航天,中证航空航天指数,2004-12-31,1000.0,中证系列指数,50,8474.29,-15.54,股票,,人民币,否,否,IOSCO,主题,2013-07-15
H30214,油气开采服务,中证全指油气开采与油田服务指数,2004-12-31,1000.0,中证系列指数,19,5815.45,-4.67,股票,,人民币,否,否,IOSCO,行业,2013-07-15
H30215,休闲用品,中证全指休闲设备与用品指数,2004-12-31,1000.0,中证系列指数,21,2744.80,-10.87,股票,,人民币,否,否,IOSCO,行业,2013-07-15
H30216,航运指数,中证全指航运指数,2004-12-31,1000.0,中证系列指数,18,2847.99,-7.47,股票,,人民币,否,否,IOSCO,行业,2013-07-15
H30218,水务指数,中证全指水公用事业指数,2004-12-31,1000.0,中证系列指数,15,2085.82,-3.57,股票,,人民币,否,否,IOSCO,行业,2013-07-15
H30219,容器包装,中证全指容器与包装指数,2004-12-31,1000.0,中证系列指数,50,2462.80,-20.63,股票,,人民币,否,否,IOSCO,行业,2013-07-15
H30220,文化娱乐,中证全指文化娱乐指数,2004-12-31,1000.0,中证系列指数,59,4493.47,-0.16,股票,,人民币,否,否,IOSCO,行业,2013-07-15
H30221,复合公用,中证全指复合型公用事业指数,2004-12-31,1000.0,中证系列指数,18,3942.65,-16.92,股票,,人民币,否,否,IOSCO,行业,2013-07-15
H30222,运输业,中证全指运输业指数,2004-12-31,1000.0,中证系列指数,56,2446.44,-1.41,股票,,人民币,否,否,IOSCO,行业,2013-07-15
H30223,航空运输,中证全指航空运输指数,2004-12-31,1000.0,中证系列指数,10,1105.61,-6.51,股票,,人民币,否,否,IOSCO,行业,2013-07-15
H30224,粮油CFI,中证粮油期货成份指数,2009-03-31,100.0,中证系列指数,8,233.47,1.79,期货,,人民币,否,否,无,,2013-08-15
H30225,有色CFI,中证有色金属期货成份指数,2009-03-31,100.0,中证系列指数,8,364.81,-3.33,期货,,人民币,否,否,无,,2013-08-15
H30226,化工CFI,中证化工材料期货成份指数,2009-03-31,100.0,中证系列指数,17,143.78,-1.65,期货,,人民币,否,否,无,,2013-08-15
H30227,工业CFI,中证工业品期货成份指数,2009-03-31,100.0,中证系列指数,34,305.43,-1.78,期货,,人民币,否,否,无,,2013-08-15
H30228,商品OCFI,中证优化展期商品期货成份指数,2009-03-31,100.0,中证系列指数,6,471.56,-1.89,期货,,人民币,否,否,无,,2013-08-15
H30230,H300LV,中证香港300低波动指数,2005-12-30,1000.0,中证系列指数,100,2131.83,1.72,股票,低风险,港元,否,否,无,策略,2013-10-15
H30231,H300LB,中证香港300低贝塔指数,2005-12-30,1000.0,中证系列指数,100,1693.87,0.40,股票,低风险,港元,否,否,无,策略,2013-10-15
H30232,H300HB,中证香港300高贝塔指数,2005-12-30,1000.0,中证系列指数,100,961.78,-7.55,股票,Smart Beta,港元,否,否,无,策略,2013-10-15
H30233,H300稳定,中证香港300稳定指数,2005-12-30,1000.0,中证系列指数,150,2261.70,4.29,股票,低风险,港元,否,否,无,策略,2013-10-15
H30234,H300动态,中证香港300动态指数,2005-12-30,1000.0,中证系列指数,150,1702.54,-2.23,股票,Smart Beta,港元,否,否,无,策略,2013-10-15
H30235,H300CNLV,中证香港300内地低波动指数,2005-12-30,1000.0,中证系列指数,50,3963.47,-0.20,股票,低风险,港元,否,否,无,策略,2013-10-15
H30236,H300CNLB,中证香港300内地低贝塔指数,2005-12-30,1000.0,中证系列指数,50,3178.99,-0.12,股票,低风险,港元,否,否,无,策略,2013-10-15
H30237,H300CNHB,中证香港300内地高贝塔指数,2005-12-30,1000.0,中证系列指数,50,900.51,-8.28,股票,Smart Beta,港元,否,否,无,策略,2013-10-15
H30238,HK100EW,中证香港100等权重指数,2005-12-30,1000.0,中证系列指数,100,1454.24,1.53,股票,,港元,否,否,无,策略,2013-10-15
H30239,HKCN50EW,中证香港内地股等权重指数,2005-12-30,1000.0,中证系列指数,50,2241.09,2.10,股票,,港元,否,否,无,策略,2013-10-15
H30250,500能源,中证500能源指数,2004-12-31,1000.0,中证系列指数,16,7797.27,0.94,股票,,人民币,否,否,IOSCO,行业,2013-11-06
H30253,500可选,中证500可选消费指数,2004-12-31,1000.0,中证系列指数,39,3722.92,-12.09,股票,,人民币,否,否,IOSCO,行业,2013-11-06
H30254,500消费,中证500主要消费指数,2004-12-31,1000.0,中证系列指数,20,7334.95,-1.14,股票,,人民币,否,否,IOSCO,行业,2013-11-06
H30256,500金融地产,中证500金融地产指数,2004-12-31,1000.0,中证系列指数,40,2855.48,3.97,股票,,人民币,否,否,无,主题,2013-11-06
H30258,500通信,中证500通信服务指数,2004-12-31,1000.0,中证系列指数,31,7305.38,-27.99,股票,,人民币,否,否,IOSCO,行业,2013-11-06
H30259,500公用,中证500公用事业指数,2004-12-31,1000.0,中证系列指数,24,3286.58,-8.06,股票,,人民币,否,否,IOSCO,行业,2013-11-06
H30260,300动量,沪深300动量指数,2004-12-31,1000.0,中证系列指数,100,5710.11,-17.15,股票,Smart Beta,人民币,否,否,无,策略,2013-11-21
H30261,300ERC,沪深300等风险加权指数,2004-12-31,1000.0,中证系列指数,299,5411.32,1.77,股票,低风险,人民币,否,否,无,策略,2013-11-21
H30267,高收益债ETFs,中证海外高收益债券ETF指数,2011-12-30,1000.0,中证系列指数,34,887.08,-0.42,基金,,美元,否,否,无,,2013-12-18
H30270,红利价值,中证红利价值指数,2005-12-30,1000.0,中证系列指数,50,9352.17,2.08,股票,红利/高股息,人民币,否,是,无,策略,2013-12-19
H30322,股债RP,中证股债风险平价指数,2005-12-31,1000.0,中证系列指数,4,2594.02,-0.15,多资产,低风险,人民币,否,否,无,策略,2014-06-09
H30324,H300银行,中证香港300银行指数,2004-12-31,1000.0,中证系列指数,12,1490.74,1.47,股票,,港元,否,否,无,主题,2014-05-21
H30325,H300运输,中证香港300运输指数,2004-12-31,1000.0,中证系列指数,13,1157.34,7.12,股票,,港元,否,否,无,主题,2014-05-21
H30326,港股通资源产业,中证港股通资源产业指数,2004-12-31,1000.0,中证系列指数,50,3299.70,-7.55,股票,,港元,否,否,无,主题,2014-05-21
H30327,H300基建,中证香港300基建指数,2004-12-31,1000.0,中证系列指数,24,1830.24,0.29,股票,,港元,否,否,无,主题,2014-05-21
H30328,H300物流,中证香港300物流指数,2004-12-31,1000.0,中证系列指数,13,1202.72,7.12,股票,,港元,否,否,无,主题,2014-05-21
H30329,H300休闲,中证香港300休闲指数,2004-12-31,1000.0,中证系列指数,28,2423.98,1.32,股票,,港元,否,否,无,主题,2014-05-21
H30330,HK 细分龙头,中证香港300细分行业龙头指数,2004-12-31,1000.0,中证系列指数,61,2497.10,1.54,股票,,港元,否,否,无,主题,2014-05-21
H30331,HK 行业龙头,中证香港300行业龙头指数,2004-12-31,1000.0,中证系列指数,33,2102.81,1.45,股票,,港元,否,否,无,主题,2014-05-21
H30345,300波控1,沪深300波动率控制20%指数,2004-12-31,1000.0,中证系列指数,2,4935.33,-7.18,多资产,低风险,人民币,否,否,无,策略,2014-07-08
H30346,300波控2,沪深300波动率控制10%指数,2004-12-31,1000.0,中证系列指数,2,3704.55,-3.43,多资产,低风险,人民币,否,否,无,策略,2014-07-08
H30347,500波控1,中证500波动率控制25%指数,2004-12-31,1000.0,中证系列指数,2,7338.32,-12.12,多资产,低风险,人民币,否,否,无,策略,2014-07-08
H30348,500波控2,中证500波动率控制15%指数,2004-12-31,1000.0,中证系列指数,2,4948.02,-6.92,多资产,低风险,人民币,否,否,无,策略,2014-07-08
H30350,辽宁股交中心市场发展指数,中证辽宁股交中心市场发展指数,2013-12-31,1000.0,中证系列指数,,19799.72,0.33,其他,,人民币,否,否,无,,2014-04-25
H30351,500成长,中证500成长指数,2004-12-31,1000.0,中证系列指数,100,7682.13,-16.04,股票,,人民币,否,否,无,风格,2014-06-09
H30352,500价值,中证500价值指数,2004-12-31,1000.0,中证系列指数,150,9945.61,-2.03,股票,,人民币,否,是,无,风格,2014-06-09
H30353,500R成长,中证500相对成长指数,2004-12-31,1000.0,中证系列指数,252,6629.62,-20.02,股票,,人民币,否,否,无,风格,2014-06-09
H30354,500R价值,中证500相对价值指数,2004-12-31,1000.0,中证系列指数,372,8762.52,-8.27,股票,,人民币,否,否,无,风格,2014-06-09
H30355,800成长,中证800成长指数,2004-12-31,1000.0,中证系列指数,150,6875.25,-15.57,股票,,人民币,否,否,无,风格,2014-06-09
H30356,800价值,中证800价值指数,2004-12-31,1000.0,中证系列指数,250,6271.93,3.15,股票,,人民币,否,是,无,风格,2014-06-09
H30357,800R成长,中证800相对成长指数,2004-12-31,1000.0,中证系列指数,470,4706.95,-16.53,股票,,人民币,否,否,无,风格,2014-06-09
H30358,800R价值,中证800相对价值指数,2004-12-31,1000.0,中证系列指数,574,5536.38,-0.11,股票,,人民币,否,否,无,风格,2014-06-09
H30366,高息策略,中证高股息策略指数,2004-12-31,1000.0,中证系列指数,80,5227.02,4.64,股票,红利/高股息,人民币,否,是,无,策略,2014-07-21
H30368,中证高新,中证高新技术企业指数,2014-06-30,1000.0,中证系列指数,100,3749.49,-14.17,股票,,人民币,否,否,无,主题,2014-07-17
H30374,中国内地全指,中证中国内地企业全球综合指数,2004-12-31,1000.0,中证系列指数,5592,4023.46,-9.69,股票,,人民币,否,否,无,规模,2014-07-31
H30375,CN能源综合,中证中国内地企业全球能源综合指数,2004-12-31,1000.0,中证系列指数,83,2142.07,-1.08,股票,,人民币,否,否,无,行业,2014-07-31
H30376,CN材料综合,中证中国内地企业全球原材料综合指数,2004-12-31,1000.0,中证系列指数,726,4363.12,-16.63,股票,,人民币,否,否,无,行业,2014-07-31
H30377,CN工业综合,中证中国内地企业全球工业综合指数,2004-12-31,1000.0,中证系列指数,1691,2672.66,-16.41,股票,,人民币,否,否,无,行业,2014-07-31
H30378,CN可选综合,中证中国内地企业全球可选消费综合指数,2004-12-31,1000.0,中证系列指数,749,4189.37,-0.67,股票,,人民币,否,否,无,行业,2014-07-31
H30379,CN消费综合,中证中国内地企业全球主要消费综合指数,2004-12-31,1000.0,中证系列指数,290,6891.25,2.59,股票,,人民币,否,否,无,行业,2014-07-31
H30380,CN医药综合,中证中国内地企业全球医药卫生综合指数,2004-12-31,1000.0,中证系列指数,512,7270.67,8.57,股票,,人民币,否,否,无,行业,2014-07-31
H30381,CN金融综合,中证中国内地企业全球金融综合指数,2004-12-31,1000.0,中证系列指数,170,3963.08,0.96,股票,,人民币,否,否,无,行业,2014-07-31
H30382,CN信息综合,中证中国内地企业全球信息技术综合指数,2004-12-31,1000.0,中证系列指数,786,9254.54,-17.76,股票,,人民币,否,否,无,行业,2014-07-31
H30383,CN通信综合,中证中国内地企业全球通信服务综合指数,2004-12-31,1000.0,中证系列指数,318,2555.97,-12.16,股票,,人民币,否,否,无,行业,2014-07-31
H30384,CN公用综合,中证中国内地企业全球公用事业综合指数,2004-12-31,1000.0,中证系列指数,164,2554.79,-5.34,股票,,人民币,否,否,无,行业,2014-07-31
H30396,高等级短融,中证高等级短融指数,2007-12-31,100.0,中证系列指数,1206,187.80,0.11,固定收益,,人民币,否,否,无,信用债,2014-11-05
H30398,高等级短融对冲,中证高等级短融美元对冲指数,2010-12-31,110.097,中证系列指数,1,162.54,0.31,固定收益,,美元,否,否,无,信用债,2014-11-05
H30401,300股息点,沪深300股息点指数,2004-12-31,0.0,中证系列指数,300,74.18,,其他,,人民币,否,否,无,-,2014-09-25
H30402,500股息点,中证500股息点指数,2004-12-31,0.0,中证系列指数,500,72.01,,其他,,人民币,否,否,无,-,2014-09-25
H30405,300美元对冲,沪深300美元对冲指数,2010-12-31,3128.261,中证系列指数,300,4104.46,-8.18,股票,,美元,否,否,无,策略,2014-11-03
H30406,500美元对冲,中证500美元对冲指数,2010-12-31,4936.716,中证系列指数,500,6773.25,-13.24,股票,,美元,否,否,无,策略,2014-11-03
H30418,香港100动量,中证香港100动量指数,2005-12-30,1000.0,中证系列指数,40,2712.38,1.20,股票,Smart Beta,港元,否,否,无,策略,2014-10-24
H30419,香港200动量,中证香港200动量指数,2005-12-30,1000.0,中证系列指数,80,3401.97,-11.72,股票,Smart Beta,港元,否,否,无,策略,2014-10-24
H30420,香港50ERC,中证香港50等风险贡献指数,2005-12-30,1000.0,中证系列指数,49,1673.59,1.84,股票,低风险,港元,否,否,无,策略,2014-10-24
H30421,香港100ERC,中证香港100等风险贡献指数,2005-12-30,1000.0,中证系列指数,99,1669.21,1.95,股票,低风险,港元,否,否,无,策略,2014-10-24
H30422,香港50EW,中证香港50等权重指数,2005-12-30,1000.0,中证系列指数,50,1500.59,1.48,股票,,港元,否,否,无,策略,2014-10-24
H30439,1000能源,中证1000能源指数,2004-12-31,1000.0,中证系列指数,14,511.53,0.79,股票,,人民币,否,否,IOSCO,行业,2014-10-17
H30440,1000材料,中证1000原材料指数,2004-12-31,1000.0,中证系列指数,146,7639.08,-23.98,股票,,人民币,否,否,IOSCO,行业,2014-10-17
H30441,1000工业,中证1000工业指数,2004-12-31,1000.0,中证系列指数,288,5942.47,-23.09,股票,,人民币,否,否,IOSCO,行业,2014-10-17
H30442,1000可选,中证1000可选消费指数,2004-12-31,1000.0,中证系列指数,95,3796.19,-15.45,股票,,人民币,否,否,IOSCO,行业,2014-10-17
H30443,1000消费,中证1000主要消费指数,2004-12-31,1000.0,中证系列指数,46,6891.12,-1.41,股票,,人民币,否,否,IOSCO,行业,2014-10-17
H30444,1000医药,中证1000医药卫生指数,2004-12-31,1000.0,中证系列指数,100,10979.10,5.85,股票,,人民币,否,否,IOSCO,行业,2014-10-17
H30445,1000金融,中证1000金融指数,2004-12-31,1000.0,中证系列指数,27,4200.64,1.72,股票,,人民币,否,否,IOSCO,行业,2014-10-17
H30446,1000信息,中证1000信息技术指数,2004-12-31,1000.0,中证系列指数,166,12377.13,-30.12,股票,,人民币,否,否,IOSCO,行业,2014-10-17
H30447,1000通信,中证1000通信服务指数,2004-12-31,1000.0,中证系列指数,71,5559.45,-18.09,股票,,人民币,否,否,IOSCO,行业,2014-10-17
H30448,1000公用,中证1000公用事业指数,2004-12-31,1000.0,中证系列指数,34,3512.43,-11.50,股票,,人民币,否,否,IOSCO,行业,2014-10-17
H30449,红利波控1,中证红利波动率控制20%指数,2005-12-30,1000.0,中证系列指数,2,6037.31,-0.60,多资产,低风险,人民币,否,否,无,策略,2014-11-19
H30450,红利波控2,中证红利波动率控制10%指数,2005-12-30,1000.0,中证系列指数,2,4040.91,-1.62,多资产,低风险,人民币,否,否,无,策略,2014-11-19
H30454,1000美元对冲,中证1000美元对冲指数,2010-12-31,5155.555,中证系列指数,1000,6468.19,-18.14,股票,,美元,否,否,无,策略,2014-11-03
H30456,沪港深通中小,中证沪港深互联互通中小综合指数,2004-12-31,1000.0,中证系列指数,3328,3896.80,-15.49,股票,互联互通,人民币,否,否,无,规模,2014-11-28
H30457,沪港深通综合,中证沪港深互联互通综合指数,2004-12-31,1000.0,中证系列指数,3837,2350.29,-8.63,股票,互联互通,人民币,否,否,无,规模,2014-11-28
H30458,沪港深500能源,中证沪港深500能源指数,2004-12-31,1000.0,中证系列指数,17,2430.22,-0.31,股票,互联互通,人民币,否,否,无,行业,2014-11-28
H30459,沪港深500材料,中证沪港深500原材料指数,2004-12-31,1000.0,中证系列指数,50,2700.20,-12.39,股票,互联互通,人民币,否,否,无,行业,2014-11-28
H30460,沪港深500工业,中证沪港深500工业指数,2004-12-31,1000.0,中证系列指数,100,1548.25,-11.15,股票,互联互通,人民币,否,否,无,行业,2014-11-28
H30461,沪港深500可选,中证沪港深500可选消费指数,2004-12-31,1000.0,中证系列指数,50,2983.91,4.29,股票,互联互通,人民币,否,否,无,行业,2014-11-28
H30462,沪港深500消费,中证沪港深500主要消费指数,2004-12-31,1000.0,中证系列指数,27,7402.50,5.58,股票,互联互通,人民币,否,否,无,行业,2014-11-28
H30463,沪港深500医药,中证沪港深500医药卫生指数,2004-12-31,1000.0,中证系列指数,36,7373.12,12.82,股票,互联互通,人民币,否,是,无,行业,2014-11-28
H30464,沪港深500金融,中证沪港深500金融指数,2004-12-31,1000.0,中证系列指数,77,2333.00,1.78,股票,互联互通,人民币,否,否,无,行业,2014-11-28
H30465,沪港深500信息,中证沪港深500信息技术指数,2004-12-31,1000.0,中证系列指数,75,7433.39,-14.63,股票,互联互通,人民币,否,否,无,行业,2014-11-28
H30466,沪港深500通信,中证沪港深500通信服务指数,2004-12-31,1000.0,中证系列指数,28,3032.69,-12.63,股票,互联互通,人民币,否,否,无,行业,2014-11-28
H30467,沪港深500公用,中证沪港深500公用事业指数,2004-12-31,1000.0,中证系列指数,24,1757.85,1.10,股票,互联互通,人民币,否,否,无,行业,2014-11-28
H30468,沪港深通中小能源综合,中证沪港深互联互通中小综合能源指数,2004-12-31,1000.0,中证系列指数,50,2324.31,-4.78,股票,互联互通,人民币,否,否,无,行业,2014-11-28
H30469,沪港深通中小材料综合,中证沪港深互联互通中小综合原材料指数,2004-12-31,1000.0,中证系列指数,416,5400.02,-19.43,股票,互联互通,人民币,否,否,无,行业,2014-11-28
H30470,沪港深通中小工业综合,中证沪港深互联互通中小综合工业指数,2004-12-31,1000.0,中证系列指数,921,3205.75,-19.48,股票,互联互通,人民币,否,否,无,行业,2014-11-28
H30471,沪港深通中小可选综合,中证沪港深互联互通中小综合可选消费指数,2004-12-31,1000.0,中证系列指数,408,2245.40,-11.88,股票,互联互通,人民币,否,否,无,行业,2014-11-28
H30472,沪港深通中小消费综合,中证沪港深互联互通中小综合主要消费指数,2004-12-31,1000.0,中证系列指数,168,4512.83,-1.51,股票,互联互通,人民币,否,否,无,行业,2014-11-28
H30473,沪港深通中小医药综合,中证沪港深互联互通中小综合医药卫生指数,2004-12-31,1000.0,中证系列指数,359,5560.89,6.09,股票,互联互通,人民币,否,否,无,行业,2014-11-28
H30474,沪港深通中小金融综合,中证沪港深互联互通中小综合金融指数,2004-12-31,1000.0,中证系列指数,99,1853.45,0.66,股票,互联互通,人民币,否,否,无,行业,2014-11-28
H30475,沪港深通中小信息综合,中证沪港深互联互通中小综合信息技术指数,2004-12-31,1000.0,中证系列指数,504,5675.55,-21.17,股票,互联互通,人民币,否,否,无,行业,2014-11-28
H30476,沪港深通中小通信综合,中证沪港深互联互通中小综合通信服务指数,2004-12-31,1000.0,中证系列指数,207,3313.63,-21.44,股票,互联互通,人民币,否,否,无,行业,2014-11-28
H30477,沪港深通中小公用综合,中证沪港深互联互通中小综合公用事业指数,2004-12-31,1000.0,中证系列指数,113,3990.95,-10.68,股票,互联互通,人民币,否,否,无,行业,2014-11-28
H30478,沪港深通能源综合,中证沪港深互联互通综合能源指数,2004-12-31,1000.0,中证系列指数,67,2157.62,-1.14,股票,互联互通,人民币,否,否,无,行业,2014-11-28
H30479,沪港深通材料综合,中证沪港深互联互通综合原材料指数,2004-12-31,1000.0,中证系列指数,466,3514.08,-16.40,股票,互联互通,人民币,否,否,无,行业,2014-11-28
H30480,沪港深通工业综合,中证沪港深互联互通综合工业指数,2004-12-31,1000.0,中证系列指数,1021,1943.19,-15.85,股票,互联互通,人民币,否,否,无,行业,2014-11-28
H30481,沪港深通可选综合,中证沪港深互联互通综合可选消费指数,2004-12-31,1000.0,中证系列指数,459,2553.58,-1.69,股票,互联互通,人民币,否,否,无,行业,2014-11-28
H30482,沪港深通消费综合,中证沪港深互联互通综合主要消费指数,2004-12-31,1000.0,中证系列指数,195,7930.81,2.75,股票,互联互通,人民币,否,否,无,行业,2014-11-28
H30483,沪港深通医药综合,中证沪港深互联互通综合医药卫生指数,2004-12-31,1000.0,中证系列指数,397,6534.48,9.10,股票,互联互通,人民币,否,否,无,行业,2014-11-28
H30484,沪港深通金融综合,中证沪港深互联互通综合金融指数,2004-12-31,1000.0,中证系列指数,178,1659.95,1.75,股票,互联互通,人民币,否,否,无,行业,2014-11-28
H30485,沪港深通信息综合,中证沪港深互联互通综合信息技术指数,2004-12-31,1000.0,中证系列指数,583,11502.56,-17.64,股票,互联互通,人民币,否,否,无,行业,2014-11-28
H30486,沪港深通通信综合,中证沪港深互联互通综合通信服务指数,2004-12-31,1000.0,中证系列指数,235,2821.07,-15.75,股票,互联互通,人民币,否,否,无,行业,2014-11-28
H30487,沪港深通公用综合,中证沪港深互联互通综合公用事业指数,2004-12-31,1000.0,中证系列指数,137,1829.17,-4.11,股票,互联互通,人民币,否,否,无,行业,2014-11-28
H30521,中证中票100,中证中票100指数,2008-12-31,100.0,中证系列指数,100,215.30,0.15,固定收益,,人民币,是,否,无,信用债,2014-11-25
H30524,500ERC,中证500等风险加权指数,2004-12-31,1000.0,中证系列指数,496,9092.01,-7.58,股票,低风险,人民币,否,否,无,策略,2015-01-06
H30525,300SER,沪深300行业等风险加权指数,2004-12-31,1000.0,中证系列指数,299,6703.28,1.92,股票,低风险,人民币,否,否,无,策略,2015-01-06
H30526,500SER,中证500行业等风险加权指数,2004-12-31,1000.0,中证系列指数,496,9216.85,-3.19,股票,低风险,人民币,否,否,无,策略,2015-01-06
H30527,商品短期,中证商品期货短期期限成份指数,2009-03-31,100.0,中证系列指数,15,311.89,-4.32,期货,,人民币,否,否,无,,2014-12-31
H30528,商品中期,中证商品期货中期期限成份指数,2009-03-31,100.0,中证系列指数,15,263.21,-4.34,期货,,人民币,否,否,无,,2014-12-31
H30529,农产短期,中证农产品期货短期期限成份指数,2009-03-31,100.0,中证系列指数,10,202.67,1.00,期货,,人民币,否,否,无,,2014-12-31
H30530,农产中期,中证农产品期货中期期限成份指数,2009-03-31,100.0,中证系列指数,10,181.11,1.15,期货,,人民币,否,否,无,,2014-12-31
H30532,资源优选,中证资源优选指数,2004-12-31,1000.0,中证系列指数,200,3134.30,-14.36,股票,,人民币,否,否,无,主题,2014-12-18
H30544,沪港深通上游,中证沪港深互联互通上游指数,2004-12-31,1000.0,中证系列指数,221,3652.98,-14.09,股票,互联互通,人民币,否,否,无,主题,2015-03-13
H30545,沪港深通中游,中证沪港深互联互通中游指数,2004-12-31,1000.0,中证系列指数,1713,3952.40,-19.00,股票,互联互通,人民币,否,否,无,主题,2015-03-13
H30546,沪港深通下游,中证沪港深互联互通下游指数,2004-12-31,1000.0,中证系列指数,1386,3516.93,1.86,股票,互联互通,人民币,否,否,无,主题,2015-03-13
H30547,沪港深通周期,中证沪港深互联互通周期指数,2004-12-31,1000.0,中证系列指数,989,2159.93,-4.13,股票,互联互通,人民币,否,否,无,主题,2015-03-13
H30548,沪港深通非周期,中证沪港深互联互通非周期指数,2004-12-31,1000.0,中证系列指数,2839,3651.91,-10.82,股票,互联互通,人民币,否,否,无,主题,2015-03-13
H30550,沪港深通金融服务,中证沪港深互联互通金融服务指数,2004-12-31,1000.0,中证系列指数,176,2669.93,1.76,股票,互联互通,人民币,否,否,无,主题,2015-03-13
H30551,沪港深通现代服务,中证沪港深互联互通现代服务指数,2004-12-31,1000.0,中证系列指数,1197,1919.19,0.61,股票,互联互通,人民币,否,否,无,主题,2015-03-13
H30554,沪港深通信息产业,中证沪港深互联互通信息产业指数,2004-12-31,1000.0,中证系列指数,828,5372.07,-14.32,股票,互联互通,人民币,否,否,无,主题,2015-03-13
H30555,沪港深通银行,中证沪港深互联互通银行指数,2004-12-31,1000.0,中证系列指数,64,3068.90,1.13,股票,互联互通,人民币,否,否,无,主题,2015-03-13
H30556,沪港深通运输,中证沪港深互联互通运输指数,2004-12-31,1000.0,中证系列指数,130,1065.13,0.02,股票,互联互通,人民币,否,否,无,主题,2015-03-13
H30557,沪港深通资源,中证沪港深互联互通资源指数,2004-12-31,1000.0,中证系列指数,205,3944.54,-13.99,股票,互联互通,人民币,否,否,无,主题,2015-03-13
H30558,沪港深通基建,中证沪港深互联互通基建指数,2004-12-31,1000.0,中证系列指数,295,1421.10,-3.71,股票,互联互通,人民币,否,否,无,主题,2015-03-13
H30559,沪港深通物流,中证沪港深互联互通物流指数,2004-12-31,1000.0,中证系列指数,127,659.65,0.07,股票,互联互通,人民币,否,否,无,主题,2015-03-13
H30560,沪港深通休闲,中证沪港深互联互通休闲指数,2004-12-31,1000.0,中证系列指数,185,5437.46,-0.16,股票,互联互通,人民币,否,否,无,主题,2015-03-13
H30561,沪港深500上游,中证沪港深500上游指数,2004-12-31,1000.0,中证系列指数,47,2899.43,-9.52,股票,互联互通,人民币,否,否,无,主题,2015-03-13
H30562,沪港深500中游,中证沪港深500中游指数,2004-12-31,1000.0,中证系列指数,165,3312.35,-16.54,股票,互联互通,人民币,否,否,无,主题,2015-03-13
H30563,沪港深500下游,中证沪港深500下游指数,2004-12-31,1000.0,中证系列指数,166,3905.38,5.18,股票,互联互通,人民币,否,否,无,主题,2015-03-13
H30564,沪港深500周期,中证沪港深500周期指数,2004-12-31,1000.0,中证系列指数,195,2028.36,-0.87,股票,互联互通,人民币,否,否,无,主题,2015-03-13
H30565,沪港深500非周期,中证沪港深500非周期指数,2004-12-31,1000.0,中证系列指数,305,4111.43,-6.57,股票,互联互通,人民币,否,否,无,主题,2015-03-13
L11150,CN80能源,中证海外内地股能源指数,2004-12-31,1000.0,中证系列指数,4,2318.31,2.22,股票,,人民币,否,否,无,行业,2009-06-16
L11151,CN80材料,中证海外内地股原材料指数,2004-12-31,1000.0,中证系列指数,2,519.09,-6.56,股票,,人民币,否,否,无,行业,2009-06-16
L11152,CN80工业,中证海外内地股工业指数,2004-12-31,1000.0,中证系列指数,4,461.51,7.92,股票,,人民币,否,否,无,行业,2009-06-16
L11153,CN80可选,中证海外内地股可选消费指数,2004-12-31,1000.0,中证系列指数,21,3334.16,6.19,股票,,人民币,否,否,无,行业,2009-06-16
L11154,CN80消费,中证海外内地股主要消费指数,2004-12-31,1000.0,中证系列指数,3,1329.40,3.24,股票,,人民币,否,否,无,行业,2009-06-16
L11155,CN80医药,中证海外内地股医药卫生指数,2004-12-31,1000.0,中证系列指数,7,1718.13,14.62,股票,,人民币,否,否,无,行业,2009-06-16
L11156,CN80金融,中证海外内地股金融指数,2004-12-31,1000.0,中证系列指数,10,2797.80,-1.88,股票,,人民币,否,否,无,行业,2009-06-16
L11157,CN80信息,中证海外内地股信息技术指数,2004-12-31,1000.0,中证系列指数,3,9448.20,-1.73,股票,,人民币,否,否,无,行业,2009-06-16
L11158,CN80通信,中证海外内地股通信服务指数,2004-12-31,1000.0,中证系列指数,10,1438.55,2.84,股票,,人民币,否,否,无,行业,2009-06-16
L11159,CN80公用,中证海外内地股公用事业指数,2004-12-31,1000.0,中证系列指数,2,772.25,0.13,股票,,人民币,否,否,无,行业,2009-06-16
L11160,C130能源,中证海外股（不含台湾）能源指数,2004-12-31,1000.0,中证系列指数,4,2529.23,2.22,股票,,人民币,否,否,无,行业,2009-06-16
L11161,C130材料,中证海外股(不含台湾)原材料指数,2004-12-31,1000.0,中证系列指数,3,649.88,-6.92,股票,,人民币,否,否,无,行业,2009-06-16
L11162,C130工业,中证海外股（不含台湾）工业指数,2004-12-31,1000.0,中证系列指数,11,335.17,5.12,股票,,人民币,否,否,无,行业,2009-06-16
L11163,C130可选,中证海外股（不含台湾）可选消费指数,2004-12-31,1000.0,中证系列指数,29,2160.85,5.93,股票,,人民币,否,否,无,行业,2009-06-16
L11164,C130消费,中证海外股（不含台湾）主要消费指数,2004-12-31,1000.0,中证系列指数,8,1461.46,4.37,股票,,人民币,否,否,无,行业,2009-06-16
L11165,C130医药,中证海外股（不含台湾）医药卫生指数,2004-12-31,1000.0,中证系列指数,10,1671.78,13.32,股票,,人民币,否,否,无,行业,2009-06-16
L11166,C130金融,中证海外股（不含台湾）金融指数,2004-12-31,1000.0,中证系列指数,16,2157.54,1.35,股票,,人民币,否,否,无,行业,2009-06-16
L11167,C130信息,中证海外股（不含台湾）信息技术指数,2004-12-31,1000.0,中证系列指数,7,9445.82,-5.28,股票,,人民币,否,否,无,行业,2009-06-16
L11168,C130通信,中证海外股（不含台湾）通信服务指数,2004-12-31,1000.0,中证系列指数,12,1290.57,3.20,股票,,人民币,否,否,无,行业,2009-06-16
L11169,C130公用,中证海外股（不含台湾）公用事业指数,2004-12-31,1000.0,中证系列指数,6,1080.43,3.23,股票,,人民币,否,否,无,行业,2009-06-16
L11170,C430能源,中证华股（不含台湾）能源指数,2004-12-31,1000.0,中证系列指数,12,2083.81,0.51,股票,,人民币,否,否,无,行业,2009-06-16
L11171,C430材料,中证华股（不含台湾）原材料指数,2004-12-31,1000.0,中证系列指数,37,2596.80,-12.77,股票,,人民币,否,否,无,行业,2009-06-16
L11172,C430工业,中证华股（不含台湾）工业指数,2004-12-31,1000.0,中证系列指数,79,1101.84,-9.74,股票,,人民币,否,否,无,行业,2009-06-16
L11173,C430可选,中证华股（不含台湾）可选消费指数,2004-12-31,1000.0,中证系列指数,45,3226.16,5.02,股票,,人民币,否,否,无,行业,2009-06-16
L11174,C430消费,中证华股（不含台湾）主要消费指数,2004-12-31,1000.0,中证系列指数,24,9692.15,4.63,股票,,人民币,否,否,无,行业,2009-06-16
L11175,C430医药,中证华股（不含台湾）医药卫生指数,2004-12-31,1000.0,中证系列指数,29,6613.64,12.13,股票,,人民币,否,否,无,行业,2009-06-16
L11176,C430金融,中证华股（不含台湾）金融指数,2004-12-31,1000.0,中证系列指数,67,1695.29,2.04,股票,,人民币,否,否,无,行业,2009-06-16
L11177,C430信息,中证华股（不含台湾）信息技术指数,2004-12-31,1000.0,中证系列指数,60,8226.39,-14.42,股票,,人民币,否,否,无,行业,2009-06-16
L11178,C430通信,中证华股（不含台湾）通信服务指数,2004-12-31,1000.0,中证系列指数,31,1970.91,-7.81,股票,,人民币,否,否,无,行业,2009-06-16
L11179,C430公用,中证华股（不含台湾）公用事业指数,2004-12-31,1000.0,中证系列指数,19,1472.65,1.72,股票,,人民币,否,否,无,行业,2009-06-16
L11180,H100能源,中证香港100能源指数,2004-12-31,1000.0,中证系列指数,4,3046.91,2.13,股票,,港元,否,否,无,行业,2009-06-16
L11181,H100材料,中证香港100原材料指数,2004-12-31,1000.0,中证系列指数,3,906.08,-7.00,股票,,港元,否,否,无,行业,2009-06-16
L11182,H100工业,中证香港100工业指数,2004-12-31,1000.0,中证系列指数,8,173.69,4.11,股票,,港元,否,否,无,行业,2009-06-16
L11183,H100可选,中证香港100可选消费指数,2004-12-31,1000.0,中证系列指数,22,1493.44,5.80,股票,,港元,否,否,无,行业,2009-06-16
L11184,H100消费,中证香港100主要消费指数,2004-12-31,1000.0,中证系列指数,7,2439.78,4.26,股票,,港元,否,否,无,行业,2009-06-16
L11185,H100医药,中证香港100医药卫生指数,2004-12-31,1000.0,中证系列指数,9,1007.11,12.72,股票,,港元,否,否,无,行业,2009-06-16
L11186,H100金融,中证香港100金融指数,2004-12-31,1000.0,中证系列指数,15,2772.88,1.20,股票,,港元,否,否,无,行业,2009-06-16
L11187,H100信息,中证香港100信息技术指数,2004-12-31,1000.0,中证系列指数,7,26512.52,-5.37,股票,,港元,否,否,无,行业,2009-06-16
L11188,H100通信,中证香港100通信服务指数,2004-12-31,1000.0,中证系列指数,9,1558.63,2.76,股票,,港元,否,否,无,行业,2009-06-16
L11189,H100公用,中证香港100公用事业指数,2004-12-31,1000.0,中证系列指数,6,1325.72,3.14,股票,,港元,否,否,无,行业,2009-06-16
L11220,H300能源,中证香港300能源指数,2004-12-31,1000.0,中证系列指数,10,3027.60,0.82,股票,,港元,否,否,无,行业,2012-07-20
L11221,H300材料,中证香港300原材料指数,2004-12-31,1000.0,中证系列指数,21,3038.62,-12.84,股票,,港元,否,否,无,行业,2012-07-20
L11222,H300工业,中证香港300工业指数,2004-12-31,1000.0,中证系列指数,37,828.51,-3.58,股票,,港元,否,否,无,行业,2012-07-20
L11223,H300可选,中证香港300可选消费指数,2004-12-31,1000.0,中证系列指数,60,2222.97,5.11,股票,,港元,否,否,无,行业,2012-07-20
L11224,H300消费,中证香港300主要消费指数,2004-12-31,1000.0,中证系列指数,20,2161.37,3.94,股票,,港元,否,否,无,行业,2012-07-20
L11227,H300信息,中证香港300信息技术指数,2004-12-31,1000.0,中证系列指数,24,17877.24,-12.32,股票,,港元,否,否,无,行业,2012-07-20
L11228,H300通信,中证香港300通信服务指数,2004-12-31,1000.0,中证系列指数,20,1379.39,-1.88,股票,,港元,否,否,无,行业,2012-07-20
L11229,H300公用,中证香港300公用事业指数,2004-12-31,1000.0,中证系列指数,15,1600.69,0.81,股票,,港元,否,否,无,行业,2012-07-20
L11501,300能源(二级),沪深300能源(二级行业)指数,2004-12-31,1000.0,中证系列指数,8,2356.75,-1.44,股票,,人民币,否,否,IOSCO,行业,2009-06-16
L11502,300化工,沪深300化工指数,2004-12-31,1000.0,中证系列指数,10,2739.14,-5.26,股票,,人民币,否,否,IOSCO,行业,2009-06-16
L11503,300资本品,沪深300资本品指数,2004-12-31,1000.0,中证系列指数,49,3978.62,-12.80,股票,,人民币,否,否,无,主题,2009-06-16
L11506,300汽车,沪深300汽车与零部件指数,2004-12-31,1000.0,中证系列指数,11,7492.46,0.19,股票,,人民币,否,否,IOSCO,行业,2009-06-16
L11507,300耐用与服装,沪深300耐用消费品与服装指数,2004-12-31,1000.0,中证系列指数,4,11860.34,4.11,股票,,人民币,否,否,无,主题,2009-06-16
L11509,300媒体,沪深300媒体(二级行业)指数,2004-12-31,1000.0,中证系列指数,6,662.69,3.52,股票,,人民币,否,否,IOSCO,行业,2009-06-16
L11510,300零售,沪深300零售业指数,2004-12-31,1000.0,中证系列指数,1,536.55,-4.39,股票,,人民币,否,否,IOSCO,行业,2009-06-16
L11512,300食品饮料,沪深300食品饮料指数,2004-12-31,1000.0,中证系列指数,13,18063.11,3.04,股票,,人民币,否,否,IOSCO,行业,2009-06-16
L11515,300制药生物,沪深300制药与生物科技指数,2004-12-31,1000.0,中证系列指数,12,8392.02,12.95,股票,,人民币,否,否,IOSCO,行业,2009-06-16
L11518,300保险,沪深300保险(二级行业)指数,2007-12-31,1000.0,中证系列指数,5,873.67,8.90,股票,,人民币,否,否,IOSCO,行业,2009-06-16
L11520,300计算机,沪深300计算机指数,2004-12-31,1000.0,中证系列指数,9,1068.24,-4.20,股票,,人民币,否,否,IOSCO,行业,2009-06-16
L11521,300电子,沪深300电子指数,2004-12-31,1000.0,中证系列指数,24,5561.71,-19.20,股票,,人民币,否,否,IOSCO,行业,2009-06-16
L11525,300公用(二级),沪深300公用事业(二级行业)指数,2004-12-31,1000.0,中证系列指数,13,2475.53,1.01,股票,,人民币,否,否,IOSCO,行业,2009-06-16
L11604,300建材,沪深300建材指数,2004-12-31,1000.0,中证系列指数,1,4761.85,-0.51,股票,,人民币,否,否,IOSCO,行业,2009-06-16
L11606,300金属与采矿,沪深300金属与采矿指数,2004-12-31,1000.0,中证系列指数,23,3555.20,-16.02,股票,,人民币,否,否,IOSCO,行业,2009-06-16
L11608,300国防,沪深300航天国防指数,2004-12-31,1000.0,中证系列指数,8,7105.44,-13.83,股票,,人民币,否,否,IOSCO,行业,2009-06-16
L11610,300建筑工程,沪深300建筑工程指数,2004-12-31,1000.0,中证系列指数,9,2979.92,-2.84,股票,,人民币,否,否,IOSCO,行业,2009-06-16
L11613,300机械,沪深300机械制造指数,2004-12-31,1000.0,中证系列指数,13,6140.27,-10.98,股票,,人民币,否,否,IOSCO,行业,2009-06-16
L11617,300航空运输,沪深300航空运输指数,2004-12-31,1000.0,中证系列指数,6,1028.80,-6.74,股票,,人民币,否,否,IOSCO,行业,2009-06-16
L11618,300运输业,沪深300运输业指数,2004-12-31,1000.0,中证系列指数,13,3371.57,-2.38,股票,,人民币,否,否,IOSCO,行业,2009-06-16
L11620,300交通设施,沪深300交通设施指数,2004-12-31,1000.0,中证系列指数,5,1046.42,1.50,股票,,人民币,否,否,IOSCO,行业,2009-06-16
L11621,300汽车配件,沪深300汽车零配件指数,2004-12-31,1000.0,中证系列指数,5,5586.63,0.40,股票,,人民币,否,否,IOSCO,行业,2009-06-16
L11623,300耐用消费品,沪深300耐用消费品指数,2004-12-31,1000.0,中证系列指数,4,15915.83,4.11,股票,,人民币,否,否,IOSCO,行业,2009-06-16
L11628,300文化娱乐,沪深300文化娱乐指数,2004-12-31,1000.0,中证系列指数,3,437.80,7.50,股票,,人民币,否,否,IOSCO,行业,2009-06-16
L11630,300多元零售,沪深300多元化零售指数,2004-12-31,1000.0,中证系列指数,1,2737.95,0.00,股票,,人民币,否,否,IOSCO,行业,2009-06-16
L11631,300专营零售,沪深300专营零售指数,2005-12-30,1000.0,中证系列指数,1,1277.71,0.00,股票,,人民币,否,否,IOSCO,行业,2009-06-16
L11634,300食品,沪深300食品指数,2004-12-31,1000.0,中证系列指数,4,6880.98,8.14,股票,,人民币,否,否,IOSCO,行业,2009-06-16
L11640,300制药,沪深300制药指数,2004-12-31,1000.0,中证系列指数,9,11139.18,11.38,股票,,人民币,否,否,无,主题,2009-06-16
L11641,300商业银行,沪深300商业银行指数,2004-12-31,1000.0,中证系列指数,24,6668.16,1.80,股票,,人民币,否,否,IOSCO,行业,2009-06-16
L11642,300综合金融服务,沪深300综合金融服务指数,2004-12-31,1000.0,中证系列指数,1,3458.19,-7.39,股票,,人民币,否,否,IOSCO,行业,2009-06-16
L11643,300证券公司,沪深300证券公司指数,2005-12-31,1000.0,中证系列指数,21,505.82,4.12,股票,,人民币,否,否,IOSCO,行业,2009-06-16
L11644,300保险(三级),沪深300保险(三级行业)指数,2007-12-31,1000.0,中证系列指数,5,832.60,3.78,股票,,人民币,否,否,IOSCO,行业,2009-06-16
L11649,300电脑,沪深300电脑指数,2004-12-31,1000.0,中证系列指数,4,5799.19,-10.30,股票,,人民币,否,否,IOSCO,行业,2009-06-16
L11655,300电力,沪深300电力指数,2004-12-31,1000.0,中证系列指数,12,2535.48,1.03,股票,,人民币,否,否,IOSCO,行业,2009-06-16
SHHKSI,沪港精明,中证恒生沪港通AH股精明指数,2014-04-09,5000.0,中证系列指数,,11147.59,1.47,股票,互联互通,人民币,否,否,无,策略,2014-11-17
